Original Name,Cleaned Name,Normalized (OLD),Normalized (NEW),Match OLD,Match NEW,Type OLD,Type NEW,Matched OLD,Matched NEW,Improvement,Partial Match,Similarity Score,Partial Matched Name,Partial Match Type
005,005,005,005,1,1,main,main,005,005,SAME,0,,,
1 on 1 Government (Japan),1 on 1 Government,1on1government,1 on 1 government,1,1,main,main,1 on 1 Government,1 on 1 Government,SAME,0,,,
"10-Yard Fight (World, set 1)",10-Yard Fight,10yardfight,10 yard fight,1,1,main,main,10-Yard Fight,10-Yard Fight,SAME,0,,,
18 Holes Pro Golf (set 1),18 Holes Pro Golf,18holesprogolf,18 holes pro golf,0,0,,,,,SAME,0,,,
1942 (Revision B),1942,1942,1942,1,1,main,main,1942,1942,SAME,0,,,
1943 Kai Midway Kaisen (Japan),1943 Kai Midway Kaisen,1943kaimidwaykaisen,1943 kai midway kaisen,0,0,,,,,SAME,0,,,
1943 The Battle of Midway Mark II (US),1943 The Battle of Midway Mark II,1943thebattleofmidwaymark2,1943 the battle of midway mark ii,1,1,main,main,1943: The Battle of Midway: Mark II,1943: The Battle of Midway: Mark II,SAME,0,,,
1943: The Battle of Midway (Euro),1943: The Battle of Midway,1943thebattleofmidway,1943 the battle of midway,1,1,main,main,1943: The Battle of Midway,1943: The Battle of Midway,SAME,0,,,
"1945k III (newer, OPCX2 PCB)",1945k III,1945k3,1945k iii,1,1,main,main,1945k III,1945k III,SAME,0,,,
2 On 2 Open Ice Challenge (rev 1.21),2 On 2 Open Ice Challenge,2on2openicechallenge,2 on 2 open ice challenge,1,1,main,main,2 on 2 Open Ice Challenge,2 on 2 Open Ice Challenge,SAME,0,,,
280-ZZZAP,280-ZZZAP,280zzzap,280 zzzap,1,1,main,main,280-Zzzap,280-Zzzap,SAME,0,,,
3-D Bowling,3-D Bowling,3dbowling,3 d bowling,1,1,main,main,3-D Bowling!,3-D Bowling!,SAME,0,,,
3X3 Puzzle (Enterprise),3X3 Puzzle,3x3puzzle,3x3 puzzle,1,1,main,main,3X3 Puzzle,3X3 Puzzle,SAME,0,,,
4 En Raya (set 1),4 En Raya,4enraya,4 en raya,1,1,main,main,4 En Raya,4 En Raya,SAME,0,,,
4 Fun in 1,4 Fun in 1,4funin1,4 fun in 1,1,1,main,main,4 Fun in 1,4 Fun in 1,SAME,0,,,
4-D Warriors (315-5162),4-D Warriors,4dwarriors,4 d warriors,1,1,main,main,4-D Warriors,4-D Warriors,SAME,0,,,
64th. Street: A Detective Story (World),64th. Street: A Detective Story,64thstreetadetectivestory,64th street a detective story,1,1,main,main,64th. Street: A Detective Story,64th. Street: A Detective Story,SAME,0,,,
720 Degrees (rev 4),720 Degrees,720degrees,720 degrees,0,0,,,,,SAME,0,,,
800 Fathoms,800 Fathoms,800fathoms,800 fathoms,1,1,main,main,800 Fathoms,800 Fathoms,SAME,0,,,
'88 Games,'88 Games,88games,88 games,1,1,main,main,'88 Games,'88 Games,SAME,0,,,
'96 Flag Rally,'96 Flag Rally,96flagrally,96 flag rally,1,1,main,main,'96 Flag Rally,'96 Flag Rally,SAME,0,,,
9-Ball Shootout (set 1),9-Ball Shootout,9ballshootout,9 ball shootout,1,1,main,main,9-Ball Shootout,9-Ball Shootout,SAME,0,,,
A Day In Space (310387),A Day In Space,dayinspace,day in space,1,1,main,main,A Day in Space,A Day in Space,SAME,0,,,
"A Question of Sport (set 1, 39-960-107)",A Question of Sport,questionofsport,question of sport,1,1,main,main,A Question of Sport,A Question of Sport,SAME,0,,,
A. D. 2083,A. D. 2083,d2083,d 2083,1,1,main,main,A.D. 2083,A.D. 2083,SAME,0,,,
A.B. Cop (World) (FD1094 317-0169b),A.B. Cop,bcop,b cop,0,0,,,,,SAME,0,,,
Aaargh (Arcadia),Aaargh,aaargh,aaargh,1,1,main,main,AAARGH!,AAARGH!,SAME,0,,,
Ace,Ace,ace,ace,1,1,main,main,Ace,Ace,SAME,0,,,
Ace Attacker (FD1094 317-0059),Ace Attacker,aceattacker,ace attacker,1,1,main,main,Ace Attacker,Ace Attacker,SAME,0,,,
Acrobat Mission,Acrobat Mission,acrobatmission,acrobat mission,1,1,main,main,Acrobat Mission,Acrobat Mission,SAME,0,,,
Acrobatic Dog-Fight,Acrobatic Dog-Fight,acrobaticdogfight,acrobatic dog fight,1,1,main,main,Acrobatic Dog-Fight,Acrobatic Dog-Fight,SAME,0,,,
Act-Fancer Cybernetick Hyper Weapon (World revision 3),Act-Fancer Cybernetick Hyper Weapon,actfancercybernetickhyperweapon,act fancer cybernetick hyper weapon,1,1,main,main,Act-Fancer: Cybernetick Hyper Weapon,Act-Fancer: Cybernetick Hyper Weapon,SAME,0,,,
Action Fighter (FD1089A 317-0018),Action Fighter,actionfighter,action fighter,1,1,main,main,Action Fighter,Action Fighter,SAME,0,,,
Action Hollywood,Action Hollywood,actionhollywood,action hollywood,1,1,main,main,Action Hollywood,Action Hollywood,SAME,0,,,
Aero Fighters (World / USA + Canada / Korea / Hong Kong / Taiwan) (newer hardware),Aero Fighters,aerofighters,aero fighters,1,1,main,main,Aero Fighters,Aero Fighters,SAME,0,,,
Aero Fighters Special (USA),Aero Fighters Special,aerofightersspecial,aero fighters special,1,1,main,main,Aero Fighters Special,Aero Fighters Special,SAME,0,,,
Aeroboto,Aeroboto,aeroboto,aeroboto,1,1,main,main,Aeroboto,Aeroboto,SAME,0,,,
After Burner II,After Burner II,afterburner2,after burner ii,1,1,main,main,After Burner II,After Burner II,SAME,0,,,
Age Of Heroes - Silkroad 2 (v0.63 - 2001/02/07),Age Of Heroes - Silkroad 2,ageofheroessilkroad2,age of heroes silkroad 2,1,1,main,main,The Age of Heroes: Silkroad 2,The Age of Heroes: Silkroad 2,SAME,0,,,
"Agent Super Bond (Super Cobra conversion, encrypted)",Agent Super Bond,agentsuperbond,agent super bond,1,1,main,main,Agent Super-Bond,Agent Super-Bond,SAME,0,,,
Agress - Missile Daisenryaku (English bootleg),Agress - Missile Daisenryaku,agressmissiledaisenryaku,agress missile daisenryaku,1,1,main,main,Agress: Missile Daisenryaku,Agress: Missile Daisenryaku,SAME,0,,,
Ah Eikou no Koshien (Japan),Ah Eikou no Koshien,aheikounokoshien,ah eikou no koshien,1,1,main,main,Ah Eikou No Koshien,Ah Eikou No Koshien,SAME,0,,,
Air Assault (World),Air Assault,airassault,air assault,1,1,main,main,Air Assault,Air Assault,SAME,0,,,
Air Attack (set 1),Air Attack,airattack,air attack,1,1,main,main,Air Attack,Air Attack,SAME,0,,,
Air Buster: Trouble Specialty Raid Unit (World),Air Buster: Trouble Specialty Raid Unit,airbustertroublespecialtyraidunit,air buster trouble specialty raid unit,0,0,,,,,SAME,0,,,
"Air Combat (AC2, US)",Air Combat,aircombat,air combat,1,1,main,main,Air Combat,Air Combat,SAME,0,,,
"Air Duel (World, M82 hardware)",Air Duel,airduel,air duel,1,1,main,main,Air Duel,Air Duel,SAME,0,,,
Air Rescue (World),Air Rescue,airrescue,air rescue,1,1,main,main,Air Rescue,Air Rescue,SAME,0,,,
Airwolf,Airwolf,airwolf,airwolf,1,1,main,main,Airwolf,Airwolf,SAME,0,,,
Ajax,Ajax,ajax,ajax,1,1,main,main,Ajax,Ajax,SAME,0,,,
Akazukin (Japan),Akazukin,akazukin,akazukin,1,1,main,main,Akazukin,Akazukin,SAME,0,,,
Alcon (US),Alcon,alcon,alcon,1,1,main,main,ALCON,ALCON,SAME,0,,,
"Alex Kidd The Lost Stars (set 2, unprotected)",Alex Kidd The Lost Stars,alexkiddtheloststars,alex kidd the lost stars,1,1,main,main,Alex Kidd: The Lost Stars,Alex Kidd: The Lost Stars,SAME,0,,,
Ali Baba and 40 Thieves,Ali Baba and 40 Thieves,alibabaand40thieves,ali baba and 40 thieves,1,1,main,main,Ali Baba and 40 Thieves,Ali Baba and 40 Thieves,SAME,0,,,
Alien Arena,Alien Arena,alienarena,alien arena,1,1,main,main,Alien Arena,Alien Arena,SAME,0,,,
Alien Challenge (World),Alien Challenge,alienchallenge,alien challenge,1,1,main,main,Alien Challenge,Alien Challenge,SAME,0,,,
Alien Crush (United Amusements PC Engine),Alien Crush,aliencrush,alien crush,1,1,main,main,Alien Crush,Alien Crush,SAME,0,,,
Alien Sector,Alien Sector,aliensector,alien sector,1,1,main,main,Alien Sector,Alien Sector,SAME,0,,,
"Alien Storm (World, 3 Players) (FD1094 317-0148)",Alien Storm,alienstorm,alien storm,1,1,main,main,Alien Storm,Alien Storm,SAME,0,,,
"Alien Syndrome (set 4, System 16B, unprotected)",Alien Syndrome,aliensyndrome,alien syndrome,1,1,main,main,Alien Syndrome,Alien Syndrome,SAME,0,,,
Alien3: The Gun (World),Alien3: The Gun,alien3thegun,alien3 the gun,1,0,main,,Alien 3: The Gun,,WORSE,0,,,
Aliens (World set 1),Aliens,aliens,aliens,1,1,main,main,Aliens,Aliens,SAME,0,,,
"All American Football (rev D, 2 players)",All American Football,allamericanfootball,all american football,1,1,main,main,All American Football,All American Football,SAME,0,,,
All American Football (rev E),All American Football,allamericanfootball,all american football,1,1,main,main,All American Football,All American Football,SAME,0,,,
Alley Master,Alley Master,alleymaster,alley master,1,1,main,main,Alley Master,Alley Master,SAME,0,,,
"Alligator Hunt (World, protected)",Alligator Hunt,alligatorhunt,alligator hunt,1,1,main,main,Alligator Hunt,Alligator Hunt,SAME,0,,,
Alpha Fighter  Head On,Alpha Fighter  Head On,alphafighterheadon,alpha fighter head on,1,1,main,main,Alpha Fighter / Head On,Alpha Fighter / Head On,SAME,0,,,
Alpha Mission,Alpha Mission,alphamission,alpha mission,1,1,main,main,Alpha Mission,Alpha Mission,SAME,0,,,
Alpha One (Vision Electronics),Alpha One,alphaone,alpha one,1,1,main,main,Alpha One,Alpha One,SAME,0,,,
Alpine Ski (set 1),Alpine Ski,alpineski,alpine ski,1,1,main,main,Alpine Ski,Alpine Ski,SAME,0,,,
Altair,Altair,altair,altair,1,1,main,main,Altair,Altair,SAME,0,,,
Altered Beast (set 8) (8751 317-0078),Altered Beast,alteredbeast,altered beast,1,1,main,main,Altered Beast,Altered Beast,SAME,0,,,
Amazing Maze,Amazing Maze,amazingmaze,amazing maze,1,1,main,main,Amazing Maze,Amazing Maze,SAME,0,,,
Ambush,Ambush,ambush,ambush,1,1,main,main,Ambush,Ambush,SAME,0,,,
Ameri Darts (set 1),Ameri Darts,ameridarts,ameri darts,1,0,main,,AmeriDarts,,WORSE,0,,,
American Horseshoes (US),American Horseshoes,americanhorseshoes,american horseshoes,1,1,main,main,American Horseshoes,American Horseshoes,SAME,0,,,
American Speedway (set 1),American Speedway,americanspeedway,american speedway,1,1,main,main,American Speedway,American Speedway,SAME,0,,,
Amidar,Amidar,amidar,amidar,1,1,main,main,Amidar,Amidar,SAME,0,,,
Andromeda SS (Japan),Andromeda SS,andromedass,andromeda ss,0,0,,,,,SAME,0,,,
Angel Kids (Japan),Angel Kids,angelkids,angel kids,1,1,main,main,Angel Kids,Angel Kids,SAME,0,,,
Angler Dangler (DECO Cassette) (US),Angler Dangler,anglerdangler,angler dangler,1,1,main,main,Angler Dangler,Angler Dangler,SAME,0,,,
Animal Catch,Animal Catch,animalcatch,animal catch,1,1,main,main,Animal Catch,Animal Catch,SAME,0,,,
Anime Champ (GCA07 VER. JAA),Anime Champ,animechamp,anime champ,1,1,main,main,Anime Champ,Anime Champ,SAME,0,,,
Anteater,Anteater,anteater,anteater,1,1,main,main,Anteater,Anteater,SAME,0,,,
Apache 3 (rev F),Apache 3,apache3,apache 3,1,1,main,main,Apache 3,Apache 3,SAME,0,,,
APB - All Points Bulletin (rev 7),APB - All Points Bulletin,apballpointsbulletin,apb all points bulletin,1,1,main,main,APB: All Points Bulletin,APB: All Points Bulletin,SAME,0,,,
Appoooh,Appoooh,appoooh,appoooh,1,1,main,main,Appoooh,Appoooh,SAME,0,,,
Aqua Jack (World),Aqua Jack,aquajack,aqua jack,1,1,main,main,Aqua Jack,Aqua Jack,SAME,0,,,
Aquarium (US),Aquarium,aquarium,aquarium,1,1,main,main,Aquarium,Aquarium,SAME,0,,,
Arabian,Arabian,arabian,arabian,1,1,main,main,Arabian,Arabian,SAME,0,,,
Arabian Fight (World),Arabian Fight,arabianfight,arabian fight,1,1,main,main,Arabian Fight,Arabian Fight,SAME,0,,,
Arabian Magic (Ver 1.0O 19920706),Arabian Magic,arabianmagic,arabian magic,1,1,main,main,Arabian Magic,Arabian Magic,SAME,0,,,
Arbalester,Arbalester,arbalester,arbalester,1,1,main,main,Arbalester,Arbalester,SAME,0,,,
Arcadia (NMK),Arcadia,arcadia,arcadia,0,0,,,,,SAME,0,,,
Arch Rivals (rev 4.0 6/29/89),Arch Rivals,archrivals,arch rivals,1,1,main,main,Arch Rivals,Arch Rivals,SAME,0,,,
Area 51 (R3000),Area 51,area51,area 51,1,1,main,main,Area 51,Area 51,SAME,0,,,
Argus,Argus,argus,argus,1,1,main,main,Argus,Argus,SAME,0,,,
Ark Area,Ark Area,arkarea,ark area,1,1,main,main,Ark Area,Ark Area,SAME,0,,,
Arkanoid - Revenge of DOH (World),Arkanoid - Revenge of DOH,arkanoidrevengeofdoh,arkanoid revenge of doh,1,1,main,main,Arkanoid: Revenge of DOH,Arkanoid: Revenge of DOH,SAME,0,,,
"Arkanoid (World, older)",Arkanoid,arkanoid,arkanoid,1,1,main,main,Arkanoid,Arkanoid,SAME,0,,,
Arkanoid Returns (Ver 2.02O 1997/02/10),Arkanoid Returns,arkanoidreturns,arkanoid returns,1,1,main,main,Arkanoid Returns,Arkanoid Returns,SAME,0,,,
Arm Wrestling,Arm Wrestling,armwrestling,arm wrestling,1,1,main,main,Arm Wrestling,Arm Wrestling,SAME,0,,,
Armed F (Japan),Armed F,armedf,armed f,0,0,,,,,SAME,0,,,
Armed Police Batrider (Europe) (Fri Feb 13 1998),Armed Police Batrider,armedpolicebatrider,armed police batrider,1,1,main,main,Armed Police Batrider,Armed Police Batrider,SAME,0,,,
Armor Attack,Armor Attack,armorattack,armor attack,1,1,main,main,Armor Attack,Armor Attack,SAME,0,,,
Armored Car (set 1),Armored Car,armoredcar,armored car,1,1,main,main,Armored Car,Armored Car,SAME,0,,,
Ashura Blaster (World),Ashura Blaster,ashurablaster,ashura blaster,1,1,main,main,Ashura Blaster,Ashura Blaster,SAME,0,,,
Assault (Rev B),Assault,assault,assault,1,1,main,main,Assault,Assault,SAME,0,,,
Assault Plus (Japan),Assault Plus,assaultplus,assault plus,1,1,main,main,Assault Plus,Assault Plus,SAME,0,,,
Asterix (ver EAD),Asterix,asterix,asterix,1,1,main,main,Astérix,Astérix,SAME,0,,,
Asteroids (rev 4),Asteroids,asteroids,asteroids,1,1,main,main,Asteroids,Asteroids,SAME,0,,,
Asteroids Deluxe (rev 3),Asteroids Deluxe,asteroidsdeluxe,asteroids deluxe,1,1,main,main,Asteroids Deluxe,Asteroids Deluxe,SAME,0,,,
Astra SuperStars (J 980514 V1.002),Astra SuperStars,astrasuperstars,astra superstars,1,1,main,main,Astra Superstars,Astra Superstars,SAME,0,,,
Astro Blaster (version 3),Astro Blaster,astroblaster,astro blaster,1,1,main,main,Astro Blaster,Astro Blaster,SAME,0,,,
Astro Chase (Max-A-Flex),Astro Chase,astrochase,astro chase,1,1,main,main,Astro Chase,Astro Chase,SAME,0,,,
Astro Fantasia (DECO Cassette) (US),Astro Fantasia,astrofantasia,astro fantasia,1,1,main,main,Astro Fantasia,Astro Fantasia,SAME,0,,,
Astro Fighter (set 1),Astro Fighter,astrofighter,astro fighter,1,1,main,main,Astro Fighter,Astro Fighter,SAME,0,,,
Astro Wars,Astro Wars,astrowars,astro wars,1,1,main,main,Astro Wars,Astro Wars,SAME,0,,,
Astropal,Astropal,astropal,astropal,1,1,main,main,Astropal,Astropal,SAME,0,,,
Asuka &amp;amp;amp;amp; Asuka (World),Asuka &amp;amp;amp;amp; Asuka,asukaampampampampasuka,asuka amp amp amp amp asuka,0,0,,,,,SAME,0,,,
Asura Blade - Sword of Dynasty (Japan),Asura Blade - Sword of Dynasty,asurabladeswordofdynasty,asura blade sword of dynasty,1,1,main,main,Asura Blade: Sword of Dynasty,Asura Blade: Sword of Dynasty,SAME,0,,,
Asura Buster - Eternal Warriors (USA),Asura Buster - Eternal Warriors,asurabustereternalwarriors,asura buster eternal warriors,1,1,main,main,Asura Buster: Eternal Warriors,Asura Buster: Eternal Warriors,SAME,0,,,
Atari Baseball (set 1),Atari Baseball,ataribaseball,atari baseball,1,1,main,main,Atari Baseball,Atari Baseball,SAME,0,,,
Atari Basketball,Atari Basketball,ataribasketball,atari basketball,1,1,main,main,Atari Basketball,Atari Basketball,SAME,0,,,
Atari Football (revision 2),Atari Football,atarifootball,atari football,1,1,main,main,Atari Football,Atari Football,SAME,0,,,
Atari Soccer,Atari Soccer,atarisoccer,atari soccer,1,1,main,main,Atari Soccer,Atari Soccer,SAME,0,,,
Ataxx (rev 5),Ataxx,ataxx,ataxx,1,1,main,main,Ataxx,Ataxx,SAME,0,,,
Athena,Athena,athena,athena,1,1,main,main,Athena,Athena,SAME,0,,,
Atomic Point (Korea),Atomic Point,atomicpoint,atomic point,1,1,main,main,Atomic Point,Atomic Point,SAME,0,,,
"Atomic Robo-kid (World, Type-2)",Atomic Robo-kid,atomicrobokid,atomic robo kid,1,1,main,main,Atomic Robo-Kid,Atomic Robo-Kid,SAME,0,,,
Atomic Runner Chelnov (World),Atomic Runner Chelnov,atomicrunnerchelnov,atomic runner chelnov,1,1,main,main,Atomic Runner Chelnov,Atomic Runner Chelnov,SAME,0,,,
Attack Force (encrypted),Attack Force,attackforce,attack force,1,1,main,main,Attack Force,Attack Force,SAME,0,,,
Attack UFO,Attack UFO,attackufo,attack ufo,1,1,main,main,Attack UFO,Attack UFO,SAME,0,,,
"Aurail (set 3, US) (unprotected)",Aurail,aurail,aurail,1,1,main,main,Aurail,Aurail,SAME,0,,,
Avalanche,Avalanche,avalanche,avalanche,1,1,main,main,Avalanche,Avalanche,SAME,0,,,
"Avengers (US, rev. D)",Avengers,avengers,avengers,1,1,main,main,Avengers,Avengers,SAME,0,,,
Avengers In Galactic Storm (USEurope 1.0),Avengers In Galactic Storm,avengersingalacticstorm,avengers in galactic storm,1,1,main,main,Avengers in Galactic Storm,Avengers in Galactic Storm,SAME,0,,,
Avenging Spirit,Avenging Spirit,avengingspirit,avenging spirit,1,1,main,main,Avenging Spirit,Avenging Spirit,SAME,0,,,
Aztarac,Aztarac,aztarac,aztarac,1,1,main,main,Aztarac,Aztarac,SAME,0,,,
Azurian Attack,Azurian Attack,azurianattack,azurian attack,1,1,main,main,Azurian Attack,Azurian Attack,SAME,0,,,
B.C. Kid / Bonk's Adventure / Kyukyoku!! PC Genjin,B.C. Kid / Bonk's Adventure / Kyukyoku!! PC Genjin,bckidbonksadventurekyukyokupcgenjin,b c kid bonk s adventure kyukyoku pc genjin,0,0,,,,,SAME,0,,,
B.C. Story (set 1),B.C. Story,bcstory,b c story,1,1,main,main,B.C. Story,B.C. Story,SAME,0,,,
B.Rap Boys (World),B.Rap Boys,brapboys,b rap boys,1,1,main,main,B.Rap Boys,B.Rap Boys,SAME,0,,,
"B.Rap Boys Special (World, newer)",B.Rap Boys Special,brapboysspecial,b rap boys special,1,1,main,main,B.Rap Boys Special,B.Rap Boys Special,SAME,0,,,
"Back Fire (Tecmo, bootleg)",Back Fire,backfire,back fire,1,1,main,main,Backfire!,Back Fire,SAME,0,,,
Back Street Soccer (KRB-0031 PCB),Back Street Soccer,backstreetsoccer,back street soccer,1,1,main,main,Back Street Soccer,Back Street Soccer,SAME,0,,,
"Backfire! (Japan, set 2)",Backfire!,backfire,backfire,1,1,main,main,Backfire!,Backfire!,SAME,0,,,
"Bad Dudes vs. Dragonninja (US, revision 1)",Bad Dudes vs. Dragonninja,baddudesvsdragonninja,bad dudes vs dragonninja,1,1,main,main,Bad Dudes Vs. DragonNinja,Bad Dudes Vs. DragonNinja,SAME,0,,,
Bad Lands,Bad Lands,badlands,bad lands,0,0,,,,,SAME,0,,,
Bagman,Bagman,bagman,bagman,1,1,main,main,Bagman,Bagman,SAME,0,,,
Baku Baku Animal (J 950407 V1.000),Baku Baku Animal,bakubakuanimal,baku baku animal,1,1,main,main,Baku Baku Animal,Baku Baku Animal,SAME,0,,,
Bakutotsu Kijuutei,Bakutotsu Kijuutei,bakutotsukijuutei,bakutotsu kijuutei,1,1,main,main,Bakutotsu Kijuutei,Bakutotsu Kijuutei,SAME,0,,,
Bal Cube,Bal Cube,balcube,bal cube,1,1,main,main,Bal Cube,Bal Cube,SAME,0,,,
Balloon Bomber,Balloon Bomber,balloonbomber,balloon bomber,1,1,main,main,Balloon Bomber,Balloon Bomber,SAME,0,,,
Balloon Brothers,Balloon Brothers,balloonbrothers,balloon brothers,1,1,main,main,Balloon Brothers,Balloon Brothers,SAME,0,,,
Baluba-louk no Densetsu (Japan),Baluba-louk no Densetsu,balubalouknodensetsu,baluba louk no densetsu,1,1,main,main,Baluba-louk no Densetsu,Baluba-louk no Densetsu,SAME,0,,,
BanBam,BanBam,banbam,banbam,1,1,main,main,BanBam,BanBam,SAME,0,,,
Bandido,Bandido,bandido,bandido,1,1,main,main,Bandido,Bandido,SAME,0,,,
Bandit (US),Bandit,bandit,bandit,1,1,main,main,Bandit,Bandit,SAME,0,,,
Bang Bang Ball (v1.05),Bang Bang Ball,bangbangball,bang bang ball,1,1,main,main,Bang Bang Ball,Bang Bang Ball,SAME,0,,,
Bang!,Bang!,bang,bang,1,1,main,main,Bang,Bang,SAME,0,,,
Bank Panic,Bank Panic,bankpanic,bank panic,1,1,main,main,Bank Panic,Bank Panic,SAME,0,,,
Barricade,Barricade,barricade,barricade,1,1,main,main,Barricade,Barricade,SAME,0,,,
Barrier,Barrier,barrier,barrier,1,1,main,main,Barrier,Barrier,SAME,0,,,
Baryon - Future Assault (set 1),Baryon - Future Assault,baryonfutureassault,baryon future assault,1,1,main,main,Baryon: Future Assault,Baryon: Future Assault,SAME,0,,,
Baseball The Season II,Baseball The Season II,baseballtheseason2,baseball the season ii,1,1,main,main,Baseball: The Season II,Baseball: The Season II,SAME,0,,,
Batman,Batman,batman,batman,0,0,,,,,SAME,0,,,
Batman Forever (JUE 960507 V1.000),Batman Forever,batmanforever,batman forever,1,1,main,main,Batman Forever,Batman Forever,SAME,0,,,
Batsugun,Batsugun,batsugun,batsugun,1,1,main,main,Batsugun,Batsugun,SAME,0,,,
Battlantis (version G),Battlantis,battlantis,battlantis,1,1,main,main,Battlantis,Battlantis,SAME,0,,,
Battle Arena Toshinden 2 (Europe 951124),Battle Arena Toshinden 2,battlearenatoshinden2,battle arena toshinden 2,1,1,main,main,Battle Arena Toshinden 2,Battle Arena Toshinden 2,SAME,0,,,
Battle Bakraid - Unlimited Version (USA) (Tue Jun 8 1999),Battle Bakraid - Unlimited Version,battlebakraidunlimitedversion,battle bakraid unlimited version,1,1,main,main,Battle Bakraid: Unlimited Version,Battle Bakraid: Unlimited Version,SAME,0,,,
Battle Balls (US),Battle Balls,battleballs,battle balls,1,1,main,main,Battle Balls,Battle Balls,SAME,0,,,
Battle Chopper (World),Battle Chopper,battlechopper,battle chopper,1,1,main,main,Battle Chopper,Battle Chopper,SAME,0,,,
Battle Cross,Battle Cross,battlecross,battle cross,1,1,main,main,Battle Cross,Battle Cross,SAME,0,,,
Battle Cruiser M-12,Battle Cruiser M-12,battlecruiserm12,battle cruiser m 12,1,1,main,main,Battle Cruiser M-12,Battle Cruiser M-12,SAME,0,,,
Battle Garegga (Europe / USA / Japan / Asia) (Sat Feb 3 1996),Battle Garegga,battlegaregga,battle garegga,1,1,main,main,Battle Garegga,Battle Garegga,SAME,0,,,
Battle K-Road,Battle K-Road,battlekroad,battle k road,1,1,main,main,Battle K-Road,Battle K-Road,SAME,0,,,
Battle Lane! Vol. 5 (set 1),Battle Lane! Vol. 5,battlelanevol5,battle lane vol 5,1,1,main,main,Battle Lane! Vol. 5,Battle Lane! Vol. 5,SAME,0,,,
Battle of Atlantis (set 1),Battle of Atlantis,battleofatlantis,battle of atlantis,1,1,main,main,Battle of Atlantis,Battle of Atlantis,SAME,0,,,
Battle of the Solar System (rev. 1.1a 7/23/92),Battle of the Solar System,battleofthesolarsystem,battle of the solar system,1,1,main,main,Battle of the Solar System,Battle of the Solar System,SAME,0,,,
Battle Rangers (World),Battle Rangers,battlerangers,battle rangers,0,0,,,,,SAME,0,,,
Battle Shark (World),Battle Shark,battleshark,battle shark,1,1,main,main,Battle Shark,Battle Shark,SAME,0,,,
Battle Zone (rev 2),Battle Zone,battlezone,battle zone,1,0,main,,Battlezone,,WORSE,0,,,
Battlecry (Version E),Battlecry,battlecry,battlecry,1,1,main,main,BattleCry,BattleCry,SAME,0,,,
Battletoads,Battletoads,battletoads,battletoads,1,1,main,main,Battletoads,Battletoads,SAME,0,,,
"Bay Route (set 3, World) (FD1094 317-0116)",Bay Route,bayroute,bay route,1,1,main,main,Bay•Route,Bay•Route,SAME,0,,,
Beach Festival World Championship 1997,Beach Festival World Championship 1997,beachfestivalworldchampionship1997,beach festival world championship 1997,1,1,main,main,Beach Festival World Championship 1997,Beach Festival World Championship 1997,SAME,0,,,
Beam Invader,Beam Invader,beaminvader,beam invader,1,1,main,main,Beam Invader,Beam Invader,SAME,0,,,
Beast Busters (World),Beast Busters,beastbusters,beast busters,1,1,main,main,Beast Busters,Beast Busters,SAME,0,,,
"Beastorizer (USA, Sep 22 1997)",Beastorizer,beastorizer,beastorizer,1,1,main,main,Beastorizer,Beastorizer,SAME,0,,,
beatmania (ver JA-B),beatmania,beatmania,beatmania,1,1,main,main,beatmania,beatmania,SAME,0,,,
beatmania 2nd MIX (ver JA-B),beatmania 2nd MIX,beatmania2ndmix,beatmania 2nd mix,1,1,main,main,beatmania 2nd MIX,beatmania 2nd MIX,SAME,0,,,
beatmania 3rd MIX (ver JA-A),beatmania 3rd MIX,beatmania3rdmix,beatmania 3rd mix,1,1,main,main,beatmania 3rd MIX,beatmania 3rd MIX,SAME,0,,,
beatmania 4th MIX (ver JA-A),beatmania 4th MIX,beatmania4thmix,beatmania 4th mix,1,1,main,main,beatmania 4th MIX,beatmania 4th MIX,SAME,0,,,
beatmania 5th MIX (ver JA-A),beatmania 5th MIX,beatmania5thmix,beatmania 5th mix,1,1,main,main,beatmania 5th MIX,beatmania 5th MIX,SAME,0,,,
beatmania 6th MIX (ver JA-A),beatmania 6th MIX,beatmania6thmix,beatmania 6th mix,1,1,main,main,beatmania 6th MIX,beatmania 6th MIX,SAME,0,,,
beatmania 7th MIX (ver JA-B),beatmania 7th MIX,beatmania7thmix,beatmania 7th mix,1,1,main,main,beatmania 7th MIX,beatmania 7th MIX,SAME,0,,,
beatmania Club MIX (ver JA-A),beatmania Club MIX,beatmaniaclubmix,beatmania club mix,1,1,main,main,beatmania Club MIX,beatmania Club MIX,SAME,0,,,
beatmania complete MIX (ver AA-C),beatmania complete MIX,beatmaniacompletemix,beatmania complete mix,1,1,main,main,beatmania complete MIX,beatmania complete MIX,SAME,0,,,
beatmania complete MIX (ver JA-C),beatmania complete MIX,beatmaniacompletemix,beatmania complete mix,1,1,main,main,beatmania complete MIX,beatmania complete MIX,SAME,0,,,
beatmania complete MIX 2 (ver JA-A),beatmania complete MIX 2,beatmaniacompletemix2,beatmania complete mix 2,1,1,main,main,beatmania complete MIX 2,beatmania complete MIX 2,SAME,0,,,
beatmania CORE REMIX (ver JA-A),beatmania CORE REMIX,beatmaniacoreremix,beatmania core remix,1,1,main,main,beatmania CORE REMIX,beatmania CORE REMIX,SAME,0,,,
beatmania featuring Dreams Come True (ver JA-A),beatmania featuring Dreams Come True,beatmaniafeaturingdreamscometrue,beatmania featuring dreams come true,1,1,main,main,beatmania featuring Dreams Come True,beatmania featuring Dreams Come True,SAME,0,,,
beatmania IIDX 2nd style (GC985 JAA),beatmania IIDX 2nd style,beatmania2dx2ndstyle,beatmania iidx 2nd style,1,1,main,main,beatmania IIDX 2nd style,beatmania IIDX 2nd style,SAME,0,,,
beatmania IIDX 3rd style (GC992 JAC),beatmania IIDX 3rd style,beatmania2dx3rdstyle,beatmania iidx 3rd style,1,1,main,main,beatmania IIDX 3rd style,beatmania IIDX 3rd style,SAME,0,,,
beatmania IIDX 4th style (GCA03 JAA),beatmania IIDX 4th style,beatmania2dx4thstyle,beatmania iidx 4th style,1,1,main,main,beatmania IIDX 4th style,beatmania IIDX 4th style,SAME,0,,,
beatmania IIDX 5th style (GCA17 JAA),beatmania IIDX 5th style,beatmania2dx5thstyle,beatmania iidx 5th style,1,1,main,main,beatmania IIDX 5th style,beatmania IIDX 5th style,SAME,0,,,
beatmania IIDX 6th style (GCB4U JAB),beatmania IIDX 6th style,beatmania2dx6thstyle,beatmania iidx 6th style,1,1,main,main,beatmania IIDX 6th style,beatmania IIDX 6th style,SAME,0,,,
beatmania IIDX 7th style (GCB44 JAB),beatmania IIDX 7th style,beatmania2dx7thstyle,beatmania iidx 7th style,1,1,main,main,beatmania IIDX 7th style,beatmania IIDX 7th style,SAME,0,,,
beatmania IIDX 8th style (GCC44 JAA),beatmania IIDX 8th style,beatmania2dx8thstyle,beatmania iidx 8th style,1,1,main,main,beatmania IIDX 8th style,beatmania IIDX 8th style,SAME,0,,,
beatmania IIDX Substream (983 JAA),beatmania IIDX Substream,beatmania2dxsubstream,beatmania iidx substream,1,1,main,main,beatmania IIDX Substream,beatmania IIDX Substream,SAME,0,,,
Beatmania III,Beatmania III,beatmania3,beatmania iii,0,0,,,,,SAME,0,,,
Beatmania III Append 6th Mix,Beatmania III Append 6th Mix,beatmania3append6thmix,beatmania iii append 6th mix,1,1,main,main,beatmania III: Append 6th Mix,beatmania III: Append 6th Mix,SAME,0,,,
Beatmania III Append 7th Mix,Beatmania III Append 7th Mix,beatmania3append7thmix,beatmania iii append 7th mix,1,1,main,main,beatmania III: Append 7th Mix,beatmania III: Append 7th Mix,SAME,0,,,
Beatmania III Append Core Remix,Beatmania III Append Core Remix,beatmania3appendcoreremix,beatmania iii append core remix,1,1,main,main,beatmania III: Append Core Remix,beatmania III: Append Core Remix,SAME,0,,,
Beatmania III The Final,Beatmania III The Final,beatmania3thefinal,beatmania iii the final,1,1,main,main,beatmania III: The Final,beatmania III: The Final,SAME,0,,,
beatmania THE FINAL (ver JA-A),beatmania THE FINAL,beatmaniathefinal,beatmania the final,1,1,main,main,beatmania: THE FINAL,beatmania: THE FINAL,SAME,0,,,
Beezer (version 9.0),Beezer,beezer,beezer,1,1,main,main,Beezer,Beezer,SAME,0,,,
"Bells &amp;amp;amp;amp; Whistles (World, version L)",Bells &amp;amp;amp;amp; Whistles,bellsampampampampwhistles,bells amp amp amp amp whistles,0,0,,,,,SAME,0,,,
Ben Bero Beh (Japan),Ben Bero Beh,benberobeh,ben bero beh,1,1,main,main,Ben Bero Beh,Ben Bero Beh,SAME,0,,,
Bermuda Triangle (World?),Bermuda Triangle,bermudatriangle,bermuda triangle,1,1,main,main,Bermuda Triangle,Bermuda Triangle,SAME,0,,,
Berzerk (revision RC31A),Berzerk,berzerk,berzerk,1,1,main,main,Berzerk,Berzerk,SAME,0,,,
Best Bout Boxing (ver 1.3),Best Bout Boxing,bestboutboxing,best bout boxing,1,1,main,main,Best Bout Boxing,Best Bout Boxing,SAME,0,,,
Best Of Best,Best Of Best,bestofbest,best of best,1,1,main,main,Best of Best,Best of Best,SAME,0,,,
"Bestri (Korea, set 1)",Bestri,bestri,bestri,1,1,main,main,Bestri,Bestri,SAME,0,,,
"Big Bang (9th Nov. 1993, set 1)",Big Bang,bigbang,big bang,0,0,,,,,SAME,0,,,
Big Buck Hunter - Shooter's Challenge (v1.60.01),Big Buck Hunter - Shooter's Challenge,bigbuckhuntershooterschallenge,big buck hunter shooter s challenge,1,1,main,main,Big Buck Hunter: Shooter's Challenge,Big Buck Hunter: Shooter's Challenge,SAME,0,,,
Big Buck Hunter (v1.00.14),Big Buck Hunter,bigbuckhunter,big buck hunter,1,1,main,main,Big Buck Hunter,Big Buck Hunter,SAME,0,,,
Big Buck Hunter Call of the Wild (v3.02.5),Big Buck Hunter Call of the Wild,bigbuckhuntercallofthewild,big buck hunter call of the wild,0,0,,,,,SAME,0,,,
Big Buck Hunter II - Sportsman's Paradise (v2.02.11),Big Buck Hunter II - Sportsman's Paradise,bigbuckhunter2sportsmansparadise,big buck hunter ii sportsman s paradise,1,1,main,main,Big Buck Hunter II: Sportsman's Paradise,Big Buck Hunter II: Sportsman's Paradise,SAME,0,,,
Big Bucks,Big Bucks,bigbucks,big bucks,0,0,,,,,SAME,0,,,
Big Event Golf (US),Big Event Golf,bigeventgolf,big event golf,1,1,main,main,Big Event Golf,Big Event Golf,SAME,0,,,
Big Fight - Big Trouble In The Atlantic Ocean,Big Fight - Big Trouble In The Atlantic Ocean,bigfightbigtroubleintheatlanticocean,big fight big trouble in the atlantic ocean,1,1,main,main,Big Fight: Big Trouble in the Atlantic Ocean,Big Fight: Big Trouble in the Atlantic Ocean,SAME,0,,,
"Big Karnak (ver. 1.0, checksum 1e38c94)",Big Karnak,bigkarnak,big karnak,1,1,main,main,Big Karnak,Big Karnak,SAME,0,,,
"Big Run (11th Rallye version, Europe)",Big Run,bigrun,big run,1,1,main,main,Big Run,Big Run,SAME,0,,,
Big Striker,Big Striker,bigstriker,big striker,1,1,main,main,Big Striker,Big Striker,SAME,0,,,
Big Twin,Big Twin,bigtwin,big twin,1,1,main,main,Big Twin,Big Twin,SAME,0,,,
Bigfoot Bonkers,Bigfoot Bonkers,bigfootbonkers,bigfoot bonkers,1,1,main,main,Bigfoot Bonkers,Bigfoot Bonkers,SAME,0,,,
Billiard Academy Real Break (Europe),Billiard Academy Real Break,billiardacademyrealbreak,billiard academy real break,1,1,main,main,Billiard Academy Real Break,Billiard Academy Real Break,SAME,0,,,
Bio Attack,Bio Attack,bioattack,bio attack,1,1,main,main,Bio Attack,Bio Attack,SAME,0,,,
Bio-hazard Battle (Mega Play),Bio-hazard Battle,biohazardbattle,bio hazard battle,1,1,main,main,Bio-Hazard Battle,Bio-Hazard Battle,SAME,0,,,
"Biomechanical Toy (ver. 1.0.1885, checksum 69f5e032)",Biomechanical Toy,biomechanicaltoy,biomechanical toy,1,1,main,main,Biomechanical Toy,Biomechanical Toy,SAME,0,,,
Bionic Commando (Euro),Bionic Commando,bioniccommando,bionic commando,1,1,main,main,Bionic Commando,Bionic Commando,SAME,0,,,
Bio-ship Paladin,Bio-ship Paladin,bioshippaladin,bio ship paladin,1,1,main,main,Bio-ship Paladin,Bio-ship Paladin,SAME,0,,,
Birdie King,Birdie King,birdieking,birdie king,1,1,main,main,Birdie King,Birdie King,SAME,0,,,
Birdie King 2,Birdie King 2,birdieking2,birdie king 2,1,0,main,,Birdie King II,,WORSE,0,,,
Birdie King 3,Birdie King 3,birdieking3,birdie king 3,1,1,main,main,Birdie King 3,Birdie King 3,SAME,0,,,
"Birdie Try (Japan, revision 2, revision 1 MCU)",Birdie Try,birdietry,birdie try,1,1,main,main,Birdie Try,Birdie Try,SAME,0,,,
Birdiy,Birdiy,birdiy,birdiy,1,1,main,main,Birdiy,Birdiy,SAME,0,,,
"Bishi Bashi Champ Mini Game Senshuken (ver JAA, 3 Players)",Bishi Bashi Champ Mini Game Senshuken,bishibashichampminigamesenshuken,bishi bashi champ mini game senshuken,0,0,,,,,SAME,0,,,
Black Heart,Black Heart,blackheart,black heart,1,1,main,main,Black Heart,Black Heart,SAME,0,,,
Black Hole,Black Hole,blackhole,black hole,1,1,main,main,Black Hole,Black Hole,SAME,0,,,
Black Hole (EFG Sanremo),Black Hole,blackhole,black hole,1,1,main,main,Black Hole,Black Hole,SAME,0,,,
Black Panther,Black Panther,blackpanther,black panther,1,1,main,main,Black Panther,Black Panther,SAME,0,,,
Black Tiger,Black Tiger,blacktiger,black tiger,1,1,main,main,Black Tiger,Black Tiger,SAME,0,,,
Black Touch (Korea),Black Touch,blacktouch,black touch,1,1,main,main,Black Touch,Black Touch,SAME,0,,,
Black Touch '96,Black Touch '96,blacktouch96,black touch 96,1,1,main,main,Black Touch '96,Black Touch '96,SAME,0,,,
Black Touch II (Korea),Black Touch II,blacktouch2,black touch ii,1,1,main,main,Black Touch II,Black Touch II,SAME,0,,,
Black Widow,Black Widow,blackwidow,black widow,1,1,main,main,Black Widow,Black Widow,SAME,0,,,
Blade Master (World),Blade Master,blademaster,blade master,1,1,main,main,Blade Master,Blade Master,SAME,0,,,
"Blades of Steel (version T, Joystick)",Blades of Steel,bladesofsteel,blades of steel,1,1,main,main,Blades of Steel,Blades of Steel,SAME,0,,,
Blandia,Blandia,blandia,blandia,1,1,main,main,Blandia,Blandia,SAME,0,,,
Blast Off (Japan),Blast Off,blastoff,blast off,1,1,main,main,Blast Off,Blast Off,SAME,0,,,
"Blastaball (Arcadia, V 2.1)",Blastaball,blastaball,blastaball,1,1,main,main,Blastaball,Blastaball,SAME,0,,,
Blasted,Blasted,blasted,blasted,1,1,main,main,Blasted,Blasted,SAME,0,,,
Blaster,Blaster,blaster,blaster,1,1,main,main,Blaster,Blaster,SAME,0,,,
Blasteroids (rev 4),Blasteroids,blasteroids,blasteroids,1,1,main,main,Blasteroids,Blasteroids,SAME,0,,,
Blasto,Blasto,blasto,blasto,1,1,main,main,Blasto,Blasto,SAME,0,,,
Blaze On (World),Blaze On,blazeon,blaze on,1,0,main,,BlaZeon,,WORSE,0,,,
Blazer (Japan),Blazer,blazer,blazer,1,1,main,main,Blazer,Blazer,SAME,0,,,
Blazing Tornado,Blazing Tornado,blazingtornado,blazing tornado,1,1,main,main,Blazing Tornado,Blazing Tornado,SAME,0,,,
Block Block (World 911219 Joystick),Block Block,blockblock,block block,1,1,main,main,Block Block,Block Block,SAME,0,,,
Block Carnival  Thunder &amp;amp;amp;amp; Lightning 2,Block Carnival  Thunder &amp;amp;amp;amp; Lightning 2,blockcarnivalthunderampampampamplightning2,block carnival thunder amp amp amp amp lightning 2,0,0,,,,,SAME,0,,,
"Block Gal (MC-8123B, 317-0029)",Block Gal,blockgal,block gal,1,1,main,main,Block Gal,Block Gal,SAME,0,,,
Block Hole,Block Hole,blockhole,block hole,1,1,main,main,Block Hole,Block Hole,SAME,0,,,
Block Out (set 1),Block Out,blockout,block out,1,1,main,main,Block Out,Block Out,SAME,0,,,
Blockade,Blockade,blockade,blockade,1,1,main,main,Blockade,Blockade,SAME,0,,,
Blocken (Japan),Blocken,blocken,blocken,1,1,main,main,Blocken,Blocken,SAME,0,,,
Blomby Car (Version 1P0),Blomby Car,blombycar,blomby car,1,1,main,main,Blomby Car,Blomby Car,SAME,0,,,
Blood Bros. (World?),Blood Bros.,bloodbros,blood bros,0,0,,,,,SAME,0,,,
Blood Storm (v2.22),Blood Storm,bloodstorm,blood storm,1,0,main,,BloodStorm,,WORSE,0,,,
Blood Warrior,Blood Warrior,bloodwarrior,blood warrior,1,1,main,main,Blood Warrior,Blood Warrior,SAME,0,,,
Bloody Roar 2 (World),Bloody Roar 2,bloodyroar2,bloody roar 2,1,1,main,main,Bloody Roar 2,Bloody Roar 2,SAME,0,,,
Bloody Wolf (US),Bloody Wolf,bloodywolf,bloody wolf,1,1,main,main,Bloody Wolf,Bloody Wolf,SAME,0,,,
Bloxeed (Japan) (FD1094 317-0139),Bloxeed,bloxeed,bloxeed,1,1,main,main,Bloxeed,Bloxeed,SAME,0,,,
Blue Hawk,Blue Hawk,bluehawk,blue hawk,1,1,main,main,Blue Hawk,Blue Hawk,SAME,0,,,
Blue Print (Midway),Blue Print,blueprint,blue print,1,1,main,main,Blue Print,Blue Print,SAME,0,,,
Blue Shark,Blue Shark,blueshark,blue shark,1,1,main,main,Blue Shark,Blue Shark,SAME,0,,,
BMX Stunts,BMX Stunts,bmxstunts,bmx stunts,1,1,main,main,BMX Stunts,BMX Stunts,SAME,0,,,
BnB Arcade,BnB Arcade,bnbarcade,bnb arcade,1,1,main,main,BnB Arcade,BnB Arcade,SAME,0,,,
Body Slam (8751 317-0015),Body Slam,bodyslam,body slam,1,1,main,main,Body Slam,Body Slam,SAME,0,,,
Bogey Manor,Bogey Manor,bogeymanor,bogey manor,1,1,main,main,Bogey Manor,Bogey Manor,SAME,0,,,
Boggy '84,Boggy '84,boggy84,boggy 84,1,1,main,main,Boggy '84,Boggy '84,SAME,0,,,
Bomb Bee,Bomb Bee,bombbee,bomb bee,1,1,main,main,Bomb Bee,Bomb Bee,SAME,0,,,
Bomb Jack,Bomb Jack,bombjack,bomb jack,1,1,main,main,Bomb Jack,Bomb Jack,SAME,0,,,
Bomb Kick (set 1),Bomb Kick,bombkick,bomb kick,1,1,main,main,Bomb Kick,Bomb Kick,SAME,0,,,
Bomber Man World  New Dyna Blaster - Global Quest,Bomber Man World  New Dyna Blaster - Global Quest,bombermanworldnewdynablasterglobalquest,bomber man world new dyna blaster global quest,0,0,,,,,SAME,0,,,
Bombjack Twin (set 1),Bombjack Twin,bombjacktwin,bombjack twin,1,0,main,,Bomb Jack Twin,,WORSE,0,,,
"Bonanza Bros (US, Floppy DS3-5000-07d? Based)",Bonanza Bros,bonanzabros,bonanza bros,1,1,main,main,Bonanza Bros.,Bonanza Bros.,SAME,0,,,
Bongo,Bongo,bongo,bongo,1,1,main,main,Bongo,Bongo,SAME,0,,,
"Bonze Adventure (World, rev 1)",Bonze Adventure,bonzeadventure,bonze adventure,1,1,main,main,Bonze Adventure,Bonze Adventure,SAME,0,,,
Booby Kids (Magnet System),Booby Kids,boobykids,booby kids,1,1,main,main,Booby Kids,Booby Kids,SAME,0,,,
"Boogie Wings (Europe v1.5, 92.12.07)",Boogie Wings,boogiewings,boogie wings,1,1,main,main,Boogie Wings,Boogie Wings,SAME,0,,,
Boomer Rang'r / Genesis (set 1),Boomer Rang'r / Genesis,boomerrangrgenesis,boomer rang r genesis,0,0,,,,,SAME,0,,,
Boong-Ga Boong-Ga (Spank'em!),Boong-Ga Boong-Ga,boonggaboongga,boong ga boong ga,1,1,main,main,Boong-Ga Boong-Ga,Boong-Ga Boong-Ga,SAME,0,,,
Boot Hill,Boot Hill,boothill,boot hill,1,1,main,main,Boot Hill,Boot Hill,SAME,0,,,
Borderline,Borderline,borderline,borderline,1,1,main,main,Borderline,Borderline,SAME,0,,,
Borench (set 1),Borench,borench,borench,1,1,main,main,Borench,Borench,SAME,0,,,
Born To Fight (set 1),Born To Fight,borntofight,born to fight,1,1,main,main,Born to Fight,Born to Fight,SAME,0,,,
Bosconian - Star Destroyer (version 5),Bosconian - Star Destroyer,bosconianstardestroyer,bosconian star destroyer,0,0,,,,,SAME,0,,,
Botanic (English  Spanish),Botanic,botanic,botanic,1,1,main,main,Botanic,Botanic,SAME,0,,,
Bottom of the Ninth (version T),Bottom of the Ninth,bottomoftheninth,bottom of the ninth,1,1,main,main,Bottom of the Ninth,Bottom of the Ninth,SAME,0,,,
Boulder Dash (Max-A-Flex),Boulder Dash,boulderdash,boulder dash,0,0,,,,,SAME,0,,,
Boulder Dash / Boulder Dash Part 2 (World),Boulder Dash / Boulder Dash Part 2,boulderdashboulderdashpart2,boulder dash boulder dash part 2,0,0,,,,,SAME,0,,,
Bouncing Balls,Bouncing Balls,bouncingballs,bouncing balls,1,1,main,main,Bouncing Balls,Bouncing Balls,SAME,0,,,
Bouncing Balls (Adult),Bouncing Balls,bouncingballs,bouncing balls,1,1,main,main,Bouncing Balls,Bouncing Balls,SAME,0,,,
Bowling Alley,Bowling Alley,bowlingalley,bowling alley,0,0,,,,,SAME,0,,,
Bowl-O-Rama (Rev 1.0),Bowl-O-Rama,bowlorama,bowl o rama,1,1,main,main,Bowl-O-Rama,Bowl-O-Rama,SAME,0,,,
Bowmen,Bowmen,bowmen,bowmen,1,1,main,main,Bowmen,Bowmen,SAME,0,,,
Boxing Bugs,Boxing Bugs,boxingbugs,boxing bugs,1,1,main,main,Boxing Bugs,Boxing Bugs,SAME,0,,,
"Boxy Boy (World, SB2)",Boxy Boy,boxyboy,boxy boy,1,1,main,main,Boxy Boy,Boxy Boy,SAME,0,,,
Bradley Trainer,Bradley Trainer,bradleytrainer,bradley trainer,1,1,main,main,The Bradley Trainer,The Bradley Trainer,SAME,0,,,
Brain,Brain,brain,brain,1,1,main,main,Brain,Brain,SAME,0,,,
Brave Blade (World),Brave Blade,braveblade,brave blade,1,1,main,main,Brave Blade,Brave Blade,SAME,0,,,
Break Ball,Break Ball,breakball,break ball,1,1,main,main,Break Ball,Break Ball,SAME,0,,,
Break Thru (US),Break Thru,breakthru,break thru,1,0,main,,BreakThru,,WORSE,0,,,
"Brick Zone (v6.0, Joystick)",Brick Zone,brickzone,brick zone,1,1,main,main,Brick Zone,Brick Zone,SAME,0,,,
Bristles (Max-A-Flex),Bristles,bristles,bristles,1,1,main,main,Bristles,Bristles,SAME,0,,,
Brix,Brix,brix,brix,0,0,,,,,SAME,0,,,
Brixian,Brixian,brixian,brixian,1,1,main,main,BriXian,BriXian,SAME,0,,,
Bronx (bootleg of Cycle Shooting),Bronx,bronx,bronx,0,0,,,,,SAME,0,,,
Brute Force,Brute Force,bruteforce,brute force,1,1,main,main,Brute Force,Brute Force,SAME,0,,,
Bubble 2000,Bubble 2000,bubble2000,bubble 2000,1,1,main,main,Bubble 2000,Bubble 2000,SAME,0,,,
"Bubble Bobble (Japan, Ver 0.1)",Bubble Bobble,bubblebobble,bubble bobble,1,1,main,main,Bubble Bobble,Bubble Bobble,SAME,0,,,
Bubble Bobble II (Ver 2.6O 1994/12/16),Bubble Bobble II,bubblebobble2,bubble bobble ii,1,1,main,main,Bubble Bobble II,Bubble Bobble II,SAME,0,,,
Bubble Bobble Lost Cave,Bubble Bobble Lost Cave,bubblebobblelostcave,bubble bobble lost cave,1,1,main,main,Bubble Bobble: Lost Cave,Bubble Bobble: Lost Cave,SAME,0,,,
Bubble Memories The Story Of Bubble Bobble III (Ver 2.4O 19960215),Bubble Memories The Story Of Bubble Bobble III,bubblememoriesthestoryofbubblebobble3,bubble memories the story of bubble bobble iii,1,1,main,main,Bubble Memories: The Story of Bubble Bobble III,Bubble Memories: The Story of Bubble Bobble III,SAME,0,,,
Bubble Symphony (Ver 2.5A 19941005),Bubble Symphony,bubblesymphony,bubble symphony,0,0,,,,,SAME,0,,,
"Bubble Trouble - Golly! Ghost! 2 (World, Rev B)",Bubble Trouble - Golly! Ghost! 2,bubbletroublegollyghost2,bubble trouble golly ghost 2,1,1,main,main,Bubble Trouble: Golly! Ghost! 2,Bubble Trouble: Golly! Ghost! 2,SAME,0,,,
Bubbles,Bubbles,bubbles,bubbles,1,1,main,main,Bubbles,Bubbles,SAME,0,,,
Buccaneers (set 1),Buccaneers,buccaneers,buccaneers,1,1,main,main,Buccaneers,Buccaneers,SAME,0,,,
Buck Rogers: Planet of Zoom,Buck Rogers: Planet of Zoom,buckrogersplanetofzoom,buck rogers planet of zoom,1,1,main,main,Buck Rogers: Planet of Zoom,Buck Rogers: Planet of Zoom,SAME,0,,,
Bucky O'Hare (ver EAB),Bucky O'Hare,buckyohare,bucky o hare,1,1,main,main,Bucky O'Hare,Bucky O'Hare,SAME,0,,,
"Buggy Boy/Speed Buggy (cockpit, rev. D)",Buggy Boy/Speed Buggy,buggyboyspeedbuggy,buggy boy speed buggy,0,0,,,,,SAME,0,,,
Buggy Challenge,Buggy Challenge,buggychallenge,buggy challenge,1,1,main,main,Buggy Challenge,Buggy Challenge,SAME,0,,,
Bull Fighter,Bull Fighter,bullfighter,bull fighter,1,1,main,main,Bull Fighter,Bull Fighter,SAME,0,,,
Bullet (FD1094 317-0041),Bullet,bullet,bullet,1,1,main,main,Bullet,Bullet,SAME,0,,,
Bullfight (315-5065),Bullfight,bullfight,bullfight,1,0,main,,Bull Fight,,WORSE,0,,,
Bulls Eye Darts,Bulls Eye Darts,bullseyedarts,bulls eye darts,1,1,main,main,Bulls Eye Darts,Bulls Eye Darts,SAME,0,,,
Bump 'n' Jump,Bump 'n' Jump,bumpnjump,bump n jump,1,1,main,main,Bump 'n' Jump,Bump 'n' Jump,SAME,0,,,
Burger Kids (Japan),Burger Kids,burgerkids,burger kids,1,1,main,main,Burger Kids,Burger Kids,SAME,0,,,
Burger Time (Data East set 1),Burger Time,burgertime,burger time,1,0,main,,BurgerTime,,WORSE,0,,,
Burger Time (DECO Cassette) (US),Burger Time,burgertime,burger time,1,0,main,,BurgerTime,,WORSE,0,,,
Burglar X,Burglar X,burglarx,burglar x,1,1,main,main,Burglar X,Burglar X,SAME,0,,,
Burnin' Rubber,Burnin' Rubber,burninrubber,burnin rubber,1,1,main,main,Burnin' Rubber,Burnin' Rubber,SAME,0,,,
Burnin' Rubber (DECO Cassette) (US) (set 1),Burnin' Rubber,burninrubber,burnin rubber,1,1,main,main,Burnin' Rubber,Burnin' Rubber,SAME,0,,,
"Burning Force (Japan, new version (Rev C))",Burning Force,burningforce,burning force,1,1,main,main,Burning Force,Burning Force,SAME,0,,,
Burning Rival (World),Burning Rival,burningrival,burning rival,1,1,main,main,Burning Rival,Burning Rival,SAME,0,,,
Bust a Move 2 - Dance Tengoku Mix (HDD Japanese ROM ver. 19990717 100000),Bust a Move 2 - Dance Tengoku Mix,bustamove2dancetengokumix,bust a move 2 dance tengoku mix,1,1,main,main,Bust a Move 2: Dance Tengoku Mix,Bust a Move 2: Dance Tengoku Mix,SAME,0,,,
Buster Bros. (USA),Buster Bros.,busterbros,buster bros,1,1,main,main,Buster Bros.,Buster Bros.,SAME,0,,,
"Butasan - Pig's &amp;amp;amp;amp; Bomber's (Japan, English)",Butasan - Pig's &amp;amp;amp;amp; Bomber's,butasanpigsampampampampbombers,butasan pig s amp amp amp amp bomber s,0,0,,,,,SAME,0,,,
Buzzard,Buzzard,buzzard,buzzard,0,0,,,,,SAME,0,,,
B-Wings (Japan new Ver.),B-Wings,bwings,b wings,1,1,main,main,B-Wings,B-Wings,SAME,0,,,
"Cabal (World, Joystick)",Cabal,cabal,cabal,1,1,main,main,Cabal,Cabal,SAME,0,,,
Cachat (Japan),Cachat,cachat,cachat,0,0,,,,,SAME,0,,,
Cadash (World),Cadash,cadash,cadash,1,1,main,main,Cadash,Cadash,SAME,0,,,
Cadillacs and Dinosaurs (World 930201),Cadillacs and Dinosaurs,cadillacsanddinosaurs,cadillacs and dinosaurs,1,1,main,main,Cadillacs and Dinosaurs,Cadillacs and Dinosaurs,SAME,0,,,
Caliber 50 (Ver. 1.01),Caliber 50,caliber50,caliber 50,0,0,,,,,SAME,0,,,
"California Speed (Version 2.1a Apr 17 1998, GUTS 1.25 Apr 17 1998 / MAIN Apr 17 1998)",California Speed,californiaspeed,california speed,1,1,main,main,California Speed,California Speed,SAME,0,,,
Calipso,Calipso,calipso,calipso,1,1,main,main,Calipso,Calipso,SAME,0,,,
Calorie Kun vs Moguranian,Calorie Kun vs Moguranian,caloriekunvsmoguranian,calorie kun vs moguranian,1,1,main,main,Calorie Kun vs Moguranian,Calorie Kun vs Moguranian,SAME,0,,,
"Cameltry (World, YM2610)",Cameltry,cameltry,cameltry,1,1,main,main,Cameltry,Cameltry,SAME,0,,,
Candy Candy,Candy Candy,candycandy,candy candy,1,1,main,main,Candy Candy,Candy Candy,SAME,0,,,
Candy Puzzle (v1.0),Candy Puzzle,candypuzzle,candy puzzle,1,1,main,main,Candy Puzzle,Candy Puzzle,SAME,0,,,
"Cannon Ball (Yun Sung, horizontal)",Cannon Ball,cannonball,cannon ball,1,0,main,,Cannonball,,WORSE,0,,,
Canvas Croquis,Canvas Croquis,canvascroquis,canvas croquis,1,1,main,main,Canvas Croquis,Canvas Croquis,SAME,0,,,
Canyon Bomber,Canyon Bomber,canyonbomber,canyon bomber,1,1,main,main,Canyon Bomber,Canyon Bomber,SAME,0,,,
Capcom Baseball (Japan),Capcom Baseball,capcombaseball,capcom baseball,1,1,main,main,Capcom Baseball,Capcom Baseball,SAME,0,,,
Capcom Bowling (set 1),Capcom Bowling,capcombowling,capcom bowling,1,1,main,main,Capcom Bowling,Capcom Bowling,SAME,0,,,
Captain America and The Avengers (US Rev 1.9),Captain America and The Avengers,captainamericaandtheavengers,captain america and the avengers,1,1,main,main,Captain America and the Avengers,Captain America and the Avengers,SAME,0,,,
Captain Commando (World 911202),Captain Commando,captaincommando,captain commando,1,1,main,main,Captain Commando,Captain Commando,SAME,0,,,
Captain Flag (Japan),Captain Flag,captainflag,captain flag,1,1,main,main,Captain Flag,Captain Flag,SAME,0,,,
Captain Silver (World),Captain Silver,captainsilver,captain silver,1,1,main,main,Captain Silver,Captain Silver,SAME,0,,,
Car Jamboree,Car Jamboree,carjamboree,car jamboree,1,1,main,main,Car Jamboree,Car Jamboree,SAME,0,,,
Carket Ball,Carket Ball,carketball,carket ball,1,1,main,main,Carket Ball,Carket Ball,SAME,0,,,
CarnEvil (v1.0.3),CarnEvil,carnevil,carnevil,1,1,main,main,CarnEvil,CarnEvil,SAME,0,,,
"Carnival (upright, AY8912 music)",Carnival,carnival,carnival,1,1,main,main,Carnival,Carnival,SAME,0,,,
Carnival King (v1.00.11),Carnival King,carnivalking,carnival king,1,1,main,main,Carnival King,Carnival King,SAME,0,,,
Carrera (Version 6.7),Carrera,carrera,carrera,1,1,main,main,Carrera,Carrera,SAME,0,,,
CART Fury Championship Racing (ver 1.00),CART Fury Championship Racing,cartfurychampionshipracing,cart fury championship racing,1,1,main,main,CART Fury: Championship Racing,CART Fury: Championship Racing,SAME,0,,,
Casanova,Casanova,casanova,casanova,1,1,main,main,Casanova,Casanova,SAME,0,,,
Castle Of Dracula,Castle Of Dracula,castleofdracula,castle of dracula,1,1,main,main,Castle of Dracula,Castle of Dracula,SAME,0,,,
Cat and Mouse (type 02 program),Cat and Mouse,catandmouse,cat and mouse,0,0,,,,,SAME,0,,,
Catacomb,Catacomb,catacomb,catacomb,1,1,main,main,Catacomb,Catacomb,SAME,0,,,
Cavelon,Cavelon,cavelon,cavelon,1,1,main,main,Cavelon,Cavelon,SAME,0,,,
Caveman Ninja (World ver 4),Caveman Ninja,cavemanninja,caveman ninja,1,1,main,main,Caveman Ninja,Caveman Ninja,SAME,0,,,
Centipede (revision 4),Centipede,centipede,centipede,1,1,main,main,Centipede,Centipede,SAME,0,,,
Cerberus,Cerberus,cerberus,cerberus,1,1,main,main,Cerberus,Cerberus,SAME,0,,,
Chack'n Pop,Chack'n Pop,chacknpop,chack n pop,1,1,main,main,Chack'n Pop,Chack'n Pop,SAME,0,,,
"Chain Reaction (World, Version 2.2, 1995.09.25)",Chain Reaction,chainreaction,chain reaction,1,1,main,main,Chain Reaction,Chain Reaction,SAME,0,,,
Challenger,Challenger,challenger,challenger,1,1,main,main,Challenger,Challenger,SAME,0,,,
Chameleon,Chameleon,chameleon,chameleon,1,1,main,main,Chameleon,Chameleon,SAME,0,,,
Champion Base Ball,Champion Base Ball,championbaseball,champion base ball,1,0,main,,Champion Baseball,,WORSE,0,,,
Champion Base Ball Part-2 (set 1),Champion Base Ball Part-2,championbaseballpart2,champion base ball part 2,0,0,,,,,SAME,0,,,
Champion Boxing,Champion Boxing,championboxing,champion boxing,1,1,main,main,Champion Boxing,Champion Boxing,SAME,0,,,
Champion Pro Wrestling,Champion Pro Wrestling,championprowrestling,champion pro wrestling,1,1,main,main,Champion Pro Wrestling,Champion Pro Wrestling,SAME,0,,,
Champion Wrestler (World),Champion Wrestler,championwrestler,champion wrestler,1,1,main,main,Champion Wrestler,Champion Wrestler,SAME,0,,,
Championship Bowling,Championship Bowling,championshipbowling,championship bowling,1,1,main,main,Championship Bowling,Championship Bowling,SAME,0,,,
Championship Sprint (rev 3),Championship Sprint,championshipsprint,championship sprint,1,1,main,main,Championship Sprint,Championship Sprint,SAME,0,,,
Chanbara (Japan),Chanbara,chanbara,chanbara,1,0,main,,Chan Bara,,WORSE,0,,,
Change Air Blade (Japan),Change Air Blade,changeairblade,change air blade,1,1,main,main,Change Air Blade,Change Air Blade,SAME,0,,,
Change Lanes,Change Lanes,changelanes,change lanes,1,1,main,main,Change Lanes,Change Lanes,SAME,0,,,
Changes,Changes,changes,changes,1,1,main,main,Changes,Changes,SAME,0,,,
Chaos Heat (V2.09O 19981002 1700),Chaos Heat,chaosheat,chaos heat,1,1,main,main,Chaos Heat,Chaos Heat,SAME,0,,,
Charlie Ninja,Charlie Ninja,charlieninja,charlie ninja,1,1,main,main,Charlie Ninja,Charlie Ninja,SAME,0,,,
Chase Bombers (World),Chase Bombers,chasebombers,chase bombers,1,1,main,main,Chase Bombers,Chase Bombers,SAME,0,,,
Chase H.Q. (World),Chase H.Q.,chasehq,chase h q,1,1,main,main,Chase H.Q.,Chase H.Q.,SAME,0,,,
Check Man,Check Man,checkman,check man,1,1,main,main,Check Man,Check Man,SAME,0,,,
Checkmate,Checkmate,checkmate,checkmate,1,1,main,main,Checkmate,Checkmate,SAME,0,,,
Cheeky Mouse,Cheeky Mouse,cheekymouse,cheeky mouse,1,1,main,main,Cheeky Mouse,Cheeky Mouse,SAME,0,,,
Cheese Chase,Cheese Chase,cheesechase,cheese chase,1,1,main,main,Cheese Chase,Cheese Chase,SAME,0,,,
Chequered Flag,Chequered Flag,chequeredflag,chequered flag,1,1,main,main,Chequered Flag,Chequered Flag,SAME,0,,,
Cheyenne (version 1.0),Cheyenne,cheyenne,cheyenne,1,1,main,main,Cheyenne,Cheyenne,SAME,0,,,
Chicken Farm (Version 2.0),Chicken Farm,chickenfarm,chicken farm,1,1,main,main,Chicken Farm,Chicken Farm,SAME,0,,,
Chicken Shift (11/23/84),Chicken Shift,chickenshift,chicken shift,1,1,main,main,Chicken Shift,Chicken Shift,SAME,0,,,
Chiller (version 3.0),Chiller,chiller,chiller,1,1,main,main,Chiller,Chiller,SAME,0,,,
China Gate (US),China Gate,chinagate,china gate,1,1,main,main,China Gate,China Gate,SAME,0,,,
China Town (Japan),China Town,chinatown,china town,1,1,main,main,China Town,China Town,SAME,0,,,
Chinese Hero,Chinese Hero,chinesehero,chinese hero,1,1,main,main,Chinese Hero,Chinese Hero,SAME,0,,,
Choky! Choky!,Choky! Choky!,chokychoky,choky choky,1,1,main,main,Choky! Choky!,Choky! Choky!,SAME,0,,,
Choplifter (8751 315-5151),Choplifter,choplifter,choplifter,1,1,main,main,Choplifter,Choplifter,SAME,0,,,
Chopper I (US Ver 2),Chopper I,chopperi,chopper i,1,1,main,main,Chopper I,Chopper I,SAME,0,,,
"Chou Zetsurinjin Berabowman (Japan, Rev C)",Chou Zetsurinjin Berabowman,chouzetsurinjinberabowman,chou zetsurinjin berabowman,0,0,,,,,SAME,0,,,
Chuka Taisen (World) (P0-028-A PCB),Chuka Taisen,chukataisen,chuka taisen,1,1,main,main,Chuka Taisen,Chuka Taisen,SAME,0,,,
Circus / Acrobat TV,Circus / Acrobat TV,circusacrobattv,circus acrobat tv,0,0,,,,,SAME,0,,,
"Circus Charlie (level select, set 1)",Circus Charlie,circuscharlie,circus charlie,1,1,main,main,Circus Charlie,Circus Charlie,SAME,0,,,
Cisco Heat,Cisco Heat,ciscoheat,cisco heat,1,1,main,main,Cisco Heat,Cisco Heat,SAME,0,,,
City Bomber (World),City Bomber,citybomber,city bomber,1,1,main,main,City Bomber,City Bomber,SAME,0,,,
City Connection (set 1),City Connection,cityconnection,city connection,1,1,main,main,City Connection,City Connection,SAME,0,,,
Clash-Road,Clash-Road,clashroad,clash road,1,1,main,main,Clash-Road,Clash-Road,SAME,0,,,
Clay Pigeon (version 2.0),Clay Pigeon,claypigeon,clay pigeon,1,1,main,main,Clay Pigeon,Clay Pigeon,SAME,0,,,
Clay Shoot,Clay Shoot,clayshoot,clay shoot,1,1,main,main,Clay Shoot,Clay Shoot,SAME,0,,,
Claybuster,Claybuster,claybuster,claybuster,1,1,main,main,Claybuster,Claybuster,SAME,0,,,
Cleopatra Fortune (Ver 2.1J 1996/09/05),Cleopatra Fortune,cleopatrafortune,cleopatra fortune,1,1,main,main,Cleopatra Fortune,Cleopatra Fortune,SAME,0,,,
Cloak &amp;amp;amp;amp; Dagger (rev 5),Cloak &amp;amp;amp;amp; Dagger,cloakampampampampdagger,cloak amp amp amp amp dagger,0,0,,,,,SAME,0,,,
Clowns (rev. 2),Clowns,clowns,clowns,1,1,main,main,Clowns,Clowns,SAME,0,,,
Cluedo (prod. 2D),Cluedo,cluedo,cluedo,1,1,main,main,Cluedo,Cluedo,SAME,0,,,
Cluster Buster (DECO Cassette) (US),Cluster Buster,clusterbuster,cluster buster,1,1,main,main,Cluster Buster,Cluster Buster,SAME,0,,,
Clutch Hitter (US) (FD1094 317-0176),Clutch Hitter,clutchhitter,clutch hitter,1,1,main,main,Clutch Hitter,Clutch Hitter,SAME,0,,,
Coco Loco (set 1),Coco Loco,cocoloco,coco loco,1,1,main,main,Coco Loco,Coco Loco,SAME,0,,,
Colony 7 (set 1),Colony 7,colony7,colony 7,1,1,main,main,Colony 7,Colony 7,SAME,0,,,
Columns (World),Columns,columns,columns,1,1,main,main,Columns,Columns,SAME,0,,,
Columns '97 (JET 961209 V1.000),Columns '97,columns97,columns 97,1,1,main,main,Columns '97,Columns '97,SAME,0,,,
Columns II The Voyage Through Time (World),Columns II The Voyage Through Time,columns2thevoyagethroughtime,columns ii the voyage through time,1,1,main,main,Columns II: The Voyage Through Time,Columns II: The Voyage Through Time,SAME,0,,,
Columns III (Mega Play),Columns III,columns3,columns iii,1,1,main,main,Columns III,Columns III,SAME,0,,,
Combat (version 3.0),Combat,combat,combat,1,1,main,main,Combat,Combat,SAME,0,,,
Combat Hawk,Combat Hawk,combathawk,combat hawk,1,1,main,main,Combat Hawk,Combat Hawk,SAME,0,,,
Combat School (joystick),Combat School,combatschool,combat school,1,1,main,main,Combat School,Combat School,SAME,0,,,
Come Back Toto,Come Back Toto,comebacktoto,come back toto,1,1,main,main,Come Back Toto,Come Back Toto,SAME,0,,,
Commando (Sega),Commando,commando,commando,0,0,,,,,SAME,0,,,
Commando (World),Commando,commando,commando,0,0,,,,,SAME,0,,,
CoMotion,CoMotion,comotion,comotion,1,1,main,main,CoMotion,CoMotion,SAME,0,,,
"Competition Golf Final Round (World?, revision 3)",Competition Golf Final Round,competitiongolffinalround,competition golf final round,1,1,main,main,Competition Golf: Final Round,Competition Golf: Final Round,SAME,0,,,
Complex X,Complex X,complexx,complex x,1,1,main,main,Complex X,Complex X,SAME,0,,,
"Congo Bongo (Rev C, 2 board stack)",Congo Bongo,congobongo,congo bongo,1,1,main,main,Congo Bongo,Congo Bongo,SAME,0,,,
Continental Circus (World),Continental Circus,continentalcircus,continental circus,1,1,main,main,Continental Circus,Continental Circus,SAME,0,,,
"Contra (US / Asia, set 1)",Contra,contra,contra,1,1,main,main,Contra,Contra,SAME,0,,,
Cookie &amp;amp;amp;amp; Bibi (set 1),Cookie &amp;amp;amp;amp; Bibi,cookieampampampampbibi,cookie amp amp amp amp bibi,0,0,,,,,SAME,0,,,
"Cookie &amp;amp;amp;amp; Bibi 2 (English, set 1)",Cookie &amp;amp;amp;amp; Bibi 2,cookieampampampampbibi2,cookie amp amp amp amp bibi 2,0,0,,,,,SAME,0,,,
Cookie &amp;amp;amp;amp; Bibi 3,Cookie &amp;amp;amp;amp; Bibi 3,cookieampampampampbibi3,cookie amp amp amp amp bibi 3,0,0,,,,,SAME,0,,,
Cool Boarders Arcade Jam (Export),Cool Boarders Arcade Jam,coolboardersarcadejam,cool boarders arcade jam,1,1,main,main,Cool Boarders Arcade Jam,Cool Boarders Arcade Jam,SAME,0,,,
Cool Minigame Collection,Cool Minigame Collection,coolminigamecollection,cool minigame collection,1,1,main,main,Cool Minigame Collection,Cool Minigame Collection,SAME,0,,,
Cool Riders,Cool Riders,coolriders,cool riders,1,1,main,main,Cool Riders,Cool Riders,SAME,0,,,
Coors Light Bowling,Coors Light Bowling,coorslightbowling,coors light bowling,1,1,main,main,Coors Light Bowling,Coors Light Bowling,SAME,0,,,
Cop 01 (set 1),Cop 01,cop01,cop 01,1,1,main,main,Cop 01,Cop 01,SAME,0,,,
Cops'n Robbers,Cops'n Robbers,copsnrobbers,cops n robbers,0,0,,,,,SAME,0,,,
"Cosmic Alien (version II, set 1)",Cosmic Alien,cosmicalien,cosmic alien,1,1,main,main,Cosmic Alien,Cosmic Alien,SAME,0,,,
Cosmic Avenger,Cosmic Avenger,cosmicavenger,cosmic avenger,1,1,main,main,Cosmic Avenger,Cosmic Avenger,SAME,0,,,
Cosmic Chasm (set 1),Cosmic Chasm,cosmicchasm,cosmic chasm,1,1,main,main,Cosmic Chasm,Cosmic Chasm,SAME,0,,,
Cosmic Cop (World),Cosmic Cop,cosmiccop,cosmic cop,1,1,main,main,Cosmic Cop,Cosmic Cop,SAME,0,,,
Cosmic Guerilla,Cosmic Guerilla,cosmicguerilla,cosmic guerilla,1,1,main,main,Cosmic Guerilla,Cosmic Guerilla,SAME,0,,,
Cosmo,Cosmo,cosmo,cosmo,1,1,main,main,Cosmo,Cosmo,SAME,0,,,
Cosmo Gang the Puzzle (US),Cosmo Gang the Puzzle,cosmogangthepuzzle,cosmo gang the puzzle,1,1,main,main,Cosmo Gang: The Puzzle,Cosmo Gang: The Puzzle,SAME,0,,,
Cosmo Gang the Video (US),Cosmo Gang the Video,cosmogangthevideo,cosmo gang the video,1,1,main,main,Cosmo Gang: The Video,Cosmo Gang: The Video,SAME,0,,,
Cosmo Police Galivan (12261985),Cosmo Police Galivan,cosmopolicegalivan,cosmo police galivan,1,1,main,main,Cosmo Police Galivan,Cosmo Police Galivan,SAME,0,,,
Cosmos,Cosmos,cosmos,cosmos,1,1,main,main,Cosmos,Cosmos,SAME,0,,,
"Cotton (set 4, World) (FD1094 317-0181a)",Cotton,cotton,cotton,0,0,,,,,SAME,0,,,
Cotton 2 (JUET 970902 V1.000),Cotton 2,cotton2,cotton 2,0,0,,,,,SAME,0,,,
Cotton Boomerang (JUET 980709 V1.000),Cotton Boomerang,cottonboomerang,cotton boomerang,1,1,main,main,Cotton Boomerang,Cotton Boomerang,SAME,0,,,
Counter Run (NS6201-A 1988.3),Counter Run,counterrun,counter run,1,1,main,main,Counter Run,Counter Run,SAME,0,,,
Country Club,Country Club,countryclub,country club,1,1,main,main,Country Club,Country Club,SAME,0,,,
Country Club Classic (v1.10 03-apr-1997),Country Club Classic,countryclubclassic,country club classic,1,1,main,main,Country Club Classic,Country Club Classic,SAME,0,,,
"Crack Down (World, Floppy Based, FD1094 317-0058-04c)",Crack Down,crackdown,crack down,1,1,main,main,Crack Down,Crack Down,SAME,0,,,
Crackshot (version 2.0),Crackshot,crackshot,crackshot,1,1,main,main,Crackshot,Crackshot,SAME,0,,,
Crash (set 1),Crash,crash,crash,1,1,main,main,Crash,Crash,SAME,0,,,
Crater Raider,Crater Raider,craterraider,crater raider,1,1,main,main,Crater Raider,Crater Raider,SAME,0,,,
Crayon Shinchan Orato Asobo (Japan),Crayon Shinchan Orato Asobo,crayonshinchanoratoasobo,crayon shinchan orato asobo,1,1,main,main,Crayon Shinchan Orato Asobo,Crayon Shinchan Orato Asobo,SAME,0,,,
Crazy Balloon (set 1),Crazy Balloon,crazyballoon,crazy balloon,1,1,main,main,Crazy Balloon,Crazy Balloon,SAME,0,,,
Crazy Climber (US set 1),Crazy Climber,crazyclimber,crazy climber,1,1,main,main,Crazy Climber,Crazy Climber,SAME,0,,,
Crazy Climber 2 (Japan),Crazy Climber 2,crazyclimber2,crazy climber 2,1,1,main,main,Crazy Climber 2,Crazy Climber 2,SAME,0,,,
Crazy Cross (ver EAA),Crazy Cross,crazycross,crazy cross,1,1,main,main,Crazy Cross,Crazy Cross,SAME,0,,,
Crazy Fight,Crazy Fight,crazyfight,crazy fight,1,1,main,main,Crazy Fight,Crazy Fight,SAME,0,,,
Crazy Kong,Crazy Kong,crazykong,crazy kong,1,1,main,main,Crazy Kong,Crazy Kong,SAME,0,,,
Crazy Kong Part II (set 1),Crazy Kong Part II,crazykongpart2,crazy kong part ii,1,1,main,main,Crazy Kong Part II,Crazy Kong Part II,SAME,0,,,
Crazy Rally (set 1),Crazy Rally,crazyrally,crazy rally,1,1,main,main,Crazy Rally,Crazy Rally,SAME,0,,,
Crazy War,Crazy War,crazywar,crazy war,1,1,main,main,Crazy War,Crazy War,SAME,0,,,
Crazzy Clownz (Version 1.0),Crazzy Clownz,crazzyclownz,crazzy clownz,1,1,main,main,Crazzy Clownz,Crazzy Clownz,SAME,0,,,
Crime City (World),Crime City,crimecity,crime city,1,1,main,main,Crime City,Crime City,SAME,0,,,
Crime Fighters (US 4 Players),Crime Fighters,crimefighters,crime fighters,1,1,main,main,Crime Fighters,Crime Fighters,SAME,0,,,
Crime Fighters (World 2 players),Crime Fighters,crimefighters,crime fighters,1,1,main,main,Crime Fighters,Crime Fighters,SAME,0,,,
Critter Crusher (EA 951204 V1.000),Critter Crusher,crittercrusher,critter crusher,1,1,main,main,Critter Crusher,Critter Crusher,SAME,0,,,
Croquis (Korea),Croquis,croquis,croquis,0,0,,,,,SAME,0,,,
Cross Pang,Cross Pang,crosspang,cross pang,1,1,main,main,Cross Pang,Cross Pang,SAME,0,,,
Crossbow (version 2.0),Crossbow,crossbow,crossbow,1,1,main,main,Crossbow,Crossbow,SAME,0,,,
Crowns Golf (834-5419-04),Crowns Golf,crownsgolf,crowns golf,1,1,main,main,Crowns Golf,Crowns Golf,SAME,0,,,
Crowns Golf in Hawaii,Crowns Golf in Hawaii,crownsgolfinhawaii,crowns golf in hawaii,1,1,main,main,Crowns Golf in Hawaii,Crowns Golf in Hawaii,SAME,0,,,
Crude Buster (World FX version),Crude Buster,crudebuster,crude buster,0,0,,,,,SAME,0,,,
Cruis'n Exotica (version 2.4),Cruis'n Exotica,cruisnexotica,cruis n exotica,1,1,main,main,Cruis'n Exotica,Cruis'n Exotica,SAME,0,,,
Cruis'n USA (v4.5),Cruis'n USA,cruisnusa,cruis n usa,1,1,main,main,Cruis'n USA,Cruis'n USA,SAME,0,,,
Cruis'n World (v2.5),Cruis'n World,cruisnworld,cruis n world,1,1,main,main,Cruis'n World,Cruis'n World,SAME,0,,,
Crush Roller (set 1),Crush Roller,crushroller,crush roller,1,1,main,main,Crush Roller,Crush Roller,SAME,0,,,
Crypt Killer (GQ420 UAA),Crypt Killer,cryptkiller,crypt killer,1,1,main,main,Crypt Killer,Crypt Killer,SAME,0,,,
Crystal Castles (joystick version),Crystal Castles,crystalcastles,crystal castles,1,1,main,main,Crystal Castles,Crystal Castles,SAME,0,,,
Crystal Castles (version 4),Crystal Castles,crystalcastles,crystal castles,1,1,main,main,Crystal Castles,Crystal Castles,SAME,0,,,
Cube Quest (010484),Cube Quest,cubequest,cube quest,1,1,main,main,Cube Quest,Cube Quest,SAME,0,,,
Cuby Bop (location test),Cuby Bop,cubybop,cuby bop,1,1,main,main,Cuby Bop,Cuby Bop,SAME,0,,,
"Cue Brick (World, version D)",Cue Brick,cuebrick,cue brick,1,1,main,main,Cue Brick,Cue Brick,SAME,0,,,
Curve Ball,Curve Ball,curveball,curve ball,1,1,main,main,Curve Ball,Curve Ball,SAME,0,,,
Cute Fighter,Cute Fighter,cutefighter,cute fighter,1,1,main,main,Cute Fighter,Cute Fighter,SAME,0,,,
Cutie Q,Cutie Q,cutieq,cutie q,1,1,main,main,Cutie Q,Cutie Q,SAME,0,,,
Cybattler,Cybattler,cybattler,cybattler,1,1,main,main,Cybattler,Cybattler,SAME,0,,,
"Cyber Police ESWAT (set 4, World) (FD1094 317-0130)",Cyber Police ESWAT,cyberpoliceeswat,cyber police eswat,0,0,,,,,SAME,0,,,
"Cyber Sled (CY2, World)",Cyber Sled,cybersled,cyber sled,1,1,main,main,Cyber Sled,Cyber Sled,SAME,0,,,
Cyber Tank (v1.4),Cyber Tank,cybertank,cyber tank,1,1,main,main,Cyber Tank,Cyber Tank,SAME,0,,,
Cyberball (rev 4),Cyberball,cyberball,cyberball,1,1,main,main,Cyberball,Cyberball,SAME,0,,,
"Cyberball 2072 (2 player, rev 4)",Cyberball 2072,cyberball2072,cyberball 2072,1,1,main,main,Cyberball 2072,Cyberball 2072,SAME,0,,,
Cycle Maabou (Japan),Cycle Maabou,cyclemaabou,cycle maabou,1,1,main,main,Cycle Maabou,Cycle Maabou,SAME,0,,,
Cycle Shooting,Cycle Shooting,cycleshooting,cycle shooting,1,1,main,main,Cycle Shooting,Cycle Shooting,SAME,0,,,
Cycle Warriors (rev C),Cycle Warriors,cyclewarriors,cycle warriors,1,1,main,main,Cycle Warriors,Cycle Warriors,SAME,0,,,
Cyvern - The Dragon Weapons (US),Cyvern - The Dragon Weapons,cyvernthedragonweapons,cyvern the dragon weapons,1,1,main,main,Cyvern: The Dragon Weapons,Cyvern: The Dragon Weapons,SAME,0,,,
"D. D. Crew (World, 4 Players) (FD1094 317-0187)",D. D. Crew,ddcrew,d d crew,1,1,main,main,D. D. Crew,D. D. Crew,SAME,0,,,
Dacholer,Dacholer,dacholer,dacholer,1,1,main,main,Dacholer,Dacholer,SAME,0,,,
Dai 3 Wakusei (Japan),Dai 3 Wakusei,dai3wakusei,dai 3 wakusei,1,1,main,main,Dai 3 Wakusei,Dai 3 Wakusei,SAME,0,,,
Daikaiju no Gyakushu (rev 1),Daikaiju no Gyakushu,daikaijunogyakushu,daikaiju no gyakushu,1,1,main,main,Daikaiju no Gyakushu,Daikaiju no Gyakushu,SAME,0,,,
Daioh,Daioh,daioh,daioh,1,1,main,main,Daioh,Daioh,SAME,0,,,
Daisu-Kiss (ver JAA),Daisu-Kiss,daisukiss,daisu kiss,1,1,main,main,Daisu-Kiss,Daisu-Kiss,SAME,0,,,
Daitoride,Daitoride,daitoride,daitoride,1,1,main,main,Daitoride,Daitoride,SAME,0,,,
Dam Dam Boy (on dedicated PCB),Dam Dam Boy,damdamboy,dam dam boy,0,0,,,,,SAME,0,,,
"Dambusters (US, set 1)",Dambusters,dambusters,dambusters,1,1,main,main,Dambusters,Dambusters,SAME,0,,,
Dance Dance Revolution 2nd Mix (GN895 VER. JAA),Dance Dance Revolution 2nd Mix,dancedancerevolution2ndmix,dance dance revolution 2nd mix,1,1,main,main,Dance Dance Revolution 2nd Mix,Dance Dance Revolution 2nd Mix,SAME,0,,,
Dance Dance Revolution Kids (GQAN4 JAA),Dance Dance Revolution Kids,dancedancerevolutionkids,dance dance revolution kids,1,1,main,main,Dance Dance Revolution Kids,Dance Dance Revolution Kids,SAME,0,,,
Dancing Stage featuring TRUE KiSS DESTiNATiON (G884 VER. JAA),Dancing Stage featuring TRUE KiSS DESTiNATiON,dancingstagefeaturingtruekissdestination,dancing stage featuring true kiss destination,1,1,main,main,Dancing Stage featuring TRUE KiSS DESTiNATiON,Dancing Stage featuring TRUE KiSS DESTiNATiON,SAME,0,,,
Danger Zone (rev 2),Danger Zone,dangerzone,danger zone,1,1,main,main,Danger Zone,Danger Zone,SAME,0,,,
Dangerous Dungeons (set 1),Dangerous Dungeons,dangerousdungeons,dangerous dungeons,1,1,main,main,Dangerous Dungeons,Dangerous Dungeons,SAME,0,,,
Dangerous Seed (Japan),Dangerous Seed,dangerousseed,dangerous seed,1,1,main,main,Dangerous Seed,Dangerous Seed,SAME,0,,,
Danny Sullivan's Indy Heat (rev 1),Danny Sullivan's Indy Heat,dannysullivansindyheat,danny sullivan s indy heat,1,1,main,main,Danny Sullivan's Indy Heat,Danny Sullivan's Indy Heat,SAME,0,,,
"Darius (World, rev 2)",Darius,darius,darius,1,1,main,main,Darius,Darius,SAME,0,,,
Darius Extra Version (Japan),Darius Extra Version,dariusextraversion,darius extra version,1,1,main,main,Darius Extra Version,Darius Extra Version,SAME,0,,,
Darius Gaiden - Silver Hawk (Ver 2.5O 1994/09/19),Darius Gaiden - Silver Hawk,dariusgaidensilverhawk,darius gaiden silver hawk,0,0,,,,,SAME,0,,,
Darius Gaiden - Silver Hawk Extra Version (Ver 2.7J 19950306) (Official Hack),Darius Gaiden - Silver Hawk Extra Version,dariusgaidensilverhawkextraversion,darius gaiden silver hawk extra version,1,1,main,main,Darius Gaiden: Silver Hawk Extra Version,Darius Gaiden: Silver Hawk Extra Version,SAME,0,,,
"Darius II (triple screen) (Japan, rev 1)",Darius II,darius2,darius ii,0,0,,,,,SAME,0,,,
Dark Adventure,Dark Adventure,darkadventure,dark adventure,0,0,,,,,SAME,0,,,
Dark Edge (World),Dark Edge,darkedge,dark edge,1,1,main,main,Dark Edge,Dark Edge,SAME,0,,,
Dark Horse Legend (GX706 VER. JAA),Dark Horse Legend,darkhorselegend,dark horse legend,1,1,main,main,Dark Horse Legend,Dark Horse Legend,SAME,0,,,
Dark Planet,Dark Planet,darkplanet,dark planet,1,1,main,main,Dark Planet,Dark Planet,SAME,0,,,
Dark Seal (World revision 3),Dark Seal,darkseal,dark seal,0,0,,,,,SAME,0,,,
Dark Tower,Dark Tower,darktower,dark tower,1,1,main,main,Dark Tower,Dark Tower,SAME,0,,,
Dark Warrior,Dark Warrior,darkwarrior,dark warrior,1,1,main,main,Dark Warrior,Dark Warrior,SAME,0,,,
Darwin 4078 (Japan),Darwin 4078,darwin4078,darwin 4078,1,1,main,main,Darwin 4078,Darwin 4078,SAME,0,,,
Dazzler,Dazzler,dazzler,dazzler,1,1,main,main,Dazzler,Dazzler,SAME,0,,,
D-Con,D-Con,dcon,d con,1,1,main,main,D-CON,D-CON,SAME,0,,,
D-Day,D-Day,dday,d day,0,0,,,,,SAME,0,,,
D-Day (Jaleco set 1),D-Day,dday,d day,0,0,,,,,SAME,0,,,
Dead Angle,Dead Angle,deadangle,dead angle,1,1,main,main,Dead Angle,Dead Angle,SAME,0,,,
Dead Connection (World),Dead Connection,deadconnection,dead connection,1,1,main,main,Dead Connection,Dead Connection,SAME,0,,,
Dead Eye,Dead Eye,deadeye,dead eye,0,0,,,,,SAME,0,,,
Dead Or Alive ++ (JapanUSAExport),Dead Or Alive ++,deadoralive,dead or alive,1,1,main,main,Dead or Alive,Dead or Alive,SAME,0,,,
Decathlete (JUET 960709 V1.001),Decathlete,decathlete,decathlete,1,1,main,main,Decathlete,Decathlete,SAME,0,,,
Deer Hunting USA V4.3,Deer Hunting USA V4.3,deerhuntingusav43,deer hunting usa v4 3,0,0,,,,,SAME,0,,,
Defend the Terra Attack on the Red UFO,Defend the Terra Attack on the Red UFO,defendtheterraattackontheredufo,defend the terra attack on the red ufo,1,1,main,main,Defend the Terra Attack on the Red UFO,Defend the Terra Attack on the Red UFO,SAME,0,,,
Defender (Red label),Defender,defender,defender,1,1,main,main,Defender,Defender,SAME,0,,,
"Defense (System 16B, FD1089A 317-0028)",Defense,defense,defense,0,0,,,,,SAME,0,,,
Delta Command (Arcadia),Delta Command,deltacommand,delta command,1,1,main,main,Delta Command,Delta Command,SAME,0,,,
Demolition Derby,Demolition Derby,demolitionderby,demolition derby,0,0,,,,,SAME,0,,,
Demon,Demon,demon,demon,1,1,main,main,Demon,Demon,SAME,0,,,
Demoneye-X,Demoneye-X,demoneyex,demoneye x,1,1,main,main,Demoneye-X,Demoneye-X,SAME,0,,,
Demon's World (World)  Horror Story (Japan) (set 1),Demon's World  Horror Story,demonsworldhorrorstory,demon s world horror story,0,0,,,,,SAME,0,,,
Denjin Makai (set 1),Denjin Makai,denjinmakai,denjin makai,1,1,main,main,Denjin Makai,Denjin Makai,SAME,0,,,
Densha de GO! (Ver 2.3 J),Densha de GO!,denshadego,densha de go,1,1,main,main,Densha de Go!!,Densha de Go!!,SAME,0,,,
Densha de GO! 2 Kousoku-hen (Ver 2.5 J),Densha de GO! 2 Kousoku-hen,denshadego2kousokuhen,densha de go 2 kousoku hen,1,1,main,main,Densha de GO! 2 Kousoku-hen,Densha de GO! 2 Kousoku-hen,SAME,0,,,
Densha de GO! EX (Ver 2.4 J),Densha de GO! EX,denshadegoex,densha de go ex,1,1,main,main,Densha de GO! EX,Densha de GO! EX,SAME,0,,,
Depthcharge,Depthcharge,depthcharge,depthcharge,1,1,main,main,Depthcharge,Depthcharge,SAME,0,,,
"Deroon DeroDero (earlier, set 1)",Deroon DeroDero,deroonderodero,deroon derodero,1,1,main,main,Deroon DeroDero,Deroon DeroDero,SAME,0,,,
Desert Assault (US 4 Players),Desert Assault,desertassault,desert assault,1,1,main,main,Desert Assault,Desert Assault,SAME,0,,,
Desert Assault (US),Desert Assault,desertassault,desert assault,1,1,main,main,Desert Assault,Desert Assault,SAME,0,,,
Desert Breaker (World) (FD1094 317-0196),Desert Breaker,desertbreaker,desert breaker,1,1,main,main,Desert Breaker,Desert Breaker,SAME,0,,,
Desert Dan,Desert Dan,desertdan,desert dan,1,1,main,main,Desert Dan,Desert Dan,SAME,0,,,
Desert Gun,Desert Gun,desertgun,desert gun,0,0,,,,,SAME,0,,,
Desert War / Wangan Sensou (ver 1.0),Desert War / Wangan Sensou,desertwarwangansensou,desert war wangan sensou,0,0,,,,,SAME,0,,,
"Destroyer (Atari, version O2)",Destroyer,destroyer,destroyer,0,0,,,,,SAME,0,,,
Devastators (ver. Z),Devastators,devastators,devastators,1,1,main,main,Devastators,Devastators,SAME,0,,,
Devil Fish (Scramble hardware),Devil Fish,devilfish,devil fish,1,1,main,main,Devil Fish,Devil Fish,SAME,0,,,
Devil World,Devil World,devilworld,devil world,1,1,main,main,Devil World,Devil World,SAME,0,,,
Devil Zone,Devil Zone,devilzone,devil zone,1,1,main,main,Devil Zone,Devil Zone,SAME,0,,,
Dharma Doujou,Dharma Doujou,dharmadoujou,dharma doujou,1,1,main,main,Dharma Doujou,Dharma Doujou,SAME,0,,,
Diamond Run,Diamond Run,diamondrun,diamond run,1,1,main,main,Diamond Run,Diamond Run,SAME,0,,,
Dice - The Dice Game!,Dice - The Dice Game!,dicethedicegame,dice the dice game,1,1,main,main,Dice: The Dice Game!,Dice: The Dice Game!,SAME,0,,,
Die Hard Arcade (UET 960515 V1.000),Die Hard Arcade,diehardarcade,die hard arcade,1,1,main,main,Die Hard Arcade,Die Hard Arcade,SAME,0,,,
Diet Family,Diet Family,dietfamily,diet family,1,1,main,main,Diet Family,Diet Family,SAME,0,,,
"Diet Go Go (Europe v1.1 1992.09.26, set 1)",Diet Go Go,dietgogo,diet go go,1,1,main,main,Diet Go Go,Diet Go Go,SAME,0,,,
Dig Dug (rev 2),Dig Dug,digdug,dig dug,1,1,main,main,Dig Dug,Dig Dug,SAME,0,,,
Dig Dug II (New Ver.),Dig Dug II,digdug2,dig dug ii,1,1,main,main,Dig Dug II,Dig Dug II,SAME,0,,,
Digger,Digger,digger,digger,0,0,,,,,SAME,0,,,
Digger (CVS),Digger,digger,digger,0,0,,,,,SAME,0,,,
Dingo,Dingo,dingo,dingo,1,1,main,main,Dingo,Dingo,SAME,0,,,
Dino Rex (World),Dino Rex,dinorex,dino rex,1,1,main,main,Dino Rex,Dino Rex,SAME,0,,,
"Dirt Dash (World, DT2 Ver.B)",Dirt Dash,dirtdash,dirt dash,1,1,main,main,Dirt Dash,Dirt Dash,SAME,0,,,
Dirt Fox (Japan),Dirt Fox,dirtfox,dirt fox,1,1,main,main,Dirt Fox,Dirt Fox,SAME,0,,,
Disco Boy,Disco Boy,discoboy,disco boy,1,1,main,main,Disco Boy,Disco Boy,SAME,0,,,
Disco No.1,Disco No.1,discono1,disco no 1,1,1,main,main,Disco No.1,Disco No.1,SAME,0,,,
Disco No.1 (DECO Cassette) (US),Disco No.1,discono1,disco no 1,1,1,main,main,Disco No.1,Disco No.1,SAME,0,,,
"Discs of Tron (Upright, 10/4/83)",Discs of Tron,discsoftron,discs of tron,1,1,main,main,Discs of Tron,Discs of Tron,SAME,0,,,
Diver Boy,Diver Boy,diverboy,diver boy,1,1,main,main,Diver Boy,Diver Boy,SAME,0,,,
DJ Boy (World),DJ Boy,djboy,dj boy,1,1,main,main,DJ Boy,DJ Boy,SAME,0,,,
DJ Girl (Promat license),DJ Girl,djgirl,dj girl,1,1,main,main,DJ Girl,DJ Girl,SAME,0,,,
Do! Run Run (set 1),Do! Run Run,dorunrun,do run run,1,1,main,main,Do! Run Run,Do! Run Run,SAME,0,,,
Dobou-Chan (ver JAA),Dobou-Chan,dobouchan,dobou chan,1,1,main,main,Dobou-Chan,Dobou-Chan,SAME,0,,,
Dock Man (set 1),Dock Man,dockman,dock man,0,0,,,,,SAME,0,,,
Dodge Man,Dodge Man,dodgeman,dodge man,1,1,main,main,Dodge Man,Dodge Man,SAME,0,,,
Dodgem,Dodgem,dodgem,dodgem,1,1,main,main,Dodgem,Dodgem,SAME,0,,,
Dog Fight (Thunderbolt),Dog Fight,dogfight,dog fight,1,1,main,main,Dog Fight,Dog Fight,SAME,0,,,
Dog Patch,Dog Patch,dogpatch,dog patch,1,1,main,main,Dog Patch,Dog Patch,SAME,0,,,
Dogou Souken (Joystick hack bootleg),Dogou Souken,dogousouken,dogou souken,0,0,,,,,SAME,0,,,
Dogyuun,Dogyuun,dogyuun,dogyuun,1,1,main,main,Dogyuun,Dogyuun,SAME,0,,,
Dokaben (Japan),Dokaben,dokaben,dokaben,1,1,main,main,Dokaben,Dokaben,SAME,0,,,
Dokaben 2 (Japan),Dokaben 2,dokaben2,dokaben 2,1,1,main,main,Dokaben 2,Dokaben 2,SAME,0,,,
Doki Doki Penguin Land,Doki Doki Penguin Land,dokidokipenguinland,doki doki penguin land,1,1,main,main,Doki Doki Penguin Land,Doki Doki Penguin Land,SAME,0,,,
Dolmen,Dolmen,dolmen,dolmen,1,1,main,main,Dolmen,Dolmen,SAME,0,,,
Domino Block,Domino Block,dominoblock,domino block,1,1,main,main,Domino Block,Domino Block,SAME,0,,,
Domino Man (set 1),Domino Man,dominoman,domino man,1,1,main,main,Domino Man,Domino Man,SAME,0,,,
Dominos,Dominos,dominos,dominos,1,1,main,main,Dominos,Dominos,SAME,0,,,
Dommy,Dommy,dommy,dommy,1,1,main,main,Dommy,Dommy,SAME,0,,,
Don Den Lover Vol. 1 - Shiro Kuro Tsukeyo! (Japan),Don Den Lover Vol. 1 - Shiro Kuro Tsukeyo!,dondenlovervol1shirokurotsukeyo,don den lover vol 1 shiro kuro tsukeyo,1,1,main,main,Don Den Lover Vol. 1: Shiro Kuro Tsukeyo!,Don Den Lover Vol. 1: Shiro Kuro Tsukeyo!,SAME,0,,,
"Don Doko Don (World, rev 1)",Don Doko Don,dondokodon,don doko don,1,1,main,main,Don Doko Don,Don Doko Don,SAME,0,,,
Donkey Kong (US set 1),Donkey Kong,donkeykong,donkey kong,1,1,main,main,Donkey Kong,Donkey Kong,SAME,0,,,
Donkey Kong 3 (US),Donkey Kong 3,donkeykong3,donkey kong 3,1,1,main,main,Donkey Kong 3,Donkey Kong 3,SAME,0,,,
Donkey Kong Junior (US set F-2),Donkey Kong Junior,donkeykongjunior,donkey kong junior,1,1,main,main,Donkey Kong Junior,Donkey Kong Junior,SAME,0,,,
Dora-chan (Japan),Dora-chan,dorachan,dora chan,1,1,main,main,Dora-chan,Dora-chan,SAME,0,,,
Dorodon (set 1),Dorodon,dorodon,dorodon,1,1,main,main,Dorodon,Dorodon,SAME,0,,,
Dottori Kun (new version),Dottori Kun,dottorikun,dottori kun,1,1,main,main,Dottori Kun,Dottori Kun,SAME,0,,,
"Double Axle (US, Rev 1)",Double Axle,doubleaxle,double axle,1,1,main,main,Double Axle,Double Axle,SAME,0,,,
Double Dragon (World set 1),Double Dragon,doubledragon,double dragon,1,1,main,main,Double Dragon,Double Dragon,SAME,0,,,
Double Dragon 3: The Rosetta Stone (US),Double Dragon 3: The Rosetta Stone,doubledragon3therosettastone,double dragon 3 the rosetta stone,1,1,main,main,Double Dragon 3: The Rosetta Stone,Double Dragon 3: The Rosetta Stone,SAME,0,,,
Double Dragon II: The Revenge (World),Double Dragon II: The Revenge,doubledragon2therevenge,double dragon ii the revenge,1,1,main,main,Double Dragon II: The Revenge,Double Dragon II: The Revenge,SAME,0,,,
Double Dribble,Double Dribble,doubledribble,double dribble,1,1,main,main,Double Dribble,Double Dribble,SAME,0,,,
Double Play,Double Play,doubleplay,double play,1,1,main,main,Double Play,Double Play,SAME,0,,,
Double Point,Double Point,doublepoint,double point,1,1,main,main,Double Point,Double Point,SAME,0,,,
Double Wings (set 1),Double Wings,doublewings,double wings,1,1,main,main,Double-Wings,Double-Wings,SAME,0,,,
DownTown / Mokugeki (joystick hack),DownTown / Mokugeki,downtownmokugeki,downtown mokugeki,0,0,,,,,SAME,0,,,
DownTown / Mokugeki (set 1),DownTown / Mokugeki,downtownmokugeki,downtown mokugeki,0,0,,,,,SAME,0,,,
Dr. Micro,Dr. Micro,drmicro,dr micro,1,1,main,main,Dr. Micro,Dr. Micro,SAME,0,,,
Dr. Tomy,Dr. Tomy,drtomy,dr tomy,1,1,main,main,Dr. Tomy,Dr. Tomy,SAME,0,,,
Dr. Toppel's Adventure (World),Dr. Toppel's Adventure,drtoppelsadventure,dr toppel s adventure,1,1,main,main,Dr. Toppel's Adventure,Dr. Toppel's Adventure,SAME,0,,,
Draco,Draco,draco,draco,1,1,main,main,Draco,Draco,SAME,0,,,
Drag Race,Drag Race,dragrace,drag race,1,1,main,main,Drag Race,Drag Race,SAME,0,,,
Dragon Ball Z (rev B),Dragon Ball Z,dragonballz,dragon ball z,1,1,main,main,Dragon Ball Z,Dragon Ball Z,SAME,0,,,
Dragon Ball Z 2 - Super Battle,Dragon Ball Z 2 - Super Battle,dragonballz2superbattle,dragon ball z 2 super battle,1,1,main,main,Dragon Ball Z 2: Super Battle,Dragon Ball Z 2: Super Battle,SAME,0,,,
"Dragon Ball Z V.R. V.S. (Japan, Rev A)",Dragon Ball Z V.R. V.S.,dragonballzvrvs,dragon ball z v r v s,1,1,main,main,Dragon Ball Z: V.R.V.S.,Dragon Ball Z: V.R.V.S.,SAME,0,,,
Dragon Blaze,Dragon Blaze,dragonblaze,dragon blaze,1,1,main,main,Dragon Blaze,Dragon Blaze,SAME,0,,,
"Dragon Bowl (set 1, encrypted program)",Dragon Bowl,dragonbowl,dragon bowl,1,1,main,main,Dragon Bowl,Dragon Bowl,SAME,0,,,
"Dragon Breed (World, M81 hardware)",Dragon Breed,dragonbreed,dragon breed,1,1,main,main,Dragon Breed,Dragon Breed,SAME,0,,,
Dragon Buster,Dragon Buster,dragonbuster,dragon buster,1,1,main,main,Dragon Buster,Dragon Buster,SAME,0,,,
Dragon Gun (US),Dragon Gun,dragongun,dragon gun,1,1,main,main,Dragon Gun,Dragon Gun,SAME,0,,,
Dragon Master (set 1),Dragon Master,dragonmaster,dragon master,1,1,main,main,Dragon Master,Dragon Master,SAME,0,,,
Dragon Punch (Japan),Dragon Punch,dragonpunch,dragon punch,1,1,main,main,Dragon Punch,Dragon Punch,SAME,0,,,
"Dragon Saber (World, DO2)",Dragon Saber,dragonsaber,dragon saber,1,1,main,main,Dragon Saber,Dragon Saber,SAME,0,,,
Dragon Spirit (new version (DS3)),Dragon Spirit,dragonspirit,dragon spirit,1,1,main,main,Dragon Spirit,Dragon Spirit,SAME,0,,,
Dragon Unit / Castle of Dragon,Dragon Unit / Castle of Dragon,dragonunitcastleofdragon,dragon unit castle of dragon,0,0,,,,,SAME,0,,,
"Dragon World (World, V040O)",Dragon World,dragonworld,dragon world,1,1,main,main,Dragon World,Dragon World,SAME,0,,,
"Dragonninja (Japan, revision 1)",Dragonninja,dragonninja,dragonninja,0,0,,,,,SAME,0,,,
Dragoon Might (ver AAB),Dragoon Might,dragoonmight,dragoon might,1,1,main,main,Dragoon Might,Dragoon Might,SAME,0,,,
Drakton (DK conversion),Drakton,drakton,drakton,1,1,main,main,Drakton,Drakton,SAME,0,,,
Dream Shopper,Dream Shopper,dreamshopper,dream shopper,1,1,main,main,Dream Shopper,Dream Shopper,SAME,0,,,
"Dream Soccer '94 (World, M107 hardware)",Dream Soccer '94,dreamsoccer94,dream soccer 94,1,1,main,main,Dream Soccer '94,Dream Soccer '94,SAME,0,,,
Dream World,Dream World,dreamworld,dream world,1,1,main,main,Dream World,Dream World,SAME,0,,,
Dribbling (set 1),Dribbling,dribbling,dribbling,1,1,main,main,Dribbling,Dribbling,SAME,0,,,
Drift Out (Europe),Drift Out,driftout,drift out,1,1,main,main,Drift Out,Drift Out,SAME,0,,,
Drift Out '94 - The Hard Order (Japan),Drift Out '94 - The Hard Order,driftout94thehardorder,drift out 94 the hard order,1,1,main,main,Drift Out '94: The Hard Order,Drift Out '94: The Hard Order,SAME,0,,,
Driver's Edge (v1.6),Driver's Edge,driversedge,driver s edge,1,1,main,main,Driver's Edge,Driver's Edge,SAME,0,,,
"Driver's Eyes (Japan) (19920110, Main Ver 2.1, Sub Ver 1.1)",Driver's Eyes,driverseyes,driver s eyes,1,1,main,main,Driver's Eyes,Driver's Eyes,SAME,0,,,
Driving Force (Pac-Man conversion),Driving Force,drivingforce,driving force,1,1,main,main,Driving Force,Driving Force,SAME,0,,,
Dual Assault,Dual Assault,dualassault,dual assault,0,0,,,,,SAME,0,,,
Dungeon Magic (Ver 2.1O 19940218),Dungeon Magic,dungeonmagic,dungeon magic,1,1,main,main,Dungeon Magic,Dungeon Magic,SAME,0,,,
"Dunk Shot (Rev C, FD1089A 317-0022)",Dunk Shot,dunkshot,dunk shot,1,1,main,main,Dunk Shot,Dunk Shot,SAME,0,,,
Dyger (Korea set 1),Dyger,dyger,dyger,1,1,main,main,Dyger,Dyger,SAME,0,,,
Dyna Gear,Dyna Gear,dynagear,dyna gear,1,1,main,main,Dyna Gear,Dyna Gear,SAME,0,,,
Dynablaster  Bomber Man,Dynablaster  Bomber Man,dynablasterbomberman,dynablaster bomber man,0,0,,,,,SAME,0,,,
"Dynamic Country Club (World, ROM Based)",Dynamic Country Club,dynamiccountryclub,dynamic country club,0,0,,,,,SAME,0,,,
Dynamic Shoot Kyousou,Dynamic Shoot Kyousou,dynamicshootkyousou,dynamic shoot kyousou,1,1,main,main,Dynamic Shoot Kyousou,Dynamic Shoot Kyousou,SAME,0,,,
Dynamic Ski,Dynamic Ski,dynamicski,dynamic ski,1,1,main,main,Dynamic Ski,Dynamic Ski,SAME,0,,,
"Dynamite Bomber (Korea, Rev 1.5)",Dynamite Bomber,dynamitebomber,dynamite bomber,1,1,main,main,Dynamite Bomber,Dynamite Bomber,SAME,0,,,
"Dynamite Duke (Europe, 03SEP89)",Dynamite Duke,dynamiteduke,dynamite duke,1,1,main,main,Dynamite Duke,Dynamite Duke,SAME,0,,,
"Dynamite Dux (set 3, World) (FD1094 317-0096)",Dynamite Dux,dynamitedux,dynamite dux,1,1,main,main,Dynamite Düx,Dynamite Düx,SAME,0,,,
Dynamite League (US),Dynamite League,dynamiteleague,dynamite league,1,1,main,main,Dynamite League,Dynamite League,SAME,0,,,
Dyno Bop (V1.1),Dyno Bop,dynobop,dyno bop,1,1,main,main,Dyno Bop,Dyno Bop,SAME,0,,,
E.D.F. Earth Defense Force (set 1),E.D.F. Earth Defense Force,edfearthdefenseforce,e d f earth defense force,1,1,main,main,E.D.F. Earth Defense Force,E.D.F. Earth Defense Force,SAME,0,,,
Eagle Shot Golf (US),Eagle Shot Golf,eagleshotgolf,eagle shot golf,1,1,main,main,Eagle Shot Golf,Eagle Shot Golf,SAME,0,,,
Eeekk!,Eeekk!,eeekk,eeekk,1,1,main,main,Eeekk!,Eeekk!,SAME,0,,,
Egg Hunt,Egg Hunt,egghunt,egg hunt,1,1,main,main,Egg Hunt,Egg Hunt,SAME,0,,,
Egg Venture (Release 10),Egg Venture,eggventure,egg venture,1,1,main,main,Egg Venture,Egg Venture,SAME,0,,,
Eggor,Eggor,eggor,eggor,1,1,main,main,Eggor,Eggor,SAME,0,,,
Eggs (USA),Eggs,eggs,eggs,1,1,main,main,Eggs,Eggs,SAME,0,,,
Eight Ball Action (DK conversion),Eight Ball Action,eightballaction,eight ball action,1,1,main,main,Eight Ball Action,Eight Ball Action,SAME,0,,,
Eight Forces,Eight Forces,eightforces,eight forces,1,1,main,main,Eight Forces,Eight Forces,SAME,0,,,
Ejihon Tantei Jimusho (J 950613 V1.000),Ejihon Tantei Jimusho,ejihontanteijimusho,ejihon tantei jimusho,0,0,,,,,SAME,0,,,
El Fin Del Tiempo,El Fin Del Tiempo,elfindeltiempo,el fin del tiempo,1,1,main,main,El Fin Del Tiempo,El Fin Del Tiempo,SAME,0,,,
"Elevator Action (BA3, 4 PCB version, 1.1)",Elevator Action,elevatoraction,elevator action,1,1,main,main,Elevator Action,Elevator Action,SAME,0,,,
Elevator Action Returns (Ver 2.2O 1995/02/20),Elevator Action Returns,elevatoractionreturns,elevator action returns,1,1,main,main,Elevator Action Returns,Elevator Action Returns,SAME,0,,,
Eleven Beat,Eleven Beat,elevenbeat,eleven beat,0,0,,,,,SAME,0,,,
Elfin,Elfin,elfin,elfin,1,1,main,main,Elfin,Elfin,SAME,0,,,
Eliminator (4 Players),Eliminator,eliminator,eliminator,1,1,main,main,Eliminator,Eliminator,SAME,0,,,
Embargo,Embargo,embargo,embargo,1,1,main,main,Embargo,Embargo,SAME,0,,,
Emeraldia (World),Emeraldia,emeraldia,emeraldia,1,1,main,main,Emeraldia,Emeraldia,SAME,0,,,
Empire City: 1931 (bootleg?),Empire City: 1931,empirecity1931,empire city 1931,1,1,main,main,Empire City: 1931,Empire City: 1931,SAME,0,,,
"Enduro Racer (Rev A, YM2151, FD1089B 317-0013A)",Enduro Racer,enduroracer,enduro racer,1,1,main,main,Enduro Racer,Enduro Racer,SAME,0,,,
Enforce (World),Enforce,enforce,enforce,1,1,main,main,Enforce,Enforce,SAME,0,,,
Enigma II,Enigma II,enigma2,enigma ii,1,1,main,main,Enigma II,Enigma II,SAME,0,,,
Equites,Equites,equites,equites,1,1,main,main,Equites,Equites,SAME,0,,,
ErotictacTactic,ErotictacTactic,erotictactactic,erotictactactic,0,0,,,,,SAME,0,,,
Escape from the Planet of the Robot Monsters (set 1),Escape from the Planet of the Robot Monsters,escapefromtheplanetoftherobotmonsters,escape from the planet of the robot monsters,1,1,main,main,Escape from the Planet of the Robot Monsters,Escape from the Planet of the Robot Monsters,SAME,0,,,
"Escape Kids (Asia, 4 Players)",Escape Kids,escapekids,escape kids,1,1,main,main,Escape Kids,Escape Kids,SAME,0,,,
Espial (Europe),Espial,espial,espial,1,1,main,main,Espial,Espial,SAME,0,,,
Euro Champ '92 (World),Euro Champ '92,eurochamp92,euro champ 92,1,1,main,main,Euro Champ '92,Euro Champ '92,SAME,0,,,
Every Second Counts (39-360-053),Every Second Counts,everysecondcounts,every second counts,1,1,main,main,Every Second Counts,Every Second Counts,SAME,0,,,
Evil Night (ver UBA),Evil Night,evilnight,evil night,1,1,main,main,Evil Night,Evil Night,SAME,0,,,
Evil Stone,Evil Stone,evilstone,evil stone,1,1,main,main,Evil Stone,Evil Stone,SAME,0,,,
Evolution Soccer,Evolution Soccer,evolutionsoccer,evolution soccer,0,0,,,,,SAME,0,,,
Excelsior (set 1),Excelsior,excelsior,excelsior,1,1,main,main,Excelsior,Excelsior,SAME,0,,,
Excite League (FD1094 317-0079),Excite League,exciteleague,excite league,1,1,main,main,Excite League,Excite League,SAME,0,,,
"Exciting Animal Land Jr. (USA, Canada, Mexico)",Exciting Animal Land Jr.,excitinganimallandjr,exciting animal land jr,1,1,main,main,Exciting Animal Land Jr.,Exciting Animal Land Jr.,SAME,0,,,
Exciting Soccer,Exciting Soccer,excitingsoccer,exciting soccer,1,1,main,main,Exciting Soccer,Exciting Soccer,SAME,0,,,
Exciting Soccer II,Exciting Soccer II,excitingsoccer2,exciting soccer ii,1,1,main,main,Exciting Soccer II,Exciting Soccer II,SAME,0,,,
Exed Exes,Exed Exes,exedexes,exed exes,1,1,main,main,Exed Exes,Exed Exes,SAME,0,,,
Exerion,Exerion,exerion,exerion,1,1,main,main,Exerion,Exerion,SAME,0,,,
Explorer (DECO Cassette) (US),Explorer,explorer,explorer,1,1,main,main,Explorer,Explorer,SAME,0,,,
Explosive Breaker (World),Explosive Breaker,explosivebreaker,explosive breaker,1,1,main,main,Explosive Breaker,Explosive Breaker,SAME,0,,,
"Express Raider (World, Rev 4)",Express Raider,expressraider,express raider,1,1,main,main,Express Raider,Express Raider,SAME,0,,,
Extermination (World),Extermination,extermination,extermination,1,1,main,main,Extermination,Extermination,SAME,0,,,
Exterminator,Exterminator,exterminator,exterminator,1,1,main,main,Exterminator,Exterminator,SAME,0,,,
Extra Bases,Extra Bases,extrabases,extra bases,1,1,main,main,Extra Bases,Extra Bases,SAME,0,,,
Extra Inning  Ball Park II,Extra Inning  Ball Park II,extrainningballpark2,extra inning ball park ii,0,0,,,,,SAME,0,,,
Extreme Downhill (v1.5),Extreme Downhill,extremedownhill,extreme downhill,1,1,main,main,Extreme Downhill,Extreme Downhill,SAME,0,,,
Exvania (World),Exvania,exvania,exvania,1,1,main,main,Exvania,Exvania,SAME,0,,,
"Exzisus (EX 1.0, Magnet System)",Exzisus,exzisus,exzisus,1,1,main,main,Exzisus,Exzisus,SAME,0,,,
"Exzisus (Japan, dedicated)",Exzisus,exzisus,exzisus,1,1,main,main,Exzisus,Exzisus,SAME,0,,,
"Eyes (US, set 1)",Eyes,eyes,eyes,1,1,main,main,Eyes,Eyes,SAME,0,,,
F-1 Dream,F-1 Dream,f1dream,f 1 dream,1,1,main,main,F-1 Dream,F-1 Dream,SAME,0,,,
"F1 Exhaust Note (World, Rev A)",F1 Exhaust Note,f1exhaustnote,f1 exhaust note,1,1,main,main,F1 Exhaust Note,F1 Exhaust Note,SAME,0,,,
F-1 Grand Prix (set 1),F-1 Grand Prix,f1grandprix,f 1 grand prix,1,1,main,main,F-1 Grand Prix,F-1 Grand Prix,SAME,0,,,
F-1 Grand Prix Part II,F-1 Grand Prix Part II,f1grandprixpart2,f 1 grand prix part ii,1,1,main,main,F-1 Grand Prix Part II,F-1 Grand Prix Part II,SAME,0,,,
F-1 Grand Prix Star II,F-1 Grand Prix Star II,f1grandprixstar2,f 1 grand prix star ii,1,0,main,,F1 Grand Prix Star II,,WORSE,0,,,
F-1 Super Battle,F-1 Super Battle,f1superbattle,f 1 super battle,1,1,main,main,F-1 Super Battle,F-1 Super Battle,SAME,0,,,
F1 Super Lap (World),F1 Super Lap,f1superlap,f1 super lap,1,1,main,main,F1 Super Lap,F1 Super Lap,SAME,0,,,
"F-15 Strike Eagle (rev. 2.2 02/25/91, 29K ver. 3.1f)",F-15 Strike Eagle,f15strikeeagle,f 15 strike eagle,1,1,main,main,F-15 Strike Eagle,F-15 Strike Eagle,SAME,0,,,
Face Off (Japan 2 Players),Face Off,faceoff,face off,1,1,main,main,Face Off,Face Off,SAME,0,,,
Fail Gate,Fail Gate,failgate,fail gate,1,1,main,main,Fail Gate,Fail Gate,SAME,0,,,
FamicomBox,FamicomBox,famicombox,famicombox,0,0,,,,,SAME,0,,,
Fancy World - Earth of Crisis,Fancy World - Earth of Crisis,fancyworldearthofcrisis,fancy world earth of crisis,1,1,main,main,Fancy World: Earth of Crisis,Fancy World: Earth of Crisis,SAME,0,,,
"Fantasia (940429 PCB, set 1)",Fantasia,fantasia,fantasia,1,1,main,main,Fantasia,Fantasia,SAME,0,,,
Fantasia II (Explicit),Fantasia II,fantasia2,fantasia ii,1,1,main,main,Fantasia II,Fantasia II,SAME,0,,,
Fantastic Journey (ver EAA),Fantastic Journey,fantasticjourney,fantastic journey,1,1,main,main,Fantastic Journey,Fantastic Journey,SAME,0,,,
Fantasy (US),Fantasy,fantasy,fantasy,1,1,main,main,Fantasy,Fantasy,SAME,0,,,
Fantasy '95,Fantasy '95,fantasy95,fantasy 95,1,1,main,main,Fantasy '95,Fantasy '95,SAME,0,,,
Fantasy Land (set 1),Fantasy Land,fantasyland,fantasy land,1,1,main,main,Fantasy Land,Fantasy Land,SAME,0,,,
Fantasy Story (set 1),Fantasy Story,fantasystory,fantasy story,1,1,main,main,Fantasy Story,Fantasy Story,SAME,0,,,
"Fantasy Zone (Rev A, unprotected)",Fantasy Zone,fantasyzone,fantasy zone,1,1,main,main,Fantasy Zone,Fantasy Zone,SAME,0,,,
"Fantasy Zone II - The Tears of Opa-Opa (MC-8123, 317-0057)",Fantasy Zone II - The Tears of Opa-Opa,fantasyzone2thetearsofopaopa,fantasy zone ii the tears of opa opa,1,1,main,main,Fantasy Zone II: The Tears of Opa-Opa,Fantasy Zone II: The Tears of Opa-Opa,SAME,0,,,
Farmers Rebellion,Farmers Rebellion,farmersrebellion,farmers rebellion,1,1,main,main,Farmers Rebellion,Farmers Rebellion,SAME,0,,,
Fast Lane,Fast Lane,fastlane,fast lane,1,1,main,main,Fast Lane,Fast Lane,SAME,0,,,
Field Combat,Field Combat,fieldcombat,field combat,1,1,main,main,Field Combat,Field Combat,SAME,0,,,
Field Day,Field Day,fieldday,field day,1,1,main,main,Field Day,Field Day,SAME,0,,,
Field Goal (set 1),Field Goal,fieldgoal,field goal,1,1,main,main,Field Goal,Field Goal,SAME,0,,,
Fighter &amp;amp;amp;amp; Attacker (US),Fighter &amp;amp;amp;amp; Attacker,fighterampampampampattacker,fighter amp amp amp amp attacker,0,0,,,,,SAME,0,,,
"Fighter's History (World ver 43-09, DE-0395-1 PCB)",Fighter's History,fightershistory,fighter s history,1,1,main,main,Fighter's History,Fighter's History,SAME,0,,,
Fighters' Impact A (Ver 2.00J),Fighters' Impact A,fightersimpacta,fighters impact a,1,1,main,main,Fighters' Impact A,Fighters' Impact A,SAME,0,,,
Fighting Basketball,Fighting Basketball,fightingbasketball,fighting basketball,1,1,main,main,Fighting Basketball,Fighting Basketball,SAME,0,,,
Fighting Hawk (World),Fighting Hawk,fightinghawk,fighting hawk,1,1,main,main,Fighting Hawk,Fighting Hawk,SAME,0,,,
Fighting Ice Hockey (DECO Cassette) (US),Fighting Ice Hockey,fightingicehockey,fighting ice hockey,1,1,main,main,Fighting Ice Hockey,Fighting Ice Hockey,SAME,0,,,
Fighting Roller,Fighting Roller,fightingroller,fighting roller,1,1,main,main,Fighting Roller,Fighting Roller,SAME,0,,,
Fighting Soccer (version 4),Fighting Soccer,fightingsoccer,fighting soccer,1,1,main,main,Fighting Soccer,Fighting Soccer,SAME,0,,,
Fighting Wu-Shu 2nd! (ver JAA),Fighting Wu-Shu 2nd!,fightingwushu2nd,fighting wu shu 2nd,0,0,,,,,SAME,0,,,
Filetto (v1.05 901009),Filetto,filetto,filetto,1,1,main,main,Filetto,Filetto,SAME,0,,,
Final Blow (World),Final Blow,finalblow,final blow,1,1,main,main,Final Blow,Final Blow,SAME,0,,,
"Final Fight (World, set 1)",Final Fight,finalfight,final fight,1,1,main,main,Final Fight,Final Fight,SAME,0,,,
Final Fight Revenge / Final Revenge (JUET 990930 V1.100),Final Fight Revenge / Final Revenge,finalfightrevengefinalrevenge,final fight revenge final revenge,0,0,,,,,SAME,0,,,
Final Lap (Rev E),Final Lap,finallap,final lap,1,1,main,main,Final Lap,Final Lap,SAME,0,,,
Final Lap 2,Final Lap 2,finallap2,final lap 2,1,1,main,main,Final Lap 2,Final Lap 2,SAME,0,,,
"Final Lap 3 (World, Rev C)",Final Lap 3,finallap3,final lap 3,1,1,main,main,Final Lap 3,Final Lap 3,SAME,0,,,
Final Lap R (Rev. B),Final Lap R,finallapr,final lap r,1,1,main,main,Final Lap R,Final Lap R,SAME,0,,,
Final Star Force (US),Final Star Force,finalstarforce,final star force,1,1,main,main,Final Star Force,Final Star Force,SAME,0,,,
Final Tetris,Final Tetris,finaltetris,final tetris,1,1,main,main,Final Tetris,Final Tetris,SAME,0,,,
Finalizer - Super Transformation (set 1),Finalizer - Super Transformation,finalizersupertransformation,finalizer super transformation,1,1,main,main,Finalizer: Super Transformation,Finalizer: Super Transformation,SAME,0,,,
Finest Hour (Japan),Finest Hour,finesthour,finest hour,1,1,main,main,Finest Hour,Finest Hour,SAME,0,,,
Fire Ball (FM Work),Fire Ball,fireball,fire ball,1,1,main,main,Fire Ball,Fire Ball,SAME,0,,,
Fire Battle,Fire Battle,firebattle,fire battle,1,1,main,main,Fire Battle,Fire Battle,SAME,0,,,
Fire Fox (set 1),Fire Fox,firefox,fire fox,1,0,main,,Firefox,,WORSE,0,,,
Fire Hawk (World)  Huohu Chuanshuo (China) (horizontal),Fire Hawk  Huohu Chuanshuo,firehawkhuohuchuanshuo,fire hawk huohu chuanshuo,0,0,,,,,SAME,0,,,
Fire Hawk (World)  Huohu Chuanshuo (China) (switchable orientation),Fire Hawk  Huohu Chuanshuo,firehawkhuohuchuanshuo,fire hawk huohu chuanshuo,0,0,,,,,SAME,0,,,
Fire One,Fire One,fireone,fire one,1,1,main,main,Fire One,Fire One,SAME,0,,,
Fire Shark,Fire Shark,fireshark,fire shark,1,1,main,main,Fire Shark,Fire Shark,SAME,0,,,
"Fire Trap (US, rev A)",Fire Trap,firetrap,fire trap,1,0,main,,FireTrap,,WORSE,0,,,
Fire Truck / Smokey Joe (PROM version),Fire Truck / Smokey Joe,firetrucksmokeyjoe,fire truck smokey joe,0,0,,,,,SAME,0,,,
Fisherman's Bait - A Bass Challenge (GE765 VER. UAB),Fisherman's Bait - A Bass Challenge,fishermansbaitabasschallenge,fisherman s bait a bass challenge,1,1,main,main,Fisherman's Bait: A Bass Challenge,Fisherman's Bait: A Bass Challenge,SAME,0,,,
Fisherman's Bait - Marlin Challenge (GX889 VER. EA),Fisherman's Bait - Marlin Challenge,fishermansbaitmarlinchallenge,fisherman s bait marlin challenge,1,1,main,main,Fisherman's Bait: Marlin Challenge,Fisherman's Bait: Marlin Challenge,SAME,0,,,
Fisherman's Bait 2 - A Bass Challenge (GE865 VER. UAB),Fisherman's Bait 2 - A Bass Challenge,fishermansbait2abasschallenge,fisherman s bait 2 a bass challenge,1,1,main,main,Fisherman's Bait 2: A Bass Challenge,Fisherman's Bait 2: A Bass Challenge,SAME,0,,,
Fishing Maniac 2+,Fishing Maniac 2+,fishingmaniac2,fishing maniac 2,1,1,main,main,Fishing Maniac 2+,Fishing Maniac 2+,SAME,0,,,
Fishing Maniac 3,Fishing Maniac 3,fishingmaniac3,fishing maniac 3,1,1,main,main,Fishing Maniac 3,Fishing Maniac 3,SAME,0,,,
Five a Side Soccer (ver UAA),Five a Side Soccer,fiveasidesoccer,five a side soccer,1,1,main,main,Five a Side Soccer,Five a Side Soccer,SAME,0,,,
FixEight (Europe),FixEight,fixeight,fixeight,1,1,main,main,FixEight,FixEight,SAME,0,,,
Flame Gunner (Export),Flame Gunner,flamegunner,flame gunner,1,1,main,main,Flame Gunner,Flame Gunner,SAME,0,,,
"Flash Boy (vertical) (DECO Cassette MD) (No.12Ver.0Set.1,Japan)",Flash Boy,flashboy,flash boy,1,1,main,main,Flash Boy,Flash Boy,SAME,0,,,
"Flash Point (set 2, Japan) (FD1094 317-0127A)",Flash Point,flashpoint,flash point,1,1,main,main,Flash Point,Flash Point,SAME,0,,,
Flashgal (set 1),Flashgal,flashgal,flashgal,1,1,main,main,FlashGal,FlashGal,SAME,0,,,
"Flicky (128k Version, 315-5051)",Flicky,flicky,flicky,1,1,main,main,Flicky,Flicky,SAME,0,,,
Flip &amp;amp;amp;amp; Flop (Max-A-Flex),Flip &amp;amp;amp;amp; Flop,flipampampampampflop,flip amp amp amp amp flop,0,0,,,,,SAME,0,,,
Flip Maze (V2.04J 19990902 2000),Flip Maze,flipmaze,flip maze,1,1,main,main,Flip Maze,Flip Maze,SAME,0,,,
Flipper Jack,Flipper Jack,flipperjack,flipper jack,1,1,main,main,Flipper Jack,Flipper Jack,SAME,0,,,
Flower (US),Flower,flower,flower,1,1,main,main,Flower,Flower,SAME,0,,,
Flyball (rev 2),Flyball,flyball,flyball,1,1,main,main,Flyball,Flyball,SAME,0,,,
Fly-Boy,Fly-Boy,flyboy,fly boy,0,0,,,,,SAME,0,,,
Flying Ball (DECO Cassette) (US),Flying Ball,flyingball,flying ball,1,1,main,main,Flying Ball,Flying Ball,SAME,0,,,
Flying Shark (World),Flying Shark,flyingshark,flying shark,0,0,,,,,SAME,0,,,
Flying Tiger (set 1),Flying Tiger,flyingtiger,flying tiger,1,1,main,main,Flying Tiger,Flying Tiger,SAME,0,,,
Food Fight (rev 3),Food Fight,foodfight,food fight,1,1,main,main,Food Fight,Food Fight,SAME,0,,,
Fool Race,Fool Race,foolrace,fool race,0,0,,,,,SAME,0,,,
Football Champ  Euro Football Champ (World),Football Champ  Euro Football Champ,footballchampeurofootballchamp,football champ euro football champ,0,0,,,,,SAME,0,,,
Football Crazy (Video Quiz),Football Crazy,footballcrazy,football crazy,1,1,main,main,Football Crazy,Football Crazy,SAME,0,,,
Football Power (version 1.2),Football Power,footballpower,football power,1,1,main,main,Football Power,Football Power,SAME,0,,,
Formation Z,Formation Z,formationz,formation z,0,0,,,,,SAME,0,,,
Fortress 2 Blue Arcade (World) (ver 1.01 / pcb ver 3.05),Fortress 2 Blue Arcade,fortress2bluearcade,fortress 2 blue arcade,1,1,main,main,Fortress 2: Blue Arcade,Fortress 2: Blue Arcade,SAME,0,,,
Forty-Love (World),Forty-Love,fortylove,forty love,1,1,main,main,Forty-Love,Forty-Love,SAME,0,,,
Four Play,Four Play,fourplay,four play,1,1,main,main,Four Play,Four Play,SAME,0,,,
Four Trax (World),Four Trax,fourtrax,four trax,1,1,main,main,Four Trax,Four Trax,SAME,0,,,
Frantic Fred (Release 2),Frantic Fred,franticfred,frantic fred,1,1,main,main,Frantic Fred,Frantic Fred,SAME,0,,,
Free Kick (NS6201-A 1987.10),Free Kick,freekick,free kick,1,1,main,main,Free Kick,Free Kick,SAME,0,,,
Freeze,Freeze,freeze,freeze,0,0,,,,,SAME,0,,,
Frenzy (revision RA1),Frenzy,frenzy,frenzy,1,1,main,main,Frenzy,Frenzy,SAME,0,,,
Frisky Tom (set 1),Frisky Tom,friskytom,frisky tom,1,1,main,main,Frisky Tom,Frisky Tom,SAME,0,,,
Frog &amp;amp;amp;amp; Spiders (bootleg),Frog &amp;amp;amp;amp; Spiders,frogampampampampspiders,frog amp amp amp amp spiders,0,0,,,,,SAME,0,,,
Frogger,Frogger,frogger,frogger,1,1,main,main,Frogger,Frogger,SAME,0,,,
Frogs,Frogs,frogs,frogs,1,1,main,main,Frogs,Frogs,SAME,0,,,
From TV Animation Slam Dunk - Super Slams,From TV Animation Slam Dunk - Super Slams,fromtvanimationslamdunksuperslams,from tv animation slam dunk super slams,1,1,main,main,From TV Animation Slam Dunk: Super Slams,From TV Animation Slam Dunk: Super Slams,SAME,0,,,
"Front Line (AA1, 4 PCB version)",Front Line,frontline,front line,1,1,main,main,Front Line,Front Line,SAME,0,,,
Funcube (v1.5),Funcube,funcube,funcube,1,1,main,main,Funcube,Funcube,SAME,0,,,
Funcube 2 (v1.1),Funcube 2,funcube2,funcube 2,1,1,main,main,Funcube 2,Funcube 2,SAME,0,,,
Funcube 3 (v1.1),Funcube 3,funcube3,funcube 3,1,1,main,main,Funcube 3,Funcube 3,SAME,0,,,
Funcube 4 (v1.0),Funcube 4,funcube4,funcube 4,1,1,main,main,Funcube 4,Funcube 4,SAME,0,,,
Funcube 5 (v1.0),Funcube 5,funcube5,funcube 5,1,1,main,main,Funcube 5,Funcube 5,SAME,0,,,
Funky Bee,Funky Bee,funkybee,funky bee,1,1,main,main,Funky Bee,Funky Bee,SAME,0,,,
Funky Fish,Funky Fish,funkyfish,funky fish,1,1,main,main,Funky Fish,Funky Fish,SAME,0,,,
Funky Head Boxers (JUETBKAL 951218 V1.000),Funky Head Boxers,funkyheadboxers,funky head boxers,1,1,main,main,Funky Head Boxers,Funky Head Boxers,SAME,0,,,
"Funky Jet (World, rev 1)",Funky Jet,funkyjet,funky jet,1,1,main,main,Funky Jet,Funky Jet,SAME,0,,,
Funny Bubble,Funny Bubble,funnybubble,funny bubble,1,1,main,main,Funny Bubble,Funny Bubble,SAME,0,,,
Funny Strip,Funny Strip,funnystrip,funny strip,1,1,main,main,Funny Strip,Funny Strip,SAME,0,,,
Future Flash (set 1),Future Flash,futureflash,future flash,0,0,,,,,SAME,0,,,
Future Spy (315-5061),Future Spy,futurespy,future spy,1,1,main,main,Future Spy,Future Spy,SAME,0,,,
Fuusen Pentai,Fuusen Pentai,fuusenpentai,fuusen pentai,1,1,main,main,Fuusen Pentai,Fuusen Pentai,SAME,0,,,
"G.I. Joe (World, EAB, set 1)",G.I. Joe,gijoe,g i joe,1,1,main,main,G.I. Joe,G.I. Joe,SAME,0,,,
Gacha Gachamp (GE877 VER. JAB),Gacha Gachamp,gachagachamp,gacha gachamp,1,0,main,,Gachaga Champ,,WORSE,0,,,
Gaia - The Last Choice of Earth,Gaia - The Last Choice of Earth,gaiathelastchoiceofearth,gaia the last choice of earth,0,0,,,,,SAME,0,,,
Gaiapolis (ver EAF),Gaiapolis,gaiapolis,gaiapolis,1,1,main,main,Gaiapolis,Gaiapolis,SAME,0,,,
"Gain Ground (World, 3 Players, Floppy Based, FD1094 317-0058-03d Rev A)",Gain Ground,gainground,gain ground,1,1,main,main,Gain Ground,Gain Ground,SAME,0,,,
Galactic Storm (Japan),Galactic Storm,galacticstorm,galactic storm,1,1,main,main,Galactic Storm,Galactic Storm,SAME,0,,,
Galactic Warriors,Galactic Warriors,galacticwarriors,galactic warriors,1,1,main,main,Galactic Warriors,Galactic Warriors,SAME,0,,,
Galactica - Batalha Espacial,Galactica - Batalha Espacial,galacticabatalhaespacial,galactica batalha espacial,1,1,main,main,Galactica: Batalha Espacial,Galactica: Batalha Espacial,SAME,0,,,
Galaga (Namco rev. B),Galaga,galaga,galaga,1,1,main,main,Galaga,Galaga,SAME,0,,,
Galaga 3 (GP3 rev. D),Galaga 3,galaga3,galaga 3,1,1,main,main,Galaga 3,Galaga 3,SAME,0,,,
Galaga '88,Galaga '88,galaga88,galaga 88,1,1,main,main,Galaga '88,Galaga '88,SAME,0,,,
Galaxia (set 1),Galaxia,galaxia,galaxia,1,1,main,main,Galaxia,Galaxia,SAME,0,,,
Galaxian (Namco set 1),Galaxian,galaxian,galaxian,1,1,main,main,Galaxian,Galaxian,SAME,0,,,
Galaxy Force 2,Galaxy Force 2,galaxyforce2,galaxy force 2,1,0,main,,Galaxy Force II,,WORSE,0,,,
Galaxy Game,Galaxy Game,galaxygame,galaxy game,1,1,main,main,Galaxy Game,Galaxy Game,SAME,0,,,
Galaxy Games StarPak 2,Galaxy Games StarPak 2,galaxygamesstarpak2,galaxy games starpak 2,1,1,main,main,Galaxy Games StarPak 2,Galaxy Games StarPak 2,SAME,0,,,
Galaxy Games StarPak 3,Galaxy Games StarPak 3,galaxygamesstarpak3,galaxy games starpak 3,1,1,main,main,Galaxy Games StarPak 3,Galaxy Games StarPak 3,SAME,0,,,
Galaxy Games StarPak 4,Galaxy Games StarPak 4,galaxygamesstarpak4,galaxy games starpak 4,1,1,main,main,Galaxy Games StarPak 4,Galaxy Games StarPak 4,SAME,0,,,
Galaxy Gunners,Galaxy Gunners,galaxygunners,galaxy gunners,1,1,main,main,Galaxy Gunners,Galaxy Gunners,SAME,0,,,
Galaxy Wars (Universal set 1),Galaxy Wars,galaxywars,galaxy wars,1,1,main,main,Galaxy Wars,Galaxy Wars,SAME,0,,,
Gallop Racer (English Ver 10.17.K),Gallop Racer,gallopracer,gallop racer,1,1,main,main,Gallop Racer,Gallop Racer,SAME,0,,,
Gallop Racer 2 (Export),Gallop Racer 2,gallopracer2,gallop racer 2,1,1,main,main,Gallop Racer 2,Gallop Racer 2,SAME,0,,,
Gallop Racer 3 (Export),Gallop Racer 3,gallopracer3,gallop racer 3,1,1,main,main,Gallop Racer 3,Gallop Racer 3,SAME,0,,,
Galmedes (Japan),Galmedes,galmedes,galmedes,1,1,main,main,Galmedes,Galmedes,SAME,0,,,
Gals Hustler,Gals Hustler,galshustler,gals hustler,1,1,main,main,Gals Hustler,Gals Hustler,SAME,0,,,
"Gals Panic (Export, EXPRO-02 PCB)",Gals Panic,galspanic,gals panic,1,1,main,main,Gals Panic,Gals Panic,SAME,0,,,
"Gals Panic (unprotected, ver. 2.0)",Gals Panic,galspanic,gals panic,1,1,main,main,Gals Panic,Gals Panic,SAME,0,,,
Gals Panic 3 (Euro),Gals Panic 3,galspanic3,gals panic 3,1,1,main,main,Gals Panic 3,Gals Panic 3,SAME,0,,,
Gals Panic 4 (Europe),Gals Panic 4,galspanic4,gals panic 4,1,1,main,main,Gals Panic 4,Gals Panic 4,SAME,0,,,
Gals Panic II - Quiz Version,Gals Panic II - Quiz Version,galspanic2quizversion,gals panic ii quiz version,1,1,main,main,Gals Panic II: Quiz Version,Gals Panic II: Quiz Version,SAME,0,,,
Gals Panic II' - Special Edition (Japan),Gals Panic II' - Special Edition,galspanic2specialedition,gals panic ii special edition,1,1,main,main,Gals Panic II': Special Edition,Gals Panic II': Special Edition,SAME,0,,,
Gals Panic II (Asia),Gals Panic II,galspanic2,gals panic ii,1,1,main,main,Gals Panic II,Gals Panic II,SAME,0,,,
"Gals Panic S - Extra Edition (Europe, revision 1)",Gals Panic S - Extra Edition,galspanicsextraedition,gals panic s extra edition,1,1,main,main,Gals Panic S: Extra Edition,Gals Panic S: Extra Edition,SAME,0,,,
"Gals Panic S2 (Europe, version 3)",Gals Panic S2,galspanics2,gals panic s2,1,1,main,main,Gals Panic S2,Gals Panic S2,SAME,0,,,
Gals Panic S3 (Japan),Gals Panic S3,galspanics3,gals panic s3,1,1,main,main,Gals Panic S3,Gals Panic S3,SAME,0,,,
"Gals Panic SU (Korea, Gals Panic 4 re-release)",Gals Panic SU,galspanicsu,gals panic su,1,1,main,main,Gals Panic SU,Gals Panic SU,SAME,0,,,
Gals Pinball,Gals Pinball,galspinball,gals pinball,1,1,main,main,Gals Pinball,Gals Pinball,SAME,0,,,
Ganbare Ginkun,Ganbare Ginkun,ganbareginkun,ganbare ginkun,1,1,main,main,Ganbare Ginkun,Ganbare Ginkun,SAME,0,,,
Ganbare Goemon,Ganbare Goemon,ganbaregoemon,ganbare goemon,1,1,main,main,Ganbare Goemon,Ganbare Goemon,SAME,0,,,
Ganbare Jajamaru Saisho wa Goo / Ganbare Jajamaru Hop Step &amp;amp;amp;amp; Jump,Ganbare Jajamaru Saisho wa Goo / Ganbare Jajamaru Hop Step &amp;amp;amp;amp; Jump,ganbarejajamarusaishowagooganbarejajamaruhopstepampampampampjump,ganbare jajamaru saisho wa goo ganbare jajamaru hop step amp amp amp amp jump,0,0,,,,,SAME,0,,,
Gang Busters (set 1),Gang Busters,gangbusters,gang busters,1,1,main,main,Gang Busters,Gang Busters,SAME,0,,,
Gang Wars,Gang Wars,gangwars,gang wars,1,1,main,main,Gang Wars,Gang Wars,SAME,0,,,
Gaplus (GP2 rev. B),Gaplus,gaplus,gaplus,0,0,,,,,SAME,0,,,
Gardia (317-0006),Gardia,gardia,gardia,1,1,main,main,Gardia,Gardia,SAME,0,,,
Garogun Seroyang (Korea),Garogun Seroyang,garogunseroyang,garogun seroyang,1,1,main,main,Garogun Seroyang,Garogun Seroyang,SAME,0,,,
Garyo Retsuden (Japan),Garyo Retsuden,garyoretsuden,garyo retsuden,1,1,main,main,Garyo Retsuden,Garyo Retsuden,SAME,0,,,
Gate of Doom (US revision 4),Gate of Doom,gateofdoom,gate of doom,1,1,main,main,Gate of Doom,Gate of Doom,SAME,0,,,
Gauntlet (rev 14),Gauntlet,gauntlet,gauntlet,1,1,main,main,Gauntlet,Gauntlet,SAME,0,,,
Gauntlet Dark Legacy (version DL 2.52),Gauntlet Dark Legacy,gauntletdarklegacy,gauntlet dark legacy,1,1,main,main,Gauntlet: Dark Legacy,Gauntlet: Dark Legacy,SAME,0,,,
Gauntlet II,Gauntlet II,gauntlet2,gauntlet ii,1,1,main,main,Gauntlet II,Gauntlet II,SAME,0,,,
Gauntlet Legends (version 1.6),Gauntlet Legends,gauntletlegends,gauntlet legends,1,1,main,main,Gauntlet Legends,Gauntlet Legends,SAME,0,,,
G-Darius (Ver 2.02A),G-Darius,gdarius,g darius,1,1,main,main,G-Darius,G-Darius,SAME,0,,,
G-Darius Ver.2 (Ver 2.03J),G-Darius Ver.2,gdariusver2,g darius ver 2,1,1,main,main,G-Darius Ver.2,G-Darius Ver.2,SAME,0,,,
Gee Bee (Japan),Gee Bee,geebee,gee bee,1,1,main,main,Gee Bee,Gee Bee,SAME,0,,,
Gekirindan (Ver 2.3O 19950921),Gekirindan,gekirindan,gekirindan,1,1,main,main,Gekirindan,Gekirindan,SAME,0,,,
Gekisou (Japan),Gekisou,gekisou,gekisou,1,1,main,main,Gekisou,Gekisou,SAME,0,,,
GekiToride-Jong Space (10011 Ver.A),GekiToride-Jong Space,gekitoridejongspace,gekitoride jong space,1,1,main,main,Gekitoride-Jong Space,Gekitoride-Jong Space,SAME,0,,,
Gemini Wing (World),Gemini Wing,geminiwing,gemini wing,1,1,main,main,Gemini Wing,Gemini Wing,SAME,0,,,
Genix Family,Genix Family,genixfamily,genix family,1,1,main,main,Genix Family,Genix Family,SAME,0,,,
Genpei ToumaDen,Genpei ToumaDen,genpeitoumaden,genpei toumaden,1,1,main,main,Genpei ToumaDen,Genpei ToumaDen,SAME,0,,,
Get A Way (upright),Get A Way,getaway,get a way,1,1,main,main,Get A Way,Get A Way,SAME,0,,,
Ghost Hunter,Ghost Hunter,ghosthunter,ghost hunter,1,1,main,main,Ghost Hunter,Ghost Hunter,SAME,0,,,
Ghosts'n Goblins (World? set 1),Ghosts'n Goblins,ghostsngoblins,ghosts n goblins,1,1,main,main,Ghosts'n Goblins,Ghosts'n Goblins,SAME,0,,,
Ghox (joystick),Ghox,ghox,ghox,1,1,main,main,Ghox,Ghox,SAME,0,,,
Gigandes,Gigandes,gigandes,gigandes,1,1,main,main,Gigandes,Gigandes,SAME,0,,,
"Gigas (MC-8123, 317-5002)",Gigas,gigas,gigas,1,1,main,main,Gigas,Gigas,SAME,0,,,
"Gigas Mark II (MC-8123, 317-5002)",Gigas Mark II,gigasmark2,gigas mark ii,1,1,main,main,Gigas Mark II,Gigas Mark II,SAME,0,,,
Gimme A Break (7785),Gimme A Break,gimmeabreak,gimme a break,1,1,main,main,Gimme a Break,Gimme a Break,SAME,0,,,
Ginga Ninkyouden (set 1),Ginga Ninkyouden,ginganinkyouden,ginga ninkyouden,1,1,main,main,Ginga NinkyouDen,Ginga NinkyouDen,SAME,0,,,
Gladiator (US),Gladiator,gladiator,gladiator,1,1,main,main,The Gladiator,The Gladiator,SAME,0,,,
Gladiator 1984,Gladiator 1984,gladiator1984,gladiator 1984,1,1,main,main,Gladiator 1984,Gladiator 1984,SAME,0,,,
"Glass (Ver 1.1, Break Edition, Checksum 49D5E66B, Version 1994)",Glass,glass,glass,1,1,main,main,Glass,Glass,SAME,0,,,
Global Champion (Ver 2.1A 19940729),Global Champion,globalchampion,global champion,0,0,,,,,SAME,0,,,
G-LOC Air Battle (World),G-LOC Air Battle,glocairbattle,g loc air battle,1,1,main,main,G-LOC: Air Battle,G-LOC: Air Battle,SAME,0,,,
Go By RC (V2.03O 19990525 1331),Go By RC,gobyrc,go by rc,0,0,,,,,SAME,0,,,
Go Go Mr. Yamaguchi  Yuke Yuke Yamaguchi-kun,Go Go Mr. Yamaguchi  Yuke Yuke Yamaguchi-kun,gogomryamaguchiyukeyukeyamaguchikun,go go mr yamaguchi yuke yuke yamaguchi kun,0,0,,,,,SAME,0,,,
Goalie Ghost,Goalie Ghost,goalieghost,goalie ghost,1,1,main,main,Goalie Ghost,Goalie Ghost,SAME,0,,,
Godzilla (Japan),Godzilla,godzilla,godzilla,1,1,main,main,Godzilla,Godzilla,SAME,0,,,
"Goindol (SunA, World)",Goindol,goindol,goindol,1,1,main,main,Goindol,Goindol,SAME,0,,,
Gold Bug,Gold Bug,goldbug,gold bug,1,1,main,main,Gold Bug,Gold Bug,SAME,0,,,
"Gold Medalist (set 1, Alpha68k II PCB)",Gold Medalist,goldmedalist,gold medalist,1,1,main,main,Gold Medalist,Gold Medalist,SAME,0,,,
Golden Axe - The Duel (JUETL 950117 V1.000),Golden Axe - The Duel,goldenaxetheduel,golden axe the duel,1,1,main,main,Golden Axe: The Duel,Golden Axe: The Duel,SAME,0,,,
"Golden Axe (set 6, US) (8751 317-123A)",Golden Axe,goldenaxe,golden axe,1,1,main,main,Golden Axe,Golden Axe,SAME,0,,,
Golden Axe II (Mega Play) (Rev B),Golden Axe II,goldenaxe2,golden axe ii,1,1,main,main,Golden Axe II,Golden Axe II,SAME,0,,,
"Golden Axe: The Revenge of Death Adder (World, Rev B)",Golden Axe: The Revenge of Death Adder,goldenaxetherevengeofdeathadder,golden axe the revenge of death adder,1,1,main,main,Golden Axe: The Revenge of Death Adder,Golden Axe: The Revenge of Death Adder,SAME,0,,,
Golden Fire II,Golden Fire II,goldenfire2,golden fire ii,1,1,main,main,Golden Fire II,Golden Fire II,SAME,0,,,
"Golden Par Golf (Joystick, V1.1)",Golden Par Golf,goldenpargolf,golden par golf,1,1,main,main,Golden Par Golf,Golden Par Golf,SAME,0,,,
Golden Tee 2K (v1.00),Golden Tee 2K,goldentee2k,golden tee 2k,1,1,main,main,Golden Tee 2K,Golden Tee 2K,SAME,0,,,
Golden Tee 3D Golf (v1.93N),Golden Tee 3D Golf,goldentee3dgolf,golden tee 3d golf,1,1,main,main,Golden Tee 3D Golf,Golden Tee 3D Golf,SAME,0,,,
Golden Tee '97 (v1.30),Golden Tee '97,goldentee97,golden tee 97,1,1,main,main,Golden Tee '97,Golden Tee '97,SAME,0,,,
Golden Tee '98 (v1.10),Golden Tee '98,goldentee98,golden tee 98,1,1,main,main,Golden Tee '98,Golden Tee '98,SAME,0,,,
Golden Tee '99 (v1.00),Golden Tee '99,goldentee99,golden tee 99,1,1,main,main,Golden Tee '99,Golden Tee '99,SAME,0,,,
Golden Tee Classic (v1.00),Golden Tee Classic,goldenteeclassic,golden tee classic,1,1,main,main,Golden Tee Classic,Golden Tee Classic,SAME,0,,,
Golden Tee Diamond Edition Tournament (v3.05T ELC),Golden Tee Diamond Edition Tournament,goldenteediamondeditiontournament,golden tee diamond edition tournament,1,1,main,main,Golden Tee: Diamond Edition Tournament,Golden Tee: Diamond Edition Tournament,SAME,0,,,
Golden Tee Fore! (v1.00.25),Golden Tee Fore!,goldenteefore,golden tee fore,1,1,main,main,Golden Tee Fore!,Golden Tee Fore!,SAME,0,,,
Golden Tee Fore! 2002 (v2.01.06),Golden Tee Fore! 2002,goldenteefore2002,golden tee fore 2002,1,1,main,main,Golden Tee Fore! 2002,Golden Tee Fore! 2002,SAME,0,,,
Golden Tee Fore! 2003 (v3.00.10),Golden Tee Fore! 2003,goldenteefore2003,golden tee fore 2003,1,1,main,main,Golden Tee Fore! 2003,Golden Tee Fore! 2003,SAME,0,,,
Golden Tee Fore! 2004 (v4.00.00),Golden Tee Fore! 2004,goldenteefore2004,golden tee fore 2004,1,1,main,main,Golden Tee Fore! 2004,Golden Tee Fore! 2004,SAME,0,,,
Golden Tee Fore! 2004 Extra (v4.00.08),Golden Tee Fore! 2004 Extra,goldenteefore2004extra,golden tee fore 2004 extra,1,1,main,main,Golden Tee Fore! 2004 Extra,Golden Tee Fore! 2004 Extra,SAME,0,,,
Golden Tee Fore! 2005 Extra (v5.01.06),Golden Tee Fore! 2005 Extra,goldenteefore2005extra,golden tee fore 2005 extra,1,1,main,main,Golden Tee Fore! 2005 Extra,Golden Tee Fore! 2005 Extra,SAME,0,,,
Golden Tee Fore! 2006 Complete (v6.00.01),Golden Tee Fore! 2006 Complete,goldenteefore2006complete,golden tee fore 2006 complete,1,1,main,main,Golden Tee Fore! 2006 Complete,Golden Tee Fore! 2006 Complete,SAME,0,,,
"Golden Tee Golf (Joystick, v3.3)",Golden Tee Golf,goldenteegolf,golden tee golf,1,1,main,main,Golden Tee Golf,Golden Tee Golf,SAME,0,,,
"Golden Tee Golf II (Joystick, V1.0)",Golden Tee Golf II,goldenteegolf2,golden tee golf ii,1,1,main,main,Golden Tee Golf II,Golden Tee Golf II,SAME,0,,,
Golden Tee Royal Edition Tournament (v4.02T EDM),Golden Tee Royal Edition Tournament,goldenteeroyaleditiontournament,golden tee royal edition tournament,1,1,main,main,Golden Tee: Royal Edition Tournament,Golden Tee: Royal Edition Tournament,SAME,0,,,
Golden Tee Supreme Edition Tournament (v5.10T ELC S),Golden Tee Supreme Edition Tournament,goldenteesupremeeditiontournament,golden tee supreme edition tournament,1,1,main,main,Golden Tee: Supreme Edition Tournament,Golden Tee: Supreme Edition Tournament,SAME,0,,,
"Golfing Greats (World, version L)",Golfing Greats,golfinggreats,golfing greats,1,1,main,main,Golfing Greats,Golfing Greats,SAME,0,,,
Golly! Ghost!,Golly! Ghost!,gollyghost,golly ghost,1,1,main,main,Golly! Ghost!,Golly! Ghost!,SAME,0,,,
Gomoku Narabe Renju,Gomoku Narabe Renju,gomokunaraberenju,gomoku narabe renju,1,1,main,main,Gomoku Narabe Renju,Gomoku Narabe Renju,SAME,0,,,
Gondomania (World),Gondomania,gondomania,gondomania,1,1,main,main,Gondomania,Gondomania,SAME,0,,,
Goori Goori,Goori Goori,goorigoori,goori goori,1,1,main,main,Goori Goori,Goori Goori,SAME,0,,,
Gorf,Gorf,gorf,gorf,1,1,main,main,Gorf,Gorf,SAME,0,,,
Got-cha Mini Game Festival,Got-cha Mini Game Festival,gotchaminigamefestival,got cha mini game festival,1,1,main,main,Got-cha Mini Game Festival,Got-cha Mini Game Festival,SAME,0,,,
"GP Rider (World, FD1094 317-0163) (Twin setup)",GP Rider,gprider,gp rider,1,1,main,main,GP Rider,GP Rider,SAME,0,,,
Gradius (Bubble System),Gradius,gradius,gradius,1,1,main,main,Gradius,Gradius,SAME,0,,,
"Gradius (Japan, ROM version)",Gradius,gradius,gradius,1,1,main,main,Gradius,Gradius,SAME,0,,,
"Gradius II: GOFER no Yabou (Japan, new)",Gradius II: GOFER no Yabou,gradius2gofernoyabou,gradius ii gofer no yabou,0,0,,,,,SAME,0,,,
"Gradius III (World, version R)",Gradius III,gradius3,gradius iii,1,1,main,main,Gradius III,Gradius III,SAME,0,,,
Gradius IV: Fukkatsu (ver JAC),Gradius IV: Fukkatsu,gradius4fukkatsu,gradius iv fukkatsu,1,1,main,main,Gradius IV: Fukkatsu,Gradius IV: Fukkatsu,SAME,0,,,
Grand Champion (set 1),Grand Champion,grandchampion,grand champion,1,1,main,main,Grand Champion,Grand Champion,SAME,0,,,
Grand Cross (v1.02F),Grand Cross,grandcross,grand cross,1,1,main,main,Grand Cross,Grand Cross,SAME,0,,,
Grand Prix Star (ver 4.0),Grand Prix Star,grandprixstar,grand prix star,1,1,main,main,Grand Prix Star,Grand Prix Star,SAME,0,,,
Grand Slam (Mega Play),Grand Slam,grandslam,grand slam,1,1,main,main,Grand Slam,Grand Slam,SAME,0,,,
"Grand Striker (Europe, Oceania)",Grand Striker,grandstriker,grand striker,1,1,main,main,Grand Striker,Grand Striker,SAME,0,,,
Grand Striker 2 (Europe and Oceania),Grand Striker 2,grandstriker2,grand striker 2,1,1,main,main,Grand Striker 2,Grand Striker 2,SAME,0,,,
Grand Tour (V100U),Grand Tour,grandtour,grand tour,1,1,main,main,Grand Tour,Grand Tour,SAME,0,,,
Grasspin,Grasspin,grasspin,grasspin,1,1,main,main,Grasspin,Grasspin,SAME,0,,,
"Gratia - Second Earth (ver 1.0, 92047-01 version)",Gratia - Second Earth,gratiasecondearth,gratia second earth,0,0,,,,,SAME,0,,,
Gravitar (version 3),Gravitar,gravitar,gravitar,1,1,main,main,Gravitar,Gravitar,SAME,0,,,
Great 1000 Miles Rally 2 USA (950711),Great 1000 Miles Rally 2 USA,great1000milesrally2usa,great 1000 miles rally 2 usa,1,1,main,main,Great 1000 Miles Rally 2 USA,Great 1000 Miles Rally 2 USA,SAME,0,,,
Great 1000 Miles Rally U.S.A Version! (940906),Great 1000 Miles Rally U.S.A Version!,great1000milesrallyusaversion,great 1000 miles rally u s a version,1,1,main,main,Great 1000 Miles Rally: U.S.A Version!,Great 1000 Miles Rally: U.S.A Version!,SAME,0,,,
Great Bishi Bashi Champ (GBA48 VER. JAB),Great Bishi Bashi Champ,greatbishibashichamp,great bishi bashi champ,1,1,main,main,Great Bishi Bashi Champ,Great Bishi Bashi Champ,SAME,0,,,
Great Guns,Great Guns,greatguns,great guns,1,1,main,main,Great Guns,Great Guns,SAME,0,,,
Great Sluggers (Japan),Great Sluggers,greatsluggers,great sluggers,1,1,main,main,Great Sluggers,Great Sluggers,SAME,0,,,
Great Sluggers '94,Great Sluggers '94,greatsluggers94,great sluggers 94,1,1,main,main,Great Sluggers '94,Great Sluggers '94,SAME,0,,,
Great Swordsman (World),Great Swordsman,greatswordsman,great swordsman,1,1,main,main,Great Swordsman,Great Swordsman,SAME,0,,,
Green Beret,Green Beret,greenberet,green beret,0,0,,,,,SAME,0,,,
Green Beret (Irem),Green Beret,greenberet,green beret,0,0,,,,,SAME,0,,,
Grid Seeker Project Storm Hammer (Ver 1.3O),Grid Seeker Project Storm Hammer,gridseekerprojectstormhammer,grid seeker project storm hammer,1,1,main,main,Grid Seeker: Project Storm Hammer,Grid Seeker: Project Storm Hammer,SAME,0,,,
Gridiron Fight,Gridiron Fight,gridironfight,gridiron fight,1,1,main,main,Gridiron Fight,Gridiron Fight,SAME,0,,,
Gridlee,Gridlee,gridlee,gridlee,1,1,main,main,Gridlee,Gridlee,SAME,0,,,
Grind Stormer,Grind Stormer,grindstormer,grind stormer,1,1,main,main,Grind Stormer,Grind Stormer,SAME,0,,,
Grobda (New Ver.),Grobda,grobda,grobda,1,1,main,main,Grobda,Grobda,SAME,0,,,
Groove on Fight - Gouketsuji Ichizoku 3 (J 970416 V1.001),Groove on Fight - Gouketsuji Ichizoku 3,grooveonfightgouketsujiichizoku3,groove on fight gouketsuji ichizoku 3,1,1,main,main,Groove on Fight: Gouketsuji Ichizoku 3,Groove on Fight: Gouketsuji Ichizoku 3,SAME,0,,,
Ground Effects  Super Ground Effects (Japan),Ground Effects  Super Ground Effects,groundeffectssupergroundeffects,ground effects super ground effects,0,0,,,,,SAME,0,,,
"Growl (World, Rev 1)",Growl,growl,growl,1,1,main,main,Growl,Growl,SAME,0,,,
Grudge Match (Yankee Game Technology),Grudge Match,grudgematch,grudge match,0,0,,,,,SAME,0,,,
G-Stream G2020,G-Stream G2020,gstreamg2020,g stream g2020,1,1,main,main,G-Stream G2020,G-Stream G2020,SAME,0,,,
GTI Club: Rally Cote D'Azur (ver EAA),GTI Club: Rally Cote D'Azur,gticlubrallycotedazur,gti club rally cote d azur,1,1,main,main,GTI Club: Rally Côte d'Azur,GTI Club: Rally Côte d'Azur,SAME,0,,,
Guardian (US),Guardian,guardian,guardian,1,1,main,main,Guardian,Guardian,SAME,0,,,
Guardian Force (JUET 980318 V0.105),Guardian Force,guardianforce,guardian force,1,1,main,main,Guardian Force,Guardian Force,SAME,0,,,
"Guardian Storm (horizontal, not encrypted)",Guardian Storm,guardianstorm,guardian storm,1,1,main,main,Guardian Storm,Guardian Storm,SAME,0,,,
Guardian Storm (vertical),Guardian Storm,guardianstorm,guardian storm,1,1,main,main,Guardian Storm,Guardian Storm,SAME,0,,,
Guardians / Denjin Makai II (P-FG01-1 PCB),Guardians / Denjin Makai II,guardiansdenjinmakai2,guardians denjin makai ii,1,1,main,main,Guardians: Denjin Makai II,Guardians: Denjin Makai II,SAME,0,,,
Guardians of the 'Hood,Guardians of the 'Hood,guardiansofthehood,guardians of the hood,1,1,main,main,Guardians of the 'Hood,Guardians of the 'Hood,SAME,0,,,
Guerrilla War (Joystick hack bootleg),Guerrilla War,guerrillawar,guerrilla war,1,1,main,main,Guerrilla War,Guerrilla War,SAME,0,,,
Guided Missile,Guided Missile,guidedmissile,guided missile,1,1,main,main,Guided Missile,Guided Missile,SAME,0,,,
Guitar Freaks 2nd Mix Ver 1.01 (GQ883 VER. JAD),Guitar Freaks 2nd Mix Ver 1.01,guitarfreaks2ndmixver101,guitar freaks 2nd mix ver 1 01,1,1,main,main,Guitar Freaks 2nd Mix Ver 1.01,Guitar Freaks 2nd Mix Ver 1.01,SAME,0,,,
Guitar Freaks Ver 1.01 (GQ886 VER. EAD),Guitar Freaks Ver 1.01,guitarfreaksver101,guitar freaks ver 1 01,0,0,,,,,SAME,0,,,
Gulf Storm (set 1),Gulf Storm,gulfstorm,gulf storm,1,1,main,main,Gulf Storm,Gulf Storm,SAME,0,,,
Gulf War II (set 1),Gulf War II,gulfwar2,gulf war ii,0,1,,main,,Gulf War-II,BETTER,0,,,
Gumbo,Gumbo,gumbo,gumbo,1,1,main,main,Gumbo,Gumbo,SAME,0,,,
Gun &amp;amp;amp;amp; Frontier (World),Gun &amp;amp;amp;amp; Frontier,gunampampampampfrontier,gun amp amp amp amp frontier,0,0,,,,,SAME,0,,,
Gun Champ,Gun Champ,gunchamp,gun champ,1,1,main,main,Gun Champ,Gun Champ,SAME,0,,,
Gun Dealer,Gun Dealer,gundealer,gun dealer,1,1,main,main,Gun Dealer,Gun Dealer,SAME,0,,,
Gun Dealer '94,Gun Dealer '94,gundealer94,gun dealer 94,1,1,main,main,Gun Dealer '94,Gun Dealer '94,SAME,0,,,
Gun Fight (set 1),Gun Fight,gunfight,gun fight,1,1,main,main,Gun Fight,Gun Fight,SAME,0,,,
Gun Force II (US),Gun Force II,gunforce2,gun force ii,1,0,main,,GunForce II,,WORSE,0,,,
Gun Master,Gun Master,gunmaster,gun master,1,1,main,main,Gun Master,Gun Master,SAME,0,,,
"Gun.Smoke (World, 1985-11-15)",Gun.Smoke,gunsmoke,gun smoke,1,1,main,main,Gun.Smoke,Gun.Smoke,SAME,0,,,
Gunbarich,Gunbarich,gunbarich,gunbarich,1,1,main,main,Gunbarich,Gunbarich,SAME,0,,,
Gunbird (World),Gunbird,gunbird,gunbird,1,1,main,main,Gunbird,Gunbird,SAME,0,,,
Gunbird 2 (set 1),Gunbird 2,gunbird2,gunbird 2,1,1,main,main,Gunbird 2,Gunbird 2,SAME,0,,,
Gunbuster (World),Gunbuster,gunbuster,gunbuster,1,1,main,main,Gunbuster,Gunbuster,SAME,0,,,
Gundhara,Gundhara,gundhara,gundhara,1,1,main,main,Gundhara,Gundhara,SAME,0,,,
Gunforce - Battle Fire Engulfed Terror Island (World),Gunforce - Battle Fire Engulfed Terror Island,gunforcebattlefireengulfedterrorisland,gunforce battle fire engulfed terror island,0,0,,,,,SAME,0,,,
Gunlock (Ver 2.3O 19940120),Gunlock,gunlock,gunlock,1,1,main,main,Gunlock,Gunlock,SAME,0,,,
GunNail (28th May. 1992),GunNail,gunnail,gunnail,1,1,main,main,GunNail,GunNail,SAME,0,,,
Gunpey (Japan),Gunpey,gunpey,gunpey,1,1,main,main,Gunpey,Gunpey,SAME,0,,,
Gunstar Heroes (Mega Play),Gunstar Heroes,gunstarheroes,gunstar heroes,1,1,main,main,Gunstar Heroes,Gunstar Heroes,SAME,0,,,
Guts'n (Japan),Guts'n,gutsn,guts n,1,1,main,main,Guts'n,Guts'n,SAME,0,,,
Guzzler,Guzzler,guzzler,guzzler,1,1,main,main,Guzzler,Guzzler,SAME,0,,,
"Gyakuten!! Puzzle Bancho (Japan, set 1)",Gyakuten!! Puzzle Bancho,gyakutenpuzzlebancho,gyakuten puzzle bancho,1,1,main,main,Gyakuten!! Puzzle Bancho,Gyakuten!! Puzzle Bancho,SAME,0,,,
Gypsy Juggler,Gypsy Juggler,gypsyjuggler,gypsy juggler,1,1,main,main,Gypsy Juggler,Gypsy Juggler,SAME,0,,,
Gyrodine,Gyrodine,gyrodine,gyrodine,1,1,main,main,Gyrodine,Gyrodine,SAME,0,,,
Gyruss,Gyruss,gyruss,gyruss,1,1,main,main,Gyruss,Gyruss,SAME,0,,,
"Hacha Mecha Fighter (19th Sep. 1991, protected, set 1)",Hacha Mecha Fighter,hachamechafighter,hacha mecha fighter,1,1,main,main,Hacha Mecha Fighter,Hacha Mecha Fighter,SAME,0,,,
"Hachoo! (World, set 1)",Hachoo!,hachoo,hachoo,1,1,main,main,Hachoo!,Hachoo!,SAME,0,,,
HAL21,HAL21,hal21,hal21,1,1,main,main,HAL21,HAL21,SAME,0,,,
Halley's Comet (US),Halley's Comet,halleyscomet,halley s comet,1,1,main,main,Halley's Comet,Halley's Comet,SAME,0,,,
Halley's Comet '87,Halley's Comet '87,halleyscomet87,halley s comet 87,0,0,,,,,SAME,0,,,
Hammer,Hammer,hammer,hammer,1,1,main,main,Hammer,Hammer,SAME,0,,,
Hammer Boy,Hammer Boy,hammerboy,hammer boy,1,1,main,main,Hammer Boy,Hammer Boy,SAME,0,,,
"Hammerin' Harry (World, M81 hardware)",Hammerin' Harry,hammerinharry,hammerin harry,1,1,main,main,Hammerin' Harry,Hammerin' Harry,SAME,0,,,
Hanabi de Doon! - Don-chan Puzzle,Hanabi de Doon! - Don-chan Puzzle,hanabidedoondonchanpuzzle,hanabi de doon don chan puzzle,1,1,main,main,Hanabi de Doon!: Don-chan Puzzle,Hanabi de Doon!: Don-chan Puzzle,SAME,0,,,
Hang Pilot (ver JAB),Hang Pilot,hangpilot,hang pilot,1,1,main,main,Hang Pilot,Hang Pilot,SAME,0,,,
Hang-On (Rev A),Hang-On,hangon,hang on,1,1,main,main,Hang-On,Hang-On,SAME,0,,,
Hang-On Jr. (Rev. B),Hang-On Jr.,hangonjr,hang on jr,1,1,main,main,Hang-On Jr.,Hang-On Jr.,SAME,0,,,
Happy Tour,Happy Tour,happytour,happy tour,1,1,main,main,Happy Tour,Happy Tour,SAME,0,,,
"Hard Drivin' (cockpit, rev 7)",Hard Drivin',harddrivin,hard drivin,1,1,main,main,Hard Drivin',Hard Drivin',SAME,0,,,
Hard Dunk (World),Hard Dunk,harddunk,hard dunk,1,1,main,main,Hard Dunk,Hard Dunk,SAME,0,,,
Hard Hat,Hard Hat,hardhat,hard hat,1,1,main,main,Hard Hat,Hard Hat,SAME,0,,,
Hard Head,Hard Head,hardhead,hard head,1,1,main,main,Hard Head,Hard Head,SAME,0,,,
"Hard Head 2 (v2.0, Music Program v2.4)",Hard Head 2,hardhead2,hard head 2,1,1,main,main,Hard Head 2,Hard Head 2,SAME,0,,,
Hard Times (set 1),Hard Times,hardtimes,hard times,1,1,main,main,Hard Times,Hard Times,SAME,0,,,
Hard Yardage (v1.20),Hard Yardage,hardyardage,hard yardage,1,1,main,main,Hard Yardage,Hard Yardage,SAME,0,,,
Harem,Harem,harem,harem,1,1,main,main,Harem,Harem,SAME,0,,,
Harem Challenge,Harem Challenge,haremchallenge,harem challenge,1,1,main,main,Harem Challenge,Harem Challenge,SAME,0,,,
Hasamu (Japan),Hasamu,hasamu,hasamu,1,1,main,main,Hasamu,Hasamu,SAME,0,,,
Hashire Patrol Car (J 990326 V1.000),Hashire Patrol Car,hashirepatrolcar,hashire patrol car,1,1,main,main,Hashire Patrol Car,Hashire Patrol Car,SAME,0,,,
Hat Trick (11/12/84),Hat Trick,hattrick,hat trick,1,1,main,main,Hat Trick,Hat Trick,SAME,0,,,
Hat Trick Hero '93 (Ver 1.0A 19930228),Hat Trick Hero '93,hattrickhero93,hat trick hero 93,1,1,main,main,Hat Trick Hero '93,Hat Trick Hero '93,SAME,0,,,
Hat Trick Hero '94 (Ver 2.2A 19940526),Hat Trick Hero '94,hattrickhero94,hat trick hero 94,1,1,main,main,Hat Trick Hero '94,Hat Trick Hero '94,SAME,0,,,
Hat Trick Hero '95 (Ver 2.5A 19941103),Hat Trick Hero '95,hattrickhero95,hat trick hero 95,1,1,main,main,Hat Trick Hero '95,Hat Trick Hero '95,SAME,0,,,
Hatch Catch,Hatch Catch,hatchcatch,hatch catch,1,1,main,main,Hatch Catch,Hatch Catch,SAME,0,,,
Hatris (US),Hatris,hatris,hatris,1,1,main,main,Hatris,Hatris,SAME,0,,,
Haunted Castle (version M),Haunted Castle,hauntedcastle,haunted castle,1,1,main,main,Haunted Castle,Haunted Castle,SAME,0,,,
Head On (2 players),Head On,headon,head on,1,1,main,main,Head-On,Head-On,SAME,0,,,
Head On 2,Head On 2,headon2,head on 2,1,1,main,main,Head On 2,Head On 2,SAME,0,,,
"Head Panic (ver. 0117, 17012000)",Head Panic,headpanic,head panic,1,1,main,main,Head Panic,Head Panic,SAME,0,,,
Heart Attack,Heart Attack,heartattack,heart attack,1,1,main,main,Heart Attack,Heart Attack,SAME,0,,,
Heated Barrel (World version 3),Heated Barrel,heatedbarrel,heated barrel,1,1,main,main,Heated Barrel,Heated Barrel,SAME,0,,,
Heaven's Gate,Heaven's Gate,heavensgate,heaven s gate,1,1,main,main,Heaven's Gate,Heaven's Gate,SAME,0,,,
Heavy Barrel (World),Heavy Barrel,heavybarrel,heavy barrel,1,1,main,main,Heavy Barrel,Heavy Barrel,SAME,0,,,
Heavy Metal (315-5135),Heavy Metal,heavymetal,heavy metal,1,1,main,main,Heavy Metal,Heavy Metal,SAME,0,,,
Heavy Smash (Europe version -2),Heavy Smash,heavysmash,heavy smash,1,1,main,main,Heavy Smash,Heavy Smash,SAME,0,,,
Heavy Unit (World),Heavy Unit,heavyunit,heavy unit,1,1,main,main,Heavy Unit,Heavy Unit,SAME,0,,,
Heavyweight Champ (set 1),Heavyweight Champ,heavyweightchamp,heavyweight champ,0,0,,,,,SAME,0,,,
Hebereke no Popoon (Japan),Hebereke no Popoon,heberekenopopoon,hebereke no popoon,1,1,main,main,Hebereke no Popoon,Hebereke no Popoon,SAME,0,,,
HeliFire (set 1),HeliFire,helifire,helifire,1,1,main,main,HeliFire,HeliFire,SAME,0,,,
Hell Night (ver EAA),Hell Night,hellnight,hell night,0,0,,,,,SAME,0,,,
Hellfire (2P set),Hellfire,hellfire,hellfire,1,1,main,main,Hellfire,Hellfire,SAME,0,,,
Hero,Hero,hero,hero,1,1,main,main,Hero,Hero,SAME,0,,,
Heroes (World ver EM-1),Heroes,heroes,heroes,0,0,,,,,SAME,0,,,
Heuk Sun Baek Sa (Korea),Heuk Sun Baek Sa,heuksunbaeksa,heuk sun baek sa,1,1,main,main,Heuk Sun Baek Sa,Heuk Sun Baek Sa,SAME,0,,,
Hexa,Hexa,hexa,hexa,1,1,main,main,Hexa,Hexa,SAME,0,,,
Hexion (Japan ver JAB),Hexion,hexion,hexion,1,1,main,main,Hexion,Hexion,SAME,0,,,
Hidden Catch (World)  Tul Lin Gu Lim Chat Ki '98 (Korea) (pcb ver 3.03),Hidden Catch  Tul Lin Gu Lim Chat Ki '98,hiddencatchtullingulimchatki98,hidden catch tul lin gu lim chat ki 98,0,0,,,,,SAME,0,,,
Hidden Catch 2 (pcb ver 3.03) (KorEng) (AT89c52 protected),Hidden Catch 2,hiddencatch2,hidden catch 2,1,1,main,main,Hidden Catch 2,Hidden Catch 2,SAME,0,,,
Hidden Catch 2000 (AT89c52 protected),Hidden Catch 2000,hiddencatch2000,hidden catch 2000,1,1,main,main,Hidden Catch 2000,Hidden Catch 2000,SAME,0,,,
Hidden Catch 3 (ver 1.00  pcb ver 3.05),Hidden Catch 3,hiddencatch3,hidden catch 3,1,1,main,main,Hidden Catch 3,Hidden Catch 3,SAME,0,,,
High Impact Football (rev LA5 021591),High Impact Football,highimpactfootball,high impact football,1,1,main,main,High Impact Football,High Impact Football,SAME,0,,,
High Voltage,High Voltage,highvoltage,high voltage,1,1,main,main,High Voltage,High Voltage,SAME,0,,,
High Way Race,High Way Race,highwayrace,high way race,0,0,,,,,SAME,0,,,
Highway Chase (DECO Cassette) (US),Highway Chase,highwaychase,highway chase,0,0,,,,,SAME,0,,,
Himeshikibu (Japan),Himeshikibu,himeshikibu,himeshikibu,1,1,main,main,Himeshikibu,Himeshikibu,SAME,0,,,
Hippodrome (US),Hippodrome,hippodrome,hippodrome,1,1,main,main,Hippodrome,Hippodrome,SAME,0,,,
Hit 'n Miss (version 3.0),Hit 'n Miss,hitnmiss,hit n miss,1,1,main,main,Hit 'n Miss,Hit 'n Miss,SAME,0,,,
Hit the Ice (US),Hit the Ice,hittheice,hit the ice,1,1,main,main,Hit the Ice,Hit the Ice,SAME,0,,,
Hoccer (newer),Hoccer,hoccer,hoccer,1,1,main,main,Hoccer,Hoccer,SAME,0,,,
Hole Land (Japan),Hole Land,holeland,hole land,1,1,main,main,Hole Land,Hole Land,SAME,0,,,
"Holosseum (US, Rev A)",Holosseum,holosseum,holosseum,1,1,main,main,Holosseum,Holosseum,SAME,0,,,
Home Run Classic (v1.21 12-feb-1997),Home Run Classic,homerunclassic,home run classic,1,1,main,main,Home Run Classic,Home Run Classic,SAME,0,,,
Honey Doll,Honey Doll,honeydoll,honey doll,1,1,main,main,Honey Doll,Honey Doll,SAME,0,,,
Hook (World),Hook,hook,hook,1,1,main,main,Hook,Hook,SAME,0,,,
Hoops (Europe/Asia 1.7),Hoops,hoops,hoops,1,1,main,main,Hoops,Hoops,SAME,0,,,
Hoops '96 (EuropeAsia 2.0),Hoops '96,hoops96,hoops 96,1,1,main,main,Hoops '96,Hoops '96,SAME,0,,,
Hopper Robo,Hopper Robo,hopperrobo,hopper robo,1,1,main,main,Hopper Robo,Hopper Robo,SAME,0,,,
Hopping Mappy,Hopping Mappy,hoppingmappy,hopping mappy,1,1,main,main,Hopping Mappy,Hopping Mappy,SAME,0,,,
Horizon (Irem),Horizon,horizon,horizon,0,0,,,,,SAME,0,,,
Hot Blocks - Tetrix II (set 1),Hot Blocks - Tetrix II,hotblockstetrix2,hot blocks tetrix ii,0,0,,,,,SAME,0,,,
"Hot Bubble (Korea, with adult pictures)",Hot Bubble,hotbubble,hot bubble,1,1,main,main,Hot Bubble,Hot Bubble,SAME,0,,,
Hot Chase (set 1),Hot Chase,hotchase,hot chase,1,1,main,main,Hot Chase,Hot Chase,SAME,0,,,
Hot Mind (Hard Times hardware),Hot Mind,hotmind,hot mind,1,1,main,main,Hot Mind,Hot Mind,SAME,0,,,
Hot Night,Hot Night,hotnight,hot night,0,0,,,,,SAME,0,,,
Hot Pinball,Hot Pinball,hotpinball,hot pinball,1,1,main,main,Hot Pinball,Hot Pinball,SAME,0,,,
"Hot Rod (World, 3 Players, Turbo set 1, Floppy Based)",Hot Rod,hotrod,hot rod,1,1,main,main,Hot Rod,Hot Rod,SAME,0,,,
Hot Shocker,Hot Shocker,hotshocker,hot shocker,1,1,main,main,Hot Shocker,Hot Shocker,SAME,0,,,
Hot Shots Tennis (V1.1),Hot Shots Tennis,hotshotstennis,hot shots tennis,1,1,main,main,Hot Shots Tennis,Hot Shots Tennis,SAME,0,,,
Hunchback (set 1),Hunchback,hunchback,hunchback,1,1,main,main,Hunchback,Hunchback,SAME,0,,,
Hunchback Olympic,Hunchback Olympic,hunchbackolympic,hunchback olympic,0,0,,,,,SAME,0,,,
Hustle,Hustle,hustle,hustle,1,1,main,main,Hustle,Hustle,SAME,0,,,
Hydra,Hydra,hydra,hydra,1,1,main,main,Hydra,Hydra,SAME,0,,,
Hyper Athlete (GV021 Japan 1.00),Hyper Athlete,hyperathlete,hyper athlete,1,1,main,main,Hyper Athlete,Hyper Athlete,SAME,0,,,
Hyper Bishi Bashi Champ - 2 Player (GX908 19990824 VER. JAA),Hyper Bishi Bashi Champ - 2 Player,hyperbishibashichamp2player,hyper bishi bashi champ 2 player,0,0,,,,,SAME,0,,,
Hyper Bishi Bashi Champ (GQ876 VER. EAA),Hyper Bishi Bashi Champ,hyperbishibashichamp,hyper bishi bashi champ,1,1,main,main,Hyper Bishi Bashi Champ,Hyper Bishi Bashi Champ,SAME,0,,,
Hyper Crash (version D),Hyper Crash,hypercrash,hyper crash,1,1,main,main,Hyper Crash,Hyper Crash,SAME,0,,,
Hyper Duel (Japan set 1),Hyper Duel,hyperduel,hyper duel,1,1,main,main,Hyper Duel,Hyper Duel,SAME,0,,,
Hyper Olympic '84,Hyper Olympic '84,hyperolympic84,hyper olympic 84,0,0,,,,,SAME,0,,,
Hyper Pacman,Hyper Pacman,hyperpacman,hyper pacman,1,0,main,,Hyper Pac-Man,,WORSE,0,,,
Hyper Sports,Hyper Sports,hypersports,hyper sports,1,1,main,main,Hyper Sports,Hyper Sports,SAME,0,,,
"Hyperdrive (ver 1.40, Oct 23 1998)",Hyperdrive,hyperdrive,hyperdrive,1,1,main,main,Hyperdrive,Hyperdrive,SAME,0,,,
"I, Robot","I, Robot",irobot,i robot,1,1,main,main,"I, Robot","I, Robot",SAME,0,,,
IGMO,IGMO,igmo,igmo,1,1,main,main,IGMO,IGMO,SAME,0,,,
Ikari (Joystick hack bootleg),Ikari,ikari,ikari,0,0,,,,,SAME,0,,,
"Ikari III - The Rescue (World version 1, 8-Way Joystick)",Ikari III - The Rescue,ikari3therescue,ikari iii the rescue,1,1,main,main,Ikari III: The Rescue,Ikari III: The Rescue,SAME,0,,,
Ikari Warriors (US JAMMA),Ikari Warriors,ikariwarriors,ikari warriors,1,1,main,main,Ikari Warriors,Ikari Warriors,SAME,0,,,
Ikki (Japan),Ikki,ikki,ikki,0,0,,,,,SAME,0,,,
"I'm Sorry (315-5110, US)",I'm Sorry,imsorry,i m sorry,1,1,main,main,I'm Sorry,I'm Sorry,SAME,0,,,
Image Fight (World),Image Fight,imagefight,image fight,1,1,main,main,Image Fight,Image Fight,SAME,0,,,
Imago (cocktail set),Imago,imago,imago,1,1,main,main,Imago,Imago,SAME,0,,,
Imola Grand Prix (set 1),Imola Grand Prix,imolagrandprix,imola grand prix,1,1,main,main,Imola Grand Prix,Imola Grand Prix,SAME,0,,,
In The Hunt (World),In The Hunt,inthehunt,in the hunt,1,1,main,main,In the Hunt,In the Hunt,SAME,0,,,
Inca,Inca,inca,inca,1,1,main,main,Inca,Inca,SAME,0,,,
Indian Battle,Indian Battle,indianbattle,indian battle,1,1,main,main,Indian Battle,Indian Battle,SAME,0,,,
Indiana Jones and the Temple of Doom (set 1),Indiana Jones and the Temple of Doom,indianajonesandthetempleofdoom,indiana jones and the temple of doom,1,1,main,main,Indiana Jones and the Temple of Doom,Indiana Jones and the Temple of Doom,SAME,0,,,
Indoor Soccer (set 1),Indoor Soccer,indoorsoccer,indoor soccer,1,1,main,main,Indoor Soccer,Indoor Soccer,SAME,0,,,
Inferno (Meadows),Inferno,inferno,inferno,1,1,main,main,Inferno,Inferno,SAME,0,,,
Inferno (Williams),Inferno,inferno,inferno,1,1,main,main,Inferno,Inferno,SAME,0,,,
Insector X (World),Insector X,insectorx,insector x,1,1,main,main,Insector X,Insector X,SAME,0,,,
Intergirl,Intergirl,intergirl,intergirl,1,1,main,main,Intergirl,Intergirl,SAME,0,,,
Intrepid (set 1),Intrepid,intrepid,intrepid,1,1,main,main,Intrepid,Intrepid,SAME,0,,,
Invader's Revenge (set 1),Invader's Revenge,invadersrevenge,invader s revenge,1,1,main,main,Invader's Revenge,Invader's Revenge,SAME,0,,,
Invasion - The Abductors (version 5.0),Invasion - The Abductors,invasiontheabductors,invasion the abductors,1,1,main,main,Invasion: The Abductors,Invasion: The Abductors,SAME,0,,,
Invinco,Invinco,invinco,invinco,1,1,main,main,Invinco,Invinco,SAME,0,,,
IPM Invader (set 1),IPM Invader,ipminvader,ipm invader,0,0,,,,,SAME,0,,,
IQ-Block (V100U),IQ-Block,iqblock,iq block,1,1,main,main,IQ-Block,IQ-Block,SAME,0,,,
Iron Fortress,Iron Fortress,ironfortress,iron fortress,1,1,main,main,Iron Fortress,Iron Fortress,SAME,0,,,
Iron Horse (version K),Iron Horse,ironhorse,iron horse,1,1,main,main,Iron Horse,Iron Horse,SAME,0,,,
Ironman Ivan Stewart's Super Off-Road (rev 4),Ironman Ivan Stewart's Super Off-Road,ironmanivanstewartssuperoffroad,ironman ivan stewart s super off road,0,0,,,,,SAME,0,,,
Ironman Ivan Stewart's Super Off-Road Track-Pak (rev 4?),Ironman Ivan Stewart's Super Off-Road Track-Pak,ironmanivanstewartssuperoffroadtrackpak,ironman ivan stewart s super off road track pak,0,0,,,,,SAME,0,,,
Istrebiteli,Istrebiteli,istrebiteli,istrebiteli,1,1,main,main,Istrebiteli,Istrebiteli,SAME,0,,,
Itazura Tenshi (Japan),Itazura Tenshi,itazuratenshi,itazura tenshi,1,1,main,main,Itazura Tenshi,Itazura Tenshi,SAME,0,,,
J. J. Squawkers,J. J. Squawkers,jjsquawkers,j j squawkers,1,1,main,main,J. J. Squawkers,J. J. Squawkers,SAME,0,,,
Jack Rabbit (set 1),Jack Rabbit,jackrabbit,jack rabbit,1,1,main,main,Jack Rabbit,Jack Rabbit,SAME,0,,,
Jack the Giantkiller (set 1),Jack the Giantkiller,jackthegiantkiller,jack the giantkiller,1,1,main,main,Jack the Giantkiller,Jack the Giantkiller,SAME,0,,,
"Jackal (World, 8-way Joystick)",Jackal,jackal,jackal,0,0,,,,,SAME,0,,,
Jackie Chan - The Kung-Fu Master (rev 4),Jackie Chan - The Kung-Fu Master,jackiechanthekungfumaster,jackie chan the kung fu master,1,1,main,main,Jackie Chan: The Kung-Fu Master,Jackie Chan: The Kung-Fu Master,SAME,0,,,
Jackie Chan in Fists of Fire,Jackie Chan in Fists of Fire,jackiechaninfistsoffire,jackie chan in fists of fire,1,1,main,main,Jackie Chan in Fists of Fire,Jackie Chan in Fists of Fire,SAME,0,,,
Jail Break,Jail Break,jailbreak,jail break,1,0,main,,Jailbreak,,WORSE,0,,,
Jan Jan Paradise 2,Jan Jan Paradise 2,janjanparadise2,jan jan paradise 2,1,1,main,main,Jan Jan Paradise 2,Jan Jan Paradise 2,SAME,0,,,
Janken Game Acchi Muite Hoi! (Japan 1.3),Janken Game Acchi Muite Hoi!,jankengameacchimuitehoi,janken game acchi muite hoi,1,1,main,main,Janken Game Acchi Muite Hoi!,Janken Game Acchi Muite Hoi!,SAME,0,,,
"Jet Wave (EAB, Euro v1.04)",Jet Wave,jetwave,jet wave,0,0,,,,,SAME,0,,,
Jikkyou Pawafuru Puro Yakyu EX (GX802 VER. JAB),Jikkyou Pawafuru Puro Yakyu EX,jikkyoupawafurupuroyakyuex,jikkyou pawafuru puro yakyu ex,1,1,main,main,Jikkyou Pawafuru Puro Yakyu EX,Jikkyou Pawafuru Puro Yakyu EX,SAME,0,,,
Jikkyou Pawafuru Puro Yakyu EX '98 (GC811 VER. JAA),Jikkyou Pawafuru Puro Yakyu EX '98,jikkyoupawafurupuroyakyuex98,jikkyou pawafuru puro yakyu ex 98,0,0,,,,,SAME,0,,,
Jikkyou Powerful Pro Yakyuu '96 (GV017 Japan 1.03),Jikkyou Powerful Pro Yakyuu '96,jikkyoupowerfulproyakyuu96,jikkyou powerful pro yakyuu 96,1,1,main,main,Jikkyou Powerful Pro Yakyuu '96,Jikkyou Powerful Pro Yakyuu '96,SAME,0,,,
Jitsuryoku!! Pro Yakyuu (Japan),Jitsuryoku!! Pro Yakyuu,jitsuryokuproyakyuu,jitsuryoku pro yakyuu,1,1,main,main,Jitsuryoku!! Pro Yakyuu,Jitsuryoku!! Pro Yakyuu,SAME,0,,,
J-League Soccer V-Shoot (Japan),J-League Soccer V-Shoot,jleaguesoccervshoot,j league soccer v shoot,1,1,main,main,J-League Soccer V-Shoot,J-League Soccer V-Shoot,SAME,0,,,
"Joe &amp;amp;amp;amp; Mac Returns (World, Version 1.1, 1994.05.27)",Joe &amp;amp;amp;amp; Mac Returns,joeampampampampmacreturns,joe amp amp amp amp mac returns,0,0,,,,,SAME,0,,,
John Elway's Team Quarterback (rev 3),John Elway's Team Quarterback,johnelwaysteamquarterback,john elway s team quarterback,1,1,main,main,John Elway's Team Quarterback,John Elway's Team Quarterback,SAME,0,,,
Joinem,Joinem,joinem,joinem,1,1,main,main,Joinem,Joinem,SAME,0,,,
Jolly Jogger,Jolly Jogger,jollyjogger,jolly jogger,1,1,main,main,Jolly Jogger,Jolly Jogger,SAME,0,,,
Joryuu Syougi Kyoushitsu (Japan),Joryuu Syougi Kyoushitsu,joryuusyougikyoushitsu,joryuu syougi kyoushitsu,1,1,main,main,Joryuu Syougi Kyoushitsu,Joryuu Syougi Kyoushitsu,SAME,0,,,
Joshi Volleyball,Joshi Volleyball,joshivolleyball,joshi volleyball,1,1,main,main,Joshi Volleyball,Joshi Volleyball,SAME,0,,,
Journey,Journey,journey,journey,1,1,main,main,Journey,Journey,SAME,0,,,
Joust (Green label),Joust,joust,joust,1,1,main,main,Joust,Joust,SAME,0,,,
Joust 2 - Survival of the Fittest (revision 2),Joust 2 - Survival of the Fittest,joust2survivalofthefittest,joust 2 survival of the fittest,1,1,main,main,Joust 2: Survival of the Fittest,Joust 2: Survival of the Fittest,SAME,0,,,
Joyful Road (Japan),Joyful Road,joyfulroad,joyful road,0,0,,,,,SAME,0,,,
Jr. Pac-Man (11/9/83),Jr. Pac-Man,jrpacman,jr pac man,1,1,main,main,Jr. Pac-man,Jr. Pac-man,SAME,0,,,
Judge Dredd (Rev C Dec. 17 1997),Judge Dredd,judgedredd,judge dredd,0,0,,,,,SAME,0,,,
"Judge Dredd (rev TA1 7/12/92, location test)",Judge Dredd,judgedredd,judge dredd,0,0,,,,,SAME,0,,,
Juezhan Tianhuang,Juezhan Tianhuang,juezhantianhuang,juezhan tianhuang,1,0,main,,Jue Zhan Tian Huang,,WORSE,0,,,
Jump Bug,Jump Bug,jumpbug,jump bug,1,1,main,main,Jump Bug,Jump Bug,SAME,0,,,
Jump Coaster (World),Jump Coaster,jumpcoaster,jump coaster,1,1,main,main,Jump Coaster,Jump Coaster,SAME,0,,,
Jump Jump,Jump Jump,jumpjump,jump jump,1,1,main,main,Jump Jump,Jump Jump,SAME,0,,,
Jump Kids,Jump Kids,jumpkids,jump kids,1,1,main,main,Jump Kids,Jump Kids,SAME,0,,,
Jump Shot,Jump Shot,jumpshot,jump shot,1,1,main,main,Jump Shot,Jump Shot,SAME,0,,,
Jumping Break (set 1),Jumping Break,jumpingbreak,jumping break,1,1,main,main,Jumping Break,Jumping Break,SAME,0,,,
Jumping Cross (set 1),Jumping Cross,jumpingcross,jumping cross,1,1,main,main,Jumping Cross,Jumping Cross,SAME,0,,,
Jumping Jack,Jumping Jack,jumpingjack,jumping jack,1,1,main,main,Jumping Jack,Jumping Jack,SAME,0,,,
Jumping Pop (set 1),Jumping Pop,jumpingpop,jumping pop,1,1,main,main,Jumping Pop,Jumping Pop,SAME,0,,,
Jungle Hunt (US),Jungle Hunt,junglehunt,jungle hunt,1,1,main,main,Jungle Hunt,Jungle Hunt,SAME,0,,,
Jungle King (Japan),Jungle King,jungleking,jungle king,1,1,main,main,Jungle King,Jungle King,SAME,0,,,
Jungler,Jungler,jungler,jungler,1,1,main,main,Jungler,Jungler,SAME,0,,,
Juno First,Juno First,junofirst,juno first,1,1,main,main,Juno First,Juno First,SAME,0,,,
"Jurassic Park (World, Rev A)",Jurassic Park,jurassicpark,jurassic park,1,1,main,main,Jurassic Park,Jurassic Park,SAME,0,,,
Kabuki-Z (World),Kabuki-Z,kabukiz,kabuki z,1,1,main,main,Kabuki-Z,Kabuki-Z,SAME,0,,,
Kageki (World),Kageki,kageki,kageki,1,1,main,main,Kageki,Kageki,SAME,0,,,
Kaiser Knuckle (Ver 2.1O 19940729),Kaiser Knuckle,kaiserknuckle,kaiser knuckle,1,1,main,main,Kaiser Knuckle,Kaiser Knuckle,SAME,0,,,
Kaitei Takara Sagashi,Kaitei Takara Sagashi,kaiteitakarasagashi,kaitei takara sagashi,0,0,,,,,SAME,0,,,
Kamikaze,Kamikaze,kamikaze,kamikaze,0,0,,,,,SAME,0,,,
Kamikaze Cabbie,Kamikaze Cabbie,kamikazecabbie,kamikaze cabbie,0,0,,,,,SAME,0,,,
Kangaroo,Kangaroo,kangaroo,kangaroo,1,1,main,main,Kangaroo,Kangaroo,SAME,0,,,
Kaos,Kaos,kaos,kaos,1,1,main,main,Kaos,Kaos,SAME,0,,,
"Karate Blazers (World, set 1)",Karate Blazers,karateblazers,karate blazers,1,1,main,main,Karate Blazers,Karate Blazers,SAME,0,,,
Karate Champ (US),Karate Champ,karatechamp,karate champ,1,1,main,main,Karate Champ,Karate Champ,SAME,0,,,
Karian Cross (Rev. 1.0),Karian Cross,kariancross,karian cross,1,1,main,main,Karian Cross,Karian Cross,SAME,0,,,
"Karnov (US, rev 6)",Karnov,karnov,karnov,1,1,main,main,Karnov,Karnov,SAME,0,,,
"Kart Duel (World, KTD2VER.A)",Kart Duel,kartduel,kart duel,1,1,main,main,Kart Duel,Kart Duel,SAME,0,,,
Kattobase Power Pro Kun,Kattobase Power Pro Kun,kattobasepowerprokun,kattobase power pro kun,1,1,main,main,Kattobase Power Pro Kun,Kattobase Power Pro Kun,SAME,0,,,
"Ken Sei Mogura Street Fighter II (Japan 940418, Ver 1.00)",Ken Sei Mogura Street Fighter II,kenseimogurastreetfighter2,ken sei mogura street fighter ii,1,1,main,main,Ken Sei Mogura: Street Fighter II,Ken Sei Mogura: Street Fighter II,SAME,0,,,
Ken-Go (World),Ken-Go,kengo,ken go,0,0,,,,,SAME,0,,,
"Kero Kero Keroppi's Let's Play Together (USA, Version 2.0)",Kero Kero Keroppi's Let's Play Together,kerokerokeroppisletsplaytogether,kero kero keroppi s let s play together,0,0,,,,,SAME,0,,,
Kick (upright),Kick,kick,kick,0,0,,,,,SAME,0,,,
Kick and Run (World),Kick and Run,kickandrun,kick and run,1,1,main,main,Kick And Run,Kick And Run,SAME,0,,,
Kick Ball,Kick Ball,kickball,kick ball,1,1,main,main,Kick Ball,Kick Ball,SAME,0,,,
Kick Boy,Kick Boy,kickboy,kick boy,1,1,main,main,Kick Boy,Kick Boy,SAME,0,,,
Kick Goal (set 1),Kick Goal,kickgoal,kick goal,1,1,main,main,Kick Goal,Kick Goal,SAME,0,,,
Kick Off Jaleco Cup (Japan),Kick Off Jaleco Cup,kickoffjalecocup,kick off jaleco cup,1,1,main,main,Kick Off: Jaleco Cup,Kick Off: Jaleco Cup,SAME,0,,,
Kick Rider,Kick Rider,kickrider,kick rider,1,1,main,main,Kick Rider,Kick Rider,SAME,0,,,
Kick Start Wheelie King,Kick Start Wheelie King,kickstartwheelieking,kick start wheelie king,1,1,main,main,Kick Start: Wheelie King,Kick Start: Wheelie King,SAME,0,,,
Kicker,Kicker,kicker,kicker,1,1,main,main,Kicker,Kicker,SAME,0,,,
Kid Niki - Radical Ninja (World),Kid Niki - Radical Ninja,kidnikiradicalninja,kid niki radical ninja,1,1,main,main,Kid Niki: Radical Ninja,Kid Niki: Radical Ninja,SAME,0,,,
Kid no Hore Hore Daisakusen,Kid no Hore Hore Daisakusen,kidnohorehoredaisakusen,kid no hore hore daisakusen,0,0,,,,,SAME,0,,,
KiKi KaiKai,KiKi KaiKai,kikikaikai,kiki kaikai,1,1,main,main,KiKi KaiKai,KiKi KaiKai,SAME,0,,,
Killer Comet,Killer Comet,killercomet,killer comet,1,1,main,main,Killer Comet,Killer Comet,SAME,0,,,
Killer Instinct,Killer Instinct,killerinstinct,killer instinct,1,1,main,main,Killer Instinct,Killer Instinct,SAME,0,,,
Killer Instinct 2,Killer Instinct 2,killerinstinct2,killer instinct 2,1,1,main,main,Killer Instinct 2,Killer Instinct 2,SAME,0,,,
King &amp;amp;amp;amp; Balloon (US),King &amp;amp;amp;amp; Balloon,kingampampampampballoon,king amp amp amp amp balloon,0,0,,,,,SAME,0,,,
King of Boxer (World),King of Boxer,kingofboxer,king of boxer,1,1,main,main,King of Boxer,King of Boxer,SAME,0,,,
King of Dynast Gear (version 1.8),King of Dynast Gear,kingofdynastgear,king of dynast gear,1,1,main,main,King of Dynast Gear,King of Dynast Gear,SAME,0,,,
Kingdom Grandprix,Kingdom Grandprix,kingdomgrandprix,kingdom grandprix,1,0,main,,Kingdom Grand Prix,,WORSE,0,,,
Kingpin,Kingpin,kingpin,kingpin,1,1,main,main,Kingpin,Kingpin,SAME,0,,,
Kitten Kaboodle,Kitten Kaboodle,kittenkaboodle,kitten kaboodle,1,1,main,main,Kitten Kaboodle,Kitten Kaboodle,SAME,0,,,
Kkotbinyeo Special (Korea),Kkotbinyeo Special,kkotbinyeospecial,kkotbinyeo special,0,0,,,,,SAME,0,,,
Klax (version 6),Klax,klax,klax,1,1,main,main,Klax,Klax,SAME,0,,,
KlonDike+,KlonDike+,klondike,klondike,1,1,main,main,KlonDike+,KlonDike+,SAME,0,,,
"Knights of Valour Super Heroes / Sanguo Zhan Ji Fengyun Zaiqi / Sangoku Senki Super Heroes (SANGO EX+) (ver. 201 'Yitong Zhongyuan', China)",Knights of Valour Super Heroes / Sanguo Zhan Ji Fengyun Zaiqi / Sangoku Senki Super Heroes,knightsofvaloursuperheroessanguozhanjifengyunzaiqisangokusenkisuperheroes,knights of valour super heroes sanguo zhan ji fengyun zaiqi sangoku senki super heroes,0,0,,,,,SAME,0,,,
Knuckle Bash,Knuckle Bash,knucklebash,knuckle bash,1,1,main,main,Knuckle Bash,Knuckle Bash,SAME,0,,,
Knuckle Bash 2 (bootleg),Knuckle Bash 2,knucklebash2,knuckle bash 2,1,1,main,main,Knuckle Bash 2,Knuckle Bash 2,SAME,0,,,
Knuckle Heads (World),Knuckle Heads,knuckleheads,knuckle heads,1,1,main,main,Knuckle Heads,Knuckle Heads,SAME,0,,,
Knuckle Joe (set 1),Knuckle Joe,knucklejoe,knuckle joe,1,1,main,main,Knuckle Joe,Knuckle Joe,SAME,0,,,
Kokontouzai Eto Monogatari (Japan),Kokontouzai Eto Monogatari,kokontouzaietomonogatari,kokontouzai eto monogatari,1,1,main,main,Kokontouzai Eto Monogatari,Kokontouzai Eto Monogatari,SAME,0,,,
Kollon (V2.04JA 20031101 1200),Kollon,kollon,kollon,1,1,main,main,Kollon,Kollon,SAME,0,,,
Konami 80's AC Special (GC826 VER. EAA),Konami 80's AC Special,konami80sacspecial,konami 80 s ac special,1,1,main,main,Konami 80's AC Special,Konami 80's AC Special,SAME,0,,,
Konami '88,Konami '88,konami88,konami 88,0,0,,,,,SAME,0,,,
Konami GT,Konami GT,konamigt,konami gt,1,1,main,main,Konami GT,Konami GT,SAME,0,,,
Konami's Open Golf Championship (ver EAE),Konami's Open Golf Championship,konamisopengolfchampionship,konami s open golf championship,1,1,main,main,Konami's Open Golf Championship,Konami's Open Golf Championship,SAME,0,,,
Konami's Ping-Pong,Konami's Ping-Pong,konamispingpong,konami s ping pong,1,1,main,main,Konami's Ping-Pong,Konami's Ping-Pong,SAME,0,,,
Koro Koro Quest (Japan),Koro Koro Quest,korokoroquest,koro koro quest,1,1,main,main,Koro Koro Quest,Koro Koro Quest,SAME,0,,,
Korokoro Pensuke,Korokoro Pensuke,korokoropensuke,korokoro pensuke,1,1,main,main,Korokoro Pensuke,Korokoro Pensuke,SAME,0,,,
Koutetsu Yousai Strahl (World),Koutetsu Yousai Strahl,koutetsuyousaistrahl,koutetsu yousai strahl,1,1,main,main,Koutetsu Yousai Strahl,Koutetsu Yousai Strahl,SAME,0,,,
Kozmik Kroozr,Kozmik Kroozr,kozmikkroozr,kozmik kroozr,1,0,main,,Kozmik Krooz'r,,WORSE,0,,,
Kozure Ookami (Japan),Kozure Ookami,kozureookami,kozure ookami,1,1,main,main,Kozure Ookami,Kozure Ookami,SAME,0,,,
Kram (rev 1),Kram,kram,kram,1,1,main,main,Kram,Kram,SAME,0,,,
Krazy Bowl,Krazy Bowl,krazybowl,krazy bowl,1,1,main,main,Krazy Bowl,Krazy Bowl,SAME,0,,,
Krull,Krull,krull,krull,1,1,main,main,Krull,Krull,SAME,0,,,
Kung-Fu Master (World),Kung-Fu Master,kungfumaster,kung fu master,1,1,main,main,Kung-Fu Master,Kung-Fu Master,SAME,0,,,
Kung-Fu Taikun (set 1),Kung-Fu Taikun,kungfutaikun,kung fu taikun,1,1,main,main,Kung-Fu Taikun,Kung-Fu Taikun,SAME,0,,,
Kuri Kinton (World),Kuri Kinton,kurikinton,kuri kinton,1,1,main,main,Kuri Kinton,Kuri Kinton,SAME,0,,,
Kurukuru Fever,Kurukuru Fever,kurukurufever,kurukuru fever,1,1,main,main,Kurukuru Fever,Kurukuru Fever,SAME,0,,,
Kusayakyuu,Kusayakyuu,kusayakyuu,kusayakyuu,1,1,main,main,Kusayakyuu,Kusayakyuu,SAME,0,,,
Kyros,Kyros,kyros,kyros,1,1,main,main,Kyros,Kyros,SAME,0,,,
"Kyuukai Douchuuki (Japan, new version (Rev B))",Kyuukai Douchuuki,kyuukaidouchuuki,kyuukai douchuuki,1,1,main,main,Kyuukai Douchuuki,Kyuukai Douchuuki,SAME,0,,,
Lady Bug,Lady Bug,ladybug,lady bug,1,0,main,,LadyBug,,WORSE,0,,,
Lady Frog,Lady Frog,ladyfrog,lady frog,1,1,main,main,Lady Frog,Lady Frog,SAME,0,,,
Lady Killer,Lady Killer,ladykiller,lady killer,1,1,main,main,Lady Killer,Lady Killer,SAME,0,,,
Lady Master of Kung Fu (rev 1),Lady Master of Kung Fu,ladymasterofkungfu,lady master of kung fu,1,1,main,main,Lady Master of Kung Fu,Lady Master of Kung Fu,SAME,0,,,
Laguna Racer,Laguna Racer,lagunaracer,laguna racer,1,1,main,main,Laguna Racer,Laguna Racer,SAME,0,,,
Land Breaker (World)  Miss Tang Ja Ru Gi (Korea) (pcb ver 3.02),Land Breaker  Miss Tang Ja Ru Gi,landbreakermisstangjarugi,land breaker miss tang ja ru gi,0,0,,,,,SAME,0,,,
Land Maker (Ver 2.02O 19980602),Land Maker,landmaker,land maker,1,0,main,,Landmaker,,WORSE,0,,,
Land Sea Air Squad  Riku Kai Kuu Saizensen,Land Sea Air Squad  Riku Kai Kuu Saizensen,landseaairsquadrikukaikuusaizensen,land sea air squad riku kai kuu saizensen,0,0,,,,,SAME,0,,,
Landing Gear (Ver 4.2 O),Landing Gear,landinggear,landing gear,1,1,main,main,Landing Gear,Landing Gear,SAME,0,,,
Las Vegas Girl (Girl '94),Las Vegas Girl,lasvegasgirl,las vegas girl,1,1,main,main,Las Vegas Girl,Las Vegas Girl,SAME,0,,,
Laser Base (set 1),Laser Base,laserbase,laser base,1,1,main,main,Laser Base,Laser Base,SAME,0,,,
Laser Battle,Laser Battle,laserbattle,laser battle,0,0,,,,,SAME,0,,,
Laser Ghost (World) (FD1094 317-0166),Laser Ghost,laserghost,laser ghost,1,1,main,main,Laser Ghost,Laser Ghost,SAME,0,,,
Laser Strixx 2,Laser Strixx 2,laserstrixx2,laser strixx 2,1,1,main,main,Laser Strixx 2,Laser Strixx 2,SAME,0,,,
Lasso,Lasso,lasso,lasso,1,1,main,main,Lasso,Lasso,SAME,0,,,
Last Duel (US New Ver.),Last Duel,lastduel,last duel,1,1,main,main,Last Duel,Last Duel,SAME,0,,,
Last Fighting,Last Fighting,lastfighting,last fighting,1,1,main,main,Last Fighting,Last Fighting,SAME,0,,,
"Last Fortress - Toride (Japan, VG420 PCB)",Last Fortress - Toride,lastfortresstoride,last fortress toride,1,1,main,main,Last Fortress: Toride,Last Fortress: Toride,SAME,0,,,
Last Mission (World revision 8),Last Mission,lastmission,last mission,1,1,main,main,Last Mission,Last Mission,SAME,0,,,
Last Striker / Kyuukyoku no Striker,Last Striker / Kyuukyoku no Striker,laststrikerkyuukyokunostriker,last striker kyuukyoku no striker,0,0,,,,,SAME,0,,,
Last Survivor (Japan) (FD1094 317-0083),Last Survivor,lastsurvivor,last survivor,1,1,main,main,Last Survivor,Last Survivor,SAME,0,,,
Lazarian,Lazarian,lazarian,lazarian,1,1,main,main,Lazarian,Lazarian,SAME,0,,,
Lazer Command,Lazer Command,lazercommand,lazer command,1,1,main,main,Lazer Command,Lazer Command,SAME,0,,,
"Leader Board Golf (Arcadia, set 1, V 2.5)",Leader Board Golf,leaderboardgolf,leader board golf,1,1,main,main,Leader Board Golf,Leader Board Golf,SAME,0,,,
Led Storm Rally 2011 (World),Led Storm Rally 2011,ledstormrally2011,led storm rally 2011,1,1,main,main,LED Storm Rally 2011,LED Storm Rally 2011,SAME,0,,,
Lee Trevino's Fighting Golf (World?),Lee Trevino's Fighting Golf,leetrevinosfightinggolf,lee trevino s fighting golf,0,0,,,,,SAME,0,,,
Legend,Legend,legend,legend,1,1,main,main,Legend,Legend,SAME,0,,,
Legend of Hero Tonma (World),Legend of Hero Tonma,legendofherotonma,legend of hero tonma,1,1,main,main,Legend of Hero Tonma,Legend of Hero Tonma,SAME,0,,,
Legend of Heroes,Legend of Heroes,legendofheroes,legend of heroes,1,1,main,main,Legend of Heroes,Legend of Heroes,SAME,0,,,
Legend of Makai (World),Legend of Makai,legendofmakai,legend of makai,1,1,main,main,Legend of Makai,Legend of Makai,SAME,0,,,
"Legendary Wings (US, rev. C)",Legendary Wings,legendarywings,legendary wings,1,1,main,main,Legendary Wings,Legendary Wings,SAME,0,,,
Legion - Spinner-87 (World ver 2.03),Legion - Spinner-87,legionspinner87,legion spinner 87,1,1,main,main,Legion: Spinner-87,Legion: Spinner-87,SAME,0,,,
Legionnaire (World),Legionnaire,legionnaire,legionnaire,1,1,main,main,Legionnaire,Legionnaire,SAME,0,,,
Leprechaun (set 1),Leprechaun,leprechaun,leprechaun,1,1,main,main,Leprechaun,Leprechaun,SAME,0,,,
Lethal Crash Race  Bakuretsu Crash Race (set 1),Lethal Crash Race  Bakuretsu Crash Race,lethalcrashracebakuretsucrashrace,lethal crash race bakuretsu crash race,0,0,,,,,SAME,0,,,
"Lethal Enforcers (ver UAE, 11/19/92 15:04)",Lethal Enforcers,lethalenforcers,lethal enforcers,1,1,main,main,Lethal Enforcers,Lethal Enforcers,SAME,0,,,
Lethal Enforcers II: Gun Fighters (ver EAA),Lethal Enforcers II: Gun Fighters,lethalenforcers2gunfighters,lethal enforcers ii gun fighters,1,1,main,main,Lethal Enforcers II: Gun Fighters,Lethal Enforcers II: Gun Fighters,SAME,0,,,
Lethal Justice (Version 2.3),Lethal Justice,lethaljustice,lethal justice,1,1,main,main,Lethal Justice,Lethal Justice,SAME,0,,,
Lethal Thunder (World),Lethal Thunder,lethalthunder,lethal thunder,1,1,main,main,Lethal Thunder,Lethal Thunder,SAME,0,,,
Let's Attack Crazy Cross (GV027 Asia 1.10),Let's Attack Crazy Cross,letsattackcrazycross,let s attack crazy cross,1,1,main,main,Let's Attack: Crazy Cross,Let's Attack: Crazy Cross,SAME,0,,,
Let's Dance,Let's Dance,letsdance,let s dance,0,0,,,,,SAME,0,,,
Levers,Levers,levers,levers,1,1,main,main,Levers,Levers,SAME,0,,,
Libble Rabble,Libble Rabble,libblerabble,libble rabble,1,1,main,main,Libble Rabble,Libble Rabble,SAME,0,,,
Liberation,Liberation,liberation,liberation,1,1,main,main,Liberation,Liberation,SAME,0,,,
Liberator (version 2),Liberator,liberator,liberator,1,1,main,main,Liberator,Liberator,SAME,0,,,
Lifeforce (US),Lifeforce,lifeforce,lifeforce,1,0,main,,Life Force,,WORSE,0,,,
Light Bringer (Ver 2.2O 19940408),Light Bringer,lightbringer,light bringer,0,0,,,,,SAME,0,,,
Lightning Fighters (World),Lightning Fighters,lightningfighters,lightning fighters,1,1,main,main,Lightning Fighters,Lightning Fighters,SAME,0,,,
Lightning Swords (World),Lightning Swords,lightningswords,lightning swords,1,1,main,main,Lightning Swords,Lightning Swords,SAME,0,,,
Limited Edition Hang-On,Limited Edition Hang-On,limitededitionhangon,limited edition hang on,1,1,main,main,Limited Edition Hang-On,Limited Edition Hang-On,SAME,0,,,
Line of Fire / Bakudan Yarou (World) (FD1094 317-0136),Line of Fire / Bakudan Yarou,lineoffirebakudanyarou,line of fire bakudan yarou,0,0,,,,,SAME,0,,,
Linky Pipe,Linky Pipe,linkypipe,linky pipe,1,1,main,main,Linky Pipe,Linky Pipe,SAME,0,,,
Liquid Kids (World),Liquid Kids,liquidkids,liquid kids,1,1,main,main,Liquid Kids,Liquid Kids,SAME,0,,,
Little Robin,Little Robin,littlerobin,little robin,1,1,main,main,Little Robin,Little Robin,SAME,0,,,
Lizard Wizard,Lizard Wizard,lizardwizard,lizard wizard,1,1,main,main,Lizard Wizard,Lizard Wizard,SAME,0,,,
Lock On (Philko),Lock On,lockon,lock on,1,1,main,main,Lock On,Lock On,SAME,0,,,
Lock'n'Chase,Lock'n'Chase,locknchase,lock n chase,1,1,main,main,Lock'n'Chase,Lock'n'Chase,SAME,0,,,
Lock'n'Chase (DECO Cassette) (US),Lock'n'Chase,locknchase,lock n chase,1,1,main,main,Lock'n'Chase,Lock'n'Chase,SAME,0,,,
Lock-On (rev. E),Lock-On,lockon,lock on,1,1,main,main,Lock On,Lock On,SAME,0,,,
Loco-Motion,Loco-Motion,locomotion,loco motion,1,1,main,main,Loco-Motion,Loco-Motion,SAME,0,,,
Lode Runner - The Dig Fight (ver. A),Lode Runner - The Dig Fight,loderunnerthedigfight,lode runner the dig fight,1,1,main,main,Lode Runner: The Dig Fight,Lode Runner: The Dig Fight,SAME,0,,,
Lode Runner - The Dig Fight (ver. B),Lode Runner - The Dig Fight,loderunnerthedigfight,lode runner the dig fight,1,1,main,main,Lode Runner: The Dig Fight,Lode Runner: The Dig Fight,SAME,0,,,
Lode Runner (set 1),Lode Runner,loderunner,lode runner,1,1,main,main,Lode Runner,Lode Runner,SAME,0,,,
Lode Runner II - The Bungeling Strikes Back,Lode Runner II - The Bungeling Strikes Back,loderunner2thebungelingstrikesback,lode runner ii the bungeling strikes back,1,1,main,main,Lode Runner II: The Bungeling Strikes Back,Lode Runner II: The Bungeling Strikes Back,SAME,0,,,
Lode Runner III - The Golden Labyrinth,Lode Runner III - The Golden Labyrinth,loderunner3thegoldenlabyrinth,lode runner iii the golden labyrinth,1,1,main,main,Lode Runner III: The Golden Labyrinth,Lode Runner III: The Golden Labyrinth,SAME,0,,,
Lode Runner IV - Teikoku Karano Dasshutsu (Japan),Lode Runner IV - Teikoku Karano Dasshutsu,loderunner4teikokukaranodasshutsu,lode runner iv teikoku karano dasshutsu,1,1,main,main,Lode Runner IV: Teikoku Karano Dasshutsu,Lode Runner IV: Teikoku Karano Dasshutsu,SAME,0,,,
Logger (Rev.3),Logger,logger,logger,1,1,main,main,Logger,Logger,SAME,0,,,
Logic Pro 2 (Japan),Logic Pro 2,logicpro2,logic pro 2,1,1,main,main,Logic Pro 2,Logic Pro 2,SAME,0,,,
Logic Pro Adventure (Japan),Logic Pro Adventure,logicproadventure,logic pro adventure,1,1,main,main,Logic Pro Adventure,Logic Pro Adventure,SAME,0,,,
Long Beach,Long Beach,longbeach,long beach,1,1,main,main,Long Beach,Long Beach,SAME,0,,,
Looping,Looping,looping,looping,1,1,main,main,Looping,Looping,SAME,0,,,
Lord of Gun (World),Lord of Gun,lordofgun,lord of gun,1,1,main,main,Lord of Gun,Lord of Gun,SAME,0,,,
Lost Tomb (easy),Lost Tomb,losttomb,lost tomb,1,1,main,main,Lost Tomb,Lost Tomb,SAME,0,,,
Lot Lot,Lot Lot,lotlot,lot lot,1,1,main,main,Lot Lot,Lot Lot,SAME,0,,,
Lover Boy,Lover Boy,loverboy,lover boy,1,1,main,main,Lover Boy,Lover Boy,SAME,0,,,
Lucky &amp;amp;amp;amp; Wild,Lucky &amp;amp;amp;amp; Wild,luckyampampampampwild,lucky amp amp amp amp wild,0,0,,,,,SAME,0,,,
Lunar Lander (rev 2),Lunar Lander,lunarlander,lunar lander,1,1,main,main,Lunar Lander,Lunar Lander,SAME,0,,,
Lunar Rescue,Lunar Rescue,lunarrescue,lunar rescue,1,1,main,main,Lunar Rescue,Lunar Rescue,SAME,0,,,
Lupin III (set 1),Lupin III,lupin3,lupin iii,1,1,main,main,Lupin III,Lupin III,SAME,0,,,
M.I.A. - Missing in Action (version T),M.I.A. - Missing in Action,miamissinginaction,m i a missing in action,1,1,main,main,M.I.A.: Missing in Action,M.I.A.: Missing in Action,SAME,0,,,
M-4,M-4,m4,m 4,1,1,main,main,M-4,M-4,SAME,0,,,
M-79 Ambush,M-79 Ambush,m79ambush,m 79 ambush,1,1,main,main,M-79 Ambush,M-79 Ambush,SAME,0,,,
Ma Cheon Ru (Korea),Ma Cheon Ru,macheonru,ma cheon ru,1,1,main,main,Ma Cheon Ru,Ma Cheon Ru,SAME,0,,,
"Mace: The Dark Age (boot ROM 1.0ce, HDD 1.0b)",Mace: The Dark Age,macethedarkage,mace the dark age,1,1,main,main,Mace: The Dark Age,Mace: The Dark Age,SAME,0,,,
"Mach Breakers (World, MB2)",Mach Breakers,machbreakers,mach breakers,1,1,main,main,Mach Breakers,Mach Breakers,SAME,0,,,
Macho Mouse,Macho Mouse,machomouse,macho mouse,1,1,main,main,Macho Mouse,Macho Mouse,SAME,0,,,
Macross Plus,Macross Plus,macrossplus,macross plus,1,1,main,main,Macross Plus,Macross Plus,SAME,0,,,
Mad Alien (set 1),Mad Alien,madalien,mad alien,1,1,main,main,Mad Alien,Mad Alien,SAME,0,,,
Mad Ball (V2.0),Mad Ball,madball,mad ball,0,0,,,,,SAME,0,,,
"Mad Ball (V2.0, with nudity)",Mad Ball,madball,mad ball,0,0,,,,,SAME,0,,,
Mad Crasher,Mad Crasher,madcrasher,mad crasher,1,1,main,main,Mad Crasher,Mad Crasher,SAME,0,,,
"Mad Donna (Tuning, set 1)",Mad Donna,maddonna,mad donna,1,1,main,main,Mad Donna,Mad Donna,SAME,0,,,
Mad Gear (US),Mad Gear,madgear,mad gear,0,0,,,,,SAME,0,,,
Mad Planets,Mad Planets,madplanets,mad planets,1,1,main,main,Mad Planets,Mad Planets,SAME,0,,,
Mad Shark,Mad Shark,madshark,mad shark,1,1,main,main,Mad Shark,Mad Shark,SAME,0,,,
Mag Max (set 1),Mag Max,magmax,mag max,1,0,main,,MagMax,,WORSE,0,,,
Magic Bubble,Magic Bubble,magicbubble,magic bubble,1,1,main,main,Magic Bubble,Magic Bubble,SAME,0,,,
"Magic Johnson's Fast Break (Arcadia, V 2.8)",Magic Johnson's Fast Break,magicjohnsonsfastbreak,magic johnson s fast break,1,1,main,main,Magic Johnson's Fast Break,Magic Johnson's Fast Break,SAME,0,,,
Magic Purple,Magic Purple,magicpurple,magic purple,1,1,main,main,Magic Purple,Magic Purple,SAME,0,,,
Magical Cat Adventure,Magical Cat Adventure,magicalcatadventure,magical cat adventure,1,1,main,main,Magical Cat Adventure,Magical Cat Adventure,SAME,0,,,
"Magical Crystals (World, 920110)",Magical Crystals,magicalcrystals,magical crystals,1,1,main,main,Magical Crystals,Magical Crystals,SAME,0,,,
Magical Date EX / Magical Date - Sotsugyou Kokuhaku Daisakusen (Ver 2.01J),Magical Date EX / Magical Date - Sotsugyou Kokuhaku Daisakusen,magicaldateexmagicaldatesotsugyoukokuhakudaisakusen,magical date ex magical date sotsugyou kokuhaku daisakusen,0,0,,,,,SAME,0,,,
Magical Error wo Sagase,Magical Error wo Sagase,magicalerrorwosagase,magical error wo sagase,1,1,main,main,Magical Error wo Sagase,Magical Error wo Sagase,SAME,0,,,
Magical Speed,Magical Speed,magicalspeed,magical speed,1,1,main,main,Magical Speed,Magical Speed,SAME,0,,,
Magical Spot,Magical Spot,magicalspot,magical spot,1,1,main,main,Magical Spot,Magical Spot,SAME,0,,,
Magical Spot II,Magical Spot II,magicalspot2,magical spot ii,1,1,main,main,Magical Spot II,Magical Spot II,SAME,0,,,
Magical Tetris Challenge (981009 Japan),Magical Tetris Challenge,magicaltetrischallenge,magical tetris challenge,1,1,main,main,Magical Tetris Challenge,Magical Tetris Challenge,SAME,0,,,
Magical Twin Bee (ver EAA),Magical Twin Bee,magicaltwinbee,magical twin bee,0,0,,,,,SAME,0,,,
Magicball Fighting (Korea),Magicball Fighting,magicballfighting,magicball fighting,1,1,main,main,Magicball Fighting,Magicball Fighting,SAME,0,,,
Magix  Rock,Magix  Rock,magixrock,magix rock,0,0,,,,,SAME,0,,,
Main Event (1984),Main Event,mainevent,main event,1,1,main,main,Main Event,Main Event,SAME,0,,,
"Majestic Twelve - The Space Invaders Part IV (US, revised code, Rev 1)",Majestic Twelve - The Space Invaders Part IV,majestictwelvethespaceinvaderspart4,majestic twelve the space invaders part iv,1,1,main,main,Majestic Twelve: The Space Invaders Part IV,Majestic Twelve: The Space Invaders Part IV,SAME,0,,,
Major Havoc (rev 3),Major Havoc,majorhavoc,major havoc,1,1,main,main,Major Havoc,Major Havoc,SAME,0,,,
Major League,Major League,majorleague,major league,1,1,main,main,Major League,Major League,SAME,0,,,
Major Title (World),Major Title,majortitle,major title,1,1,main,main,Major Title,Major Title,SAME,0,,,
"Major Title 2 (World, set 1)",Major Title 2,majortitle2,major title 2,0,0,,,,,SAME,0,,,
Mallet Madness (v2.1),Mallet Madness,malletmadness,mallet madness,1,1,main,main,Mallet Madness,Mallet Madness,SAME,0,,,
Malzak,Malzak,malzak,malzak,1,1,main,main,Malzak,Malzak,SAME,0,,,
Malzak II,Malzak II,malzak2,malzak ii,1,1,main,main,Malzak II,Malzak II,SAME,0,,,
Mang-Chi,Mang-Chi,mangchi,mang chi,1,1,main,main,Mang-Chi,Mang-Chi,SAME,0,,,
Mania Challenge (set 1),Mania Challenge,maniachallenge,mania challenge,1,1,main,main,Mania Challenge,Mania Challenge,SAME,0,,,
Many Block,Many Block,manyblock,many block,1,1,main,main,Many Block,Many Block,SAME,0,,,
Mappy (US),Mappy,mappy,mappy,1,1,main,main,Mappy,Mappy,SAME,0,,,
Marble Madness (set 1),Marble Madness,marblemadness,marble madness,1,1,main,main,Marble Madness,Marble Madness,SAME,0,,,
Marchen Maze (Japan),Marchen Maze,marchenmaze,marchen maze,1,1,main,main,Märchen Maze,Märchen Maze,SAME,0,,,
Marine Boy,Marine Boy,marineboy,marine boy,1,1,main,main,Marine Boy,Marine Boy,SAME,0,,,
Marine Date,Marine Date,marinedate,marine date,1,1,main,main,Marine Date,Marine Date,SAME,0,,,
Mariner,Mariner,mariner,mariner,1,1,main,main,Mariner,Mariner,SAME,0,,,
"Mario Bros. (US, Revision G)",Mario Bros.,mariobros,mario bros,1,1,main,main,Mario Bros.,Mario Bros.,SAME,0,,,
Markham,Markham,markham,markham,1,1,main,main,Markham,Markham,SAME,0,,,
Mars,Mars,mars,mars,1,1,main,main,Mars,Mars,SAME,0,,,
Martial Champion (ver EAB),Martial Champion,martialchampion,martial champion,1,1,main,main,Martial Champion,Martial Champion,SAME,0,,,
Maru-Chan de Goo! (J 971216 V1.000),Maru-Chan de Goo!,maruchandegoo,maru chan de goo,1,1,main,main,Maru-Chan de Goo!,Maru-Chan de Goo!,SAME,0,,,
Marvel Land (Japan),Marvel Land,marvelland,marvel land,1,1,main,main,Marvel Land,Marvel Land,SAME,0,,,
Marvin's Maze,Marvin's Maze,marvinsmaze,marvin s maze,1,1,main,main,Marvin's Maze,Marvin's Maze,SAME,0,,,
Masked Riders Club Battle Race / Kamen Rider Club Battle Racer,Masked Riders Club Battle Race / Kamen Rider Club Battle Racer,maskedridersclubbattleracekamenriderclubbattleracer,masked riders club battle race kamen rider club battle racer,0,0,,,,,SAME,0,,,
Master of Weapon (World),Master of Weapon,masterofweapon,master of weapon,1,1,main,main,Master of Weapon,Master of Weapon,SAME,0,,,
Master's Fury,Master's Fury,mastersfury,master s fury,1,1,main,main,Master's Fury,Master's Fury,SAME,0,,,
Mat Mania,Mat Mania,matmania,mat mania,1,1,main,main,Mat Mania,Mat Mania,SAME,0,,,
Match It,Match It,matchit,match it,1,1,main,main,Match It,Match It,SAME,0,,,
Match It II,Match It II,matchit2,match it ii,1,1,main,main,Match It II,Match It II,SAME,0,,,
Mausuke no Ojama the World (J 960314 V1.000),Mausuke no Ojama the World,mausukenoojamatheworld,mausuke no ojama the world,1,1,main,main,Mausuke no Ojama the World,Mausuke no Ojama the World,SAME,0,,,
Max RPM (ver 2),Max RPM,maxrpm,max rpm,1,1,main,main,Max RPM,Max RPM,SAME,0,,,
Maximum Force v1.05,Maximum Force v1.05,maximumforcev105,maximum force v1 05,0,0,,,,,SAME,0,,,
Maya (set 1),Maya,maya,maya,1,1,main,main,Maya,Maya,SAME,0,,,
Mayhem 2002,Mayhem 2002,mayhem2002,mayhem 2002,1,1,main,main,Mayhem 2002,Mayhem 2002,SAME,0,,,
Mayjinsen 3,Mayjinsen 3,mayjinsen3,mayjinsen 3,1,1,main,main,Mayjinsen 3,Mayjinsen 3,SAME,0,,,
Maze of Flott (Japan),Maze of Flott,mazeofflott,maze of flott,1,1,main,main,Maze of Flott,Maze of Flott,SAME,0,,,
Mazin Wars / Mazin Saga (Mega Play),Mazin Wars / Mazin Saga,mazinwarsmazinsaga,mazin wars mazin saga,0,0,,,,,SAME,0,,,
Meadows Lanes,Meadows Lanes,meadowslanes,meadows lanes,1,1,main,main,Meadows Lanes,Meadows Lanes,SAME,0,,,
Mechanized Attack (World),Mechanized Attack,mechanizedattack,mechanized attack,1,1,main,main,Mechanized Attack,Mechanized Attack,SAME,0,,,
Mega Blast (World),Mega Blast,megablast,mega blast,1,1,main,main,Mega Blast,Mega Blast,SAME,0,,,
Mega Force (World),Mega Force,megaforce,mega force,1,1,main,main,Mega Force,Mega Force,SAME,0,,,
Mega Phoenix,Mega Phoenix,megaphoenix,mega phoenix,1,1,main,main,Mega Phoenix,Mega Phoenix,SAME,0,,,
Mega Zone (version L),Mega Zone,megazone,mega zone,1,1,main,main,Mega Zone,Mega Zone,SAME,0,,,
Megadon,Megadon,megadon,megadon,1,1,main,main,Megadon,Megadon,SAME,0,,,
Megatack (set 1),Megatack,megatack,megatack,1,1,main,main,Megatack,Megatack,SAME,0,,,
Megumi Rescue,Megumi Rescue,megumirescue,megumi rescue,1,1,main,main,Megumi Rescue,Megumi Rescue,SAME,0,,,
Meikyu Jima (Japan),Meikyu Jima,meikyujima,meikyu jima,0,0,,,,,SAME,0,,,
Mello Yello Qbert,Mello Yello Qbert,melloyelloqbert,mello yello qbert,1,0,main,,Mello Yello Q*bert,,WORSE,0,,,
Mercs (World 900302),Mercs,mercs,mercs,1,1,main,main,Mercs,Mercs,SAME,0,,,
Merlins Money Maze,Merlins Money Maze,merlinsmoneymaze,merlins money maze,1,0,main,,Merlin's Money Maze,,WORSE,0,,,
Mermaid,Mermaid,mermaid,mermaid,1,1,main,main,Mermaid,Mermaid,SAME,0,,,
Meta Fox,Meta Fox,metafox,meta fox,1,1,main,main,Meta Fox,Meta Fox,SAME,0,,,
Metal Black (World),Metal Black,metalblack,metal black,1,1,main,main,Metal Black,Metal Black,SAME,0,,,
Metal Clash (Japan),Metal Clash,metalclash,metal clash,1,1,main,main,Metal Clash,Metal Clash,SAME,0,,,
Metal Freezer (Japan),Metal Freezer,metalfreezer,metal freezer,1,1,main,main,Metal Freezer,Metal Freezer,SAME,0,,,
Metal Hawk (Rev C),Metal Hawk,metalhawk,metal hawk,1,1,main,main,Metal Hawk,Metal Hawk,SAME,0,,,
Metal Saver,Metal Saver,metalsaver,metal saver,1,1,main,main,Metal Saver,Metal Saver,SAME,0,,,
Metal Soldier Isaac II,Metal Soldier Isaac II,metalsoldierisaac2,metal soldier isaac ii,0,0,,,,,SAME,0,,,
Metamorphic Force (ver EAA - alternate),Metamorphic Force,metamorphicforce,metamorphic force,1,1,main,main,Metamorphic Force,Metamorphic Force,SAME,0,,,
Metamorphic Force (ver EAA),Metamorphic Force,metamorphicforce,metamorphic force,1,1,main,main,Metamorphic Force,Metamorphic Force,SAME,0,,,
Metro-Cross (set 1),Metro-Cross,metrocross,metro cross,1,1,main,main,Metro-Cross,Metro-Cross,SAME,0,,,
Michael Jackson's Moonwalker (World) (FD1094/8751 317-0159),Michael Jackson's Moonwalker,michaeljacksonsmoonwalker,michael jackson s moonwalker,1,1,main,main,Michael Jackson's Moonwalker,Michael Jackson's Moonwalker,SAME,0,,,
Micon-Kit Part II,Micon-Kit Part II,miconkitpart2,micon kit part ii,1,1,main,main,Micon-Kit Part II,Micon-Kit Part II,SAME,0,,,
Microman Battle Charge (J 990326 V1.000),Microman Battle Charge,micromanbattlecharge,microman battle charge,1,1,main,main,Microman Battle Charge,Microman Battle Charge,SAME,0,,,
Midnight Landing (Germany),Midnight Landing,midnightlanding,midnight landing,1,1,main,main,Midnight Landing,Midnight Landing,SAME,0,,,
Midnight Resistance (Joystick bootleg),Midnight Resistance,midnightresistance,midnight resistance,1,1,main,main,Midnight Resistance,Midnight Resistance,SAME,0,,,
"Midnight Resistance (World, set 1)",Midnight Resistance,midnightresistance,midnight resistance,1,1,main,main,Midnight Resistance,Midnight Resistance,SAME,0,,,
"Midnight Run Road Fighter 2 (EAA, Euro v1.11)",Midnight Run Road Fighter 2,midnightrunroadfighter2,midnight run road fighter 2,1,1,main,main,Midnight Run: Road Fighter 2,Midnight Run: Road Fighter 2,SAME,0,,,
Mighty Guy,Mighty Guy,mightyguy,mighty guy,1,1,main,main,Mighty Guy,Mighty Guy,SAME,0,,,
Mighty Monkey,Mighty Monkey,mightymonkey,mighty monkey,1,1,main,main,Mighty Monkey,Mighty Monkey,SAME,0,,,
Mighty Warriors (241),Mighty Warriors,mightywarriors,mighty warriors,1,1,main,main,Mighty Warriors,Mighty Warriors,SAME,0,,,
Mikie,Mikie,mikie,mikie,1,1,main,main,Mikie,Mikie,SAME,0,,,
Millipede,Millipede,millipede,millipede,1,1,main,main,Millipede,Millipede,SAME,0,,,
Minefield,Minefield,minefield,minefield,1,1,main,main,Minefield,Minefield,SAME,0,,,
Minesweeper,Minesweeper,minesweeper,minesweeper,1,0,main,,Mine Sweeper,,WORSE,0,,,
Minesweeper (4-Player),Minesweeper,minesweeper,minesweeper,1,0,main,,Mine Sweeper,,WORSE,0,,,
Mini Golf (set 1),Mini Golf,minigolf,mini golf,1,1,main,main,Mini Golf,Mini Golf,SAME,0,,,
Mini Vaders,Mini Vaders,minivaders,mini vaders,1,1,main,main,Mini Vaders,Mini Vaders,SAME,0,,,
Minky Monkey,Minky Monkey,minkymonkey,minky monkey,1,1,main,main,Minky Monkey,Minky Monkey,SAME,0,,,
"Mirai Ninja (Japan, set 1)",Mirai Ninja,miraininja,mirai ninja,1,1,main,main,Mirai Ninja,Mirai Ninja,SAME,0,,,
Mirax (set 1),Mirax,mirax,mirax,1,1,main,main,Mirax,Mirax,SAME,0,,,
Miss Bubble II,Miss Bubble II,missbubble2,miss bubble ii,1,1,main,main,Miss Bubble II,Miss Bubble II,SAME,0,,,
Miss Puzzle,Miss Puzzle,misspuzzle,miss puzzle,1,1,main,main,Miss Puzzle,Miss Puzzle,SAME,0,,,
"Miss Puzzle (Nudes, more explicit)",Miss Puzzle,misspuzzle,miss puzzle,1,1,main,main,Miss Puzzle,Miss Puzzle,SAME,0,,,
Miss World 2002,Miss World 2002,missworld2002,miss world 2002,1,1,main,main,Miss World 2002,Miss World 2002,SAME,0,,,
"Miss World '96 (Nude) (C-3000A PCB, set 1)",Miss World '96,missworld96,miss world 96,1,1,main,main,Miss World '96,Miss World '96,SAME,0,,,
"Missile Command (rev 3, A035467-02/04 PCBs)",Missile Command,missilecommand,missile command,1,1,main,main,Missile Command,Missile Command,SAME,0,,,
Mission 660 (US),Mission 660,mission660,mission 660,1,1,main,main,Mission 660,Mission 660,SAME,0,,,
Mission Craft (version 2.7),Mission Craft,missioncraft,mission craft,1,1,main,main,Mission Craft,Mission Craft,SAME,0,,,
Mission-X (DECO Cassette) (US),Mission-X,missionx,mission x,1,1,main,main,Mission-X,Mission-X,SAME,0,,,
Mister Viking (315-5041),Mister Viking,misterviking,mister viking,1,1,main,main,Mister Viking,Mister Viking,SAME,0,,,
Mobile Suit Gundam,Mobile Suit Gundam,mobilesuitgundam,mobile suit gundam,1,1,main,main,Mobile Suit Gundam,Mobile Suit Gundam,SAME,0,,,
Mobile Suit Gundam EX Revue,Mobile Suit Gundam EX Revue,mobilesuitgundamexrevue,mobile suit gundam ex revue,1,1,main,main,Mobile Suit Gundam EX Revue,Mobile Suit Gundam EX Revue,SAME,0,,,
Mobile Suit Gundam Final Shooting (Japan),Mobile Suit Gundam Final Shooting,mobilesuitgundamfinalshooting,mobile suit gundam final shooting,1,1,main,main,Mobile Suit Gundam: Final Shooting,Mobile Suit Gundam: Final Shooting,SAME,0,,,
Mogu Chan (bootleg),Mogu Chan,moguchan,mogu chan,1,1,main,main,Mogu Chan,Mogu Chan,SAME,0,,,
Mogura Desse (Japan),Mogura Desse,moguradesse,mogura desse,1,1,main,main,Mogura Desse,Mogura Desse,SAME,0,,,
Momoko 120% (English text),Momoko 120%,momoko120,momoko 120,1,1,main,main,Momoko 120%,Momoko 120%,SAME,0,,,
Momoko 120% (Japanese text),Momoko 120%,momoko120,momoko 120,1,1,main,main,Momoko 120%,Momoko 120%,SAME,0,,,
Money Money (set 1),Money Money,moneymoney,money money,1,1,main,main,Money Money,Money Money,SAME,0,,,
Monkey Magic,Monkey Magic,monkeymagic,monkey magic,1,1,main,main,Monkey Magic,Monkey Magic,SAME,0,,,
Monopoly (JPM) (Version 4H) (SYSTEM5 VIDEO),Monopoly,monopoly,monopoly,1,1,main,main,Monopoly,Monopoly,SAME,0,,,
Monopoly Deluxe (JPM) (Version 6) (SYSTEM5 VIDEO),Monopoly Deluxe,monopolydeluxe,monopoly deluxe,1,1,main,main,Monopoly Deluxe,Monopoly Deluxe,SAME,0,,,
Monster Bash,Monster Bash,monsterbash,monster bash,1,1,main,main,Monster Bash,Monster Bash,SAME,0,,,
Monster Farm Jump (Japan),Monster Farm Jump,monsterfarmjump,monster farm jump,1,1,main,main,Monster Farm Jump,Monster Farm Jump,SAME,0,,,
Monster Maulers (ver EAA),Monster Maulers,monstermaulers,monster maulers,1,1,main,main,Monster Maulers,Monster Maulers,SAME,0,,,
Monster Slider (Japan),Monster Slider,monsterslider,monster slider,1,1,main,main,Monster Slider,Monster Slider,SAME,0,,,
Monster Zero (set 1),Monster Zero,monsterzero,monster zero,1,1,main,main,Monster Zero,Monster Zero,SAME,0,,,
Monsters World (bootleg of Super Pang),Monsters World,monstersworld,monsters world,1,1,main,main,Monsters World,Monsters World,SAME,0,,,
Monsters World 2 (bootleg of Super Pang),Monsters World 2,monstersworld2,monsters world 2,0,0,,,,,SAME,0,,,
Monte Carlo,Monte Carlo,montecarlo,monte carlo,1,1,main,main,Monte Carlo,Monte Carlo,SAME,0,,,
Monza GP (set 1),Monza GP,monzagp,monza gp,1,1,main,main,Monza GP,Monza GP,SAME,0,,,
Moon Alien,Moon Alien,moonalien,moon alien,1,1,main,main,Moon Alien,Moon Alien,SAME,0,,,
Moon Alien Part 2,Moon Alien Part 2,moonalienpart2,moon alien part 2,0,0,,,,,SAME,0,,,
Moon Cresta (Nichibutsu),Moon Cresta,mooncresta,moon cresta,1,1,main,main,Moon Cresta,Moon Cresta,SAME,0,,,
Moon Patrol,Moon Patrol,moonpatrol,moon patrol,1,1,main,main,Moon Patrol,Moon Patrol,SAME,0,,,
Moon Quasar,Moon Quasar,moonquasar,moon quasar,1,1,main,main,Moon Quasar,Moon Quasar,SAME,0,,,
Moon Shuttle (US set 1),Moon Shuttle,moonshuttle,moon shuttle,1,1,main,main,Moon Shuttle,Moon Shuttle,SAME,0,,,
Moonwar,Moonwar,moonwar,moonwar,1,1,main,main,Moonwar,Moonwar,SAME,0,,,
More More,More More,moremore,more more,1,1,main,main,More More,More More,SAME,0,,,
More More Plus,More More Plus,moremoreplus,more more plus,1,1,main,main,More More Plus,More More Plus,SAME,0,,,
Mortal Kombat (rev 5.0 T-Unit 03/19/93),Mortal Kombat,mortalkombat,mortal kombat,1,1,main,main,Mortal Kombat,Mortal Kombat,SAME,0,,,
Mortal Kombat 3 (rev 2.1),Mortal Kombat 3,mortalkombat3,mortal kombat 3,1,1,main,main,Mortal Kombat 3,Mortal Kombat 3,SAME,0,,,
Mortal Kombat 4 (version 3.0),Mortal Kombat 4,mortalkombat4,mortal kombat 4,1,1,main,main,Mortal Kombat 4,Mortal Kombat 4,SAME,0,,,
Mortal Kombat II (rev L3.1),Mortal Kombat II,mortalkombat2,mortal kombat ii,1,1,main,main,Mortal Kombat II,Mortal Kombat II,SAME,0,,,
Mosaic,Mosaic,mosaic,mosaic,1,1,main,main,Mosaic,Mosaic,SAME,0,,,
Mosaic (F2 System),Mosaic,mosaic,mosaic,1,1,main,main,Mosaic,Mosaic,SAME,0,,,
Moto Frenzy,Moto Frenzy,motofrenzy,moto frenzy,1,1,main,main,Moto Frenzy,Moto Frenzy,SAME,0,,,
Motos,Motos,motos,motos,1,1,main,main,Motos,Motos,SAME,0,,,
Mouja (Japan),Mouja,mouja,mouja,1,1,main,main,Mouja,Mouja,SAME,0,,,
Mouse Shooter GoGo,Mouse Shooter GoGo,mouseshootergogo,mouse shooter gogo,1,1,main,main,Mouse Shooter GoGo,Mouse Shooter GoGo,SAME,0,,,
Mouse Trap (version 5),Mouse Trap,mousetrap,mouse trap,1,1,main,main,Mouse Trap,Mouse Trap,SAME,0,,,
Mouser,Mouser,mouser,mouser,1,1,main,main,Mouser,Mouser,SAME,0,,,
Mr. Dig,Mr. Dig,mrdig,mr dig,1,1,main,main,Mr. Dig,Mr. Dig,SAME,0,,,
Mr. Do!,Mr. Do!,mrdo,mr do,1,1,main,main,Mr. Do!,Mr. Do!,SAME,0,,,
Mr. Do! vs. Unicorns (Japan),Mr. Do! vs. Unicorns,mrdovsunicorns,mr do vs unicorns,0,0,,,,,SAME,0,,,
Mr. Do's Castle (set 1),Mr. Do's Castle,mrdoscastle,mr do s castle,1,1,main,main,Mr. Do!'s Castle,Mr. Do!'s Castle,SAME,0,,,
Mr. Do's Wild Ride,Mr. Do's Wild Ride,mrdoswildride,mr do s wild ride,1,1,main,main,Mr. Do!'s Wild Ride,Mr. Do!'s Wild Ride,SAME,0,,,
Mr. Goemon (Japan),Mr. Goemon,mrgoemon,mr goemon,1,1,main,main,Mr. Goemon,Mr. Goemon,SAME,0,,,
Mr. Jong (Japan),Mr. Jong,mrjong,mr jong,1,1,main,main,Mr. Jong,Mr. Jong,SAME,0,,,
Mr. Kicker (F-E1-16-010 PCB),Mr. Kicker,mrkicker,mr kicker,1,1,main,main,Mr. Kicker,Mr. Kicker,SAME,0,,,
Mr. Kougar,Mr. Kougar,mrkougar,mr kougar,1,1,main,main,Mr. Kougar,Mr. Kougar,SAME,0,,,
Mr. TNT,Mr. TNT,mrtnt,mr tnt,1,1,main,main,Mr. TNT,Mr. TNT,SAME,0,,,
Mrs. Dynamite,Mrs. Dynamite,mrsdynamite,mrs dynamite,1,1,main,main,Mrs. Dynamite,Mrs. Dynamite,SAME,0,,,
Ms. Pac-Man,Ms. Pac-Man,mspacman,ms pac man,1,1,main,main,Ms. Pac-Man,Ms. Pac-Man,SAME,0,,,
Ms. Pac-Man/Galaga - 20th Anniversary Class of 1981 Reunion (V1.08),Ms. Pac-Man/Galaga - 20th Anniversary Class of 1981 Reunion,mspacmangalaga20thanniversaryclassof1981reunion,ms pac man galaga 20th anniversary class of 1981 reunion,1,1,main,main,Ms. Pac-Man/Galaga: 20th Anniversary Class of 1981 Reunion,Ms. Pac-Man/Galaga: 20th Anniversary Class of 1981 Reunion,SAME,0,,,
Mug Smashers,Mug Smashers,mugsmashers,mug smashers,1,1,main,main,Mug Smashers,Mug Smashers,SAME,0,,,
Multi 5  New Multi Game 5 (set 1),Multi 5  New Multi Game 5,multi5newmultigame5,multi 5 new multi game 5,1,1,main,main,Multi 5 / New Multi Game 5,Multi 5 / New Multi Game 5,SAME,0,,,
"Multi Champ (World, ver. 9.6)",Multi Champ,multichamp,multi champ,1,1,main,main,Multi Champ,Multi Champ,SAME,0,,,
"Multi Champ Deluxe (ver. 0106, 06012000)",Multi Champ Deluxe,multichampdeluxe,multi champ deluxe,1,1,main,main,Multi Champ Deluxe,Multi Champ Deluxe,SAME,0,,,
Munch Mobile (US),Munch Mobile,munchmobile,munch mobile,1,1,main,main,Munch Mobile,Munch Mobile,SAME,0,,,
Muscle Ranking Kinniku Banzuke Spray Hitter,Muscle Ranking Kinniku Banzuke Spray Hitter,musclerankingkinnikubanzukesprayhitter,muscle ranking kinniku banzuke spray hitter,1,1,main,main,Muscle Ranking Kinniku Banzuke Spray Hitter,Muscle Ranking Kinniku Banzuke Spray Hitter,SAME,0,,,
Music Ball,Music Ball,musicball,music ball,1,1,main,main,Music Ball,Music Ball,SAME,0,,,
Mustache Boy (Japan),Mustache Boy,mustacheboy,mustache boy,1,1,main,main,Mustache Boy,Mustache Boy,SAME,0,,,
Mutant Fighter (World ver EM-5),Mutant Fighter,mutantfighter,mutant fighter,1,1,main,main,Mutant Fighter,Mutant Fighter,SAME,0,,,
Mutant Night,Mutant Night,mutantnight,mutant night,1,1,main,main,Mutant Night,Mutant Night,SAME,0,,,
"MVP (set 2, US) (FD1094 317-0143)",MVP,mvp,mvp,1,0,main,,M.V.P.,,WORSE,0,,,
MX5000,MX5000,mx5000,mx5000,0,0,,,,,SAME,0,,,
"My Hero (US, not encrypted)",My Hero,myhero,my hero,1,1,main,main,My Hero,My Hero,SAME,0,,,
Mysterious Stones - Dr. John's Adventure,Mysterious Stones - Dr. John's Adventure,mysteriousstonesdrjohnsadventure,mysterious stones dr john s adventure,1,1,main,main,Mysterious Stones: Dr. John's Adventure,Mysterious Stones: Dr. John's Adventure,SAME,0,,,
Mystic Marathon,Mystic Marathon,mysticmarathon,mystic marathon,1,1,main,main,Mystic Marathon,Mystic Marathon,SAME,0,,,
Mystic Riders (World),Mystic Riders,mysticriders,mystic riders,1,1,main,main,Mystic Riders,Mystic Riders,SAME,0,,,
Mystic Warriors (ver EAA),Mystic Warriors,mysticwarriors,mystic warriors,0,0,,,,,SAME,0,,,
N.Y. Captor (rev 2),N.Y. Captor,nycaptor,n y captor,1,1,main,main,N.Y. Captor,N.Y. Captor,SAME,0,,,
Nagano Winter Olympics '98 (GX720 EAA),Nagano Winter Olympics '98,naganowinterolympics98,nagano winter olympics 98,1,1,main,main,Nagano Winter Olympics '98,Nagano Winter Olympics '98,SAME,0,,,
Namco Classic Collection Vol.1,Namco Classic Collection Vol.1,namcoclassiccollectionvol1,namco classic collection vol 1,1,1,main,main,Namco Classic Collection Vol.1,Namco Classic Collection Vol.1,SAME,0,,,
Namco Classic Collection Vol.2,Namco Classic Collection Vol.2,namcoclassiccollectionvol2,namco classic collection vol 2,1,1,main,main,Namco Classic Collection Vol.2,Namco Classic Collection Vol.2,SAME,0,,,
"Name That Tune (Bally, 33186)",Name That Tune,namethattune,name that tune,1,1,main,main,Name That Tune,Name That Tune,SAME,0,,,
Namennayo (Japan),Namennayo,namennayo,namennayo,1,1,main,main,Namennayo,Namennayo,SAME,0,,,
Naname de Magic! (Japan),Naname de Magic!,nanamedemagic,naname de magic,1,1,main,main,Naname de Magic!,Naname de Magic!,SAME,0,,,
Narc (rev 7.00),Narc,narc,narc,1,1,main,main,NARC,NARC,SAME,0,,,
Nastar (World),Nastar,nastar,nastar,0,0,,,,,SAME,0,,,
NATO Defense,NATO Defense,natodefense,nato defense,1,1,main,main,NATO Defense,NATO Defense,SAME,0,,,
Naughty Boy,Naughty Boy,naughtyboy,naughty boy,1,1,main,main,Naughty Boy,Naughty Boy,SAME,0,,,
Naughty Mouse (set 1),Naughty Mouse,naughtymouse,naughty mouse,1,1,main,main,Naughty Mouse,Naughty Mouse,SAME,0,,,
Navarone,Navarone,navarone,navarone,1,1,main,main,Navarone,Navarone,SAME,0,,,
NBA All The Way (ver EAB),NBA All The Way,nbaalltheway,nba all the way,0,0,,,,,SAME,0,,,
NBA Hangtime (ver L1.3 10/10/96),NBA Hangtime,nbahangtime,nba hangtime,1,1,main,main,NBA Hangtime,NBA Hangtime,SAME,0,,,
NBA Jam (rev 3.01 4/07/93),NBA Jam,nbajam,nba jam,1,1,main,main,NBA Jam,NBA Jam,SAME,0,,,
NBA Jam Extreme (ver. 1.10I),NBA Jam Extreme,nbajamextreme,nba jam extreme,1,1,main,main,NBA Jam Extreme,NBA Jam Extreme,SAME,0,,,
NBA Jam Tournament Edition (rev 4.0 3/23/94),NBA Jam Tournament Edition,nbajamtournamentedition,nba jam tournament edition,1,1,main,main,NBA Jam Tournament Edition,NBA Jam Tournament Edition,SAME,0,,,
NBA Maximum Hangtime (ver L1.03 060997),NBA Maximum Hangtime,nbamaximumhangtime,nba maximum hangtime,1,1,main,main,NBA Maximum Hangtime,NBA Maximum Hangtime,SAME,0,,,
NBA Play By Play (ver UAB),NBA Play By Play,nbaplaybyplay,nba play by play,1,1,main,main,NBA Play By Play,NBA Play By Play,SAME,0,,,
"NBA Showtime NBA on NBC (ver 2.0, Apr 25 1999)",NBA Showtime NBA on NBC,nbashowtimenbaonnbc,nba showtime nba on nbc,1,1,main,main,NBA Showtime: NBA on NBC,NBA Showtime: NBA on NBC,SAME,0,,,
Nebula (DECO Cassette) (UK),Nebula,nebula,nebula,1,1,main,main,Nebula,Nebula,SAME,0,,,
"Nebulas Ray (World, NR2)",Nebulas Ray,nebulasray,nebulas ray,1,0,main,,NebulasRay,,WORSE,0,,,
Nemesis (ROM version),Nemesis,nemesis,nemesis,1,1,main,main,Nemesis,Nemesis,SAME,0,,,
Neratte Chu (ver. 1.10),Neratte Chu,nerattechu,neratte chu,1,1,main,main,Neratte Chu,Neratte Chu,SAME,0,,,
Net Wars,Net Wars,netwars,net wars,1,1,main,main,Net Wars,Net Wars,SAME,0,,,
New Atomic Punk - Global Quest (US),New Atomic Punk - Global Quest,newatomicpunkglobalquest,new atomic punk global quest,0,0,,,,,SAME,0,,,
New Cross Pang (set 1),New Cross Pang,newcrosspang,new cross pang,1,1,main,main,New Cross Pang,New Cross Pang,SAME,0,,,
New Fantasia (1995 copyright),New Fantasia,newfantasia,new fantasia,1,1,main,main,New Fantasia,New Fantasia,SAME,0,,,
New Hidden Catch (World)  New Tul Lin Gu Lim Chat Ki '98 (Korea) (pcb ver 3.02),New Hidden Catch  New Tul Lin Gu Lim Chat Ki '98,newhiddencatchnewtullingulimchatki98,new hidden catch new tul lin gu lim chat ki 98,0,0,,,,,SAME,0,,,
New HyperMan (3-in-1 with Cookie &amp;amp;amp;amp; Bibi &amp;amp;amp;amp; HyperMan) (set 1),New HyperMan,newhyperman,new hyperman,1,1,main,main,New HyperMan,New HyperMan,SAME,0,,,
NEW Moero!! Pro Yakyuu Homerun Kyousou,NEW Moero!! Pro Yakyuu Homerun Kyousou,newmoeroproyakyuuhomerunkyousou,new moero pro yakyuu homerun kyousou,0,0,,,,,SAME,0,,,
New Rally X,New Rally X,newrallyx,new rally x,1,1,main,main,New Rally-X,New Rally-X,SAME,0,,,
New Sinbad 7 (set 1),New Sinbad 7,newsinbad7,new sinbad 7,1,1,main,main,New Sinbad 7,New Sinbad 7,SAME,0,,,
New Tropical Angel,New Tropical Angel,newtropicalangel,new tropical angel,0,0,,,,,SAME,0,,,
New York! New York!,New York! New York!,newyorknewyork,new york new york,1,1,main,main,New York! New York!,New York! New York!,SAME,0,,,
News (set 1),News,news,news,1,1,main,main,News,News,SAME,0,,,
"NFL Blitz (ver 1.21, Dec 5 1997)",NFL Blitz,nflblitz,nfl blitz,1,1,main,main,NFL Blitz,NFL Blitz,SAME,0,,,
"NFL Blitz 2000 Gold Edition (ver 1.2, Sep 22 1999)",NFL Blitz 2000 Gold Edition,nflblitz2000goldedition,nfl blitz 2000 gold edition,1,1,main,main,NFL Blitz 2000 Gold Edition,NFL Blitz 2000 Gold Edition,SAME,0,,,
"NFL Blitz '99 (ver 1.30, Sep 22 1998)",NFL Blitz '99,nflblitz99,nfl blitz 99,1,1,main,main,NFL Blitz '99,NFL Blitz '99,SAME,0,,,
"Nibbler (rev 9, set 1)",Nibbler,nibbler,nibbler,1,1,main,main,Nibbler,Nibbler,SAME,0,,,
Night Driver,Night Driver,nightdriver,night driver,1,1,main,main,Night Driver,Night Driver,SAME,0,,,
Night Mare (Spain),Night Mare,nightmare,night mare,1,1,main,main,Night Mare,Night Mare,SAME,0,,,
Night Raid (V2.03J 20010226 1700),Night Raid,nightraid,night raid,1,1,main,main,Night Raid,Night Raid,SAME,0,,,
"Night Slashers (Korea Rev 1.3, DE-0397-0 PCB)",Night Slashers,nightslashers,night slashers,1,1,main,main,Night Slashers,Night Slashers,SAME,0,,,
Night Star (DECO Cassette) (US) (set 1),Night Star,nightstar,night star,1,1,main,main,Night Star,Night Star,SAME,0,,,
Night Stocker (10686),Night Stocker,nightstocker,night stocker,1,1,main,main,Night Stocker,Night Stocker,SAME,0,,,
Night Striker (World),Night Striker,nightstriker,night striker,1,1,main,main,Night Striker,Night Striker,SAME,0,,,
Ninja (315-5102),Ninja,ninja,ninja,0,0,,,,,SAME,0,,,
Ninja Baseball Bat Man (World),Ninja Baseball Bat Man,ninjabaseballbatman,ninja baseball bat man,1,1,main,main,Ninja Baseball Bat Man,Ninja Baseball Bat Man,SAME,0,,,
Ninja Clowns (27 oct 91),Ninja Clowns,ninjaclowns,ninja clowns,1,1,main,main,Ninja Clowns,Ninja Clowns,SAME,0,,,
Ninja Emaki (US),Ninja Emaki,ninjaemaki,ninja emaki,1,1,main,main,Ninja Emaki,Ninja Emaki,SAME,0,,,
Ninja Gaiden (US),Ninja Gaiden,ninjagaiden,ninja gaiden,1,1,main,main,Ninja Gaiden,Ninja Gaiden,SAME,0,,,
Ninja Kazan (World),Ninja Kazan,ninjakazan,ninja kazan,1,1,main,main,Ninja Kazan,Ninja Kazan,SAME,0,,,
"Ninja Mission (Arcadia, set 1, V 2.5)",Ninja Mission,ninjamission,ninja mission,1,1,main,main,Ninja Mission,Ninja Mission,SAME,0,,,
"Ninja Princess (315-5098, 128k Ver.)",Ninja Princess,ninjaprincess,ninja princess,0,0,,,,,SAME,0,,,
Ninja Spirit (World),Ninja Spirit,ninjaspirit,ninja spirit,1,1,main,main,Ninja Spirit,Ninja Spirit,SAME,0,,,
Ninja-Kid II / NinjaKun Ashura no Shou (set 1),Ninja-Kid II / NinjaKun Ashura no Shou,ninjakid2ninjakunashuranoshou,ninja kid ii ninjakun ashura no shou,0,0,,,,,SAME,0,,,
"Nitro Ball (World, set 1)",Nitro Ball,nitroball,nitro ball,1,1,main,main,Nitro Ball,Nitro Ball,SAME,0,,,
Niyanpai (Japan),Niyanpai,niyanpai,niyanpai,1,1,main,main,Niyanpai,Niyanpai,SAME,0,,,
No Man's Land,No Man's Land,nomansland,no man s land,1,1,main,main,No Man's Land,No Man's Land,SAME,0,,,
Noah's Ark,Noah's Ark,noahsark,noah s ark,1,1,main,main,Noah's Ark,Noah's Ark,SAME,0,,,
Noboranka (Japan),Noboranka,noboranka,noboranka,0,0,,,,,SAME,0,,,
Nostradamus,Nostradamus,nostradamus,nostradamus,1,1,main,main,Nostradamus,Nostradamus,SAME,0,,,
Nostromo,Nostromo,nostromo,nostromo,1,1,main,main,Nostromo,Nostromo,SAME,0,,,
Nouryoku Koujou Iinkai,Nouryoku Koujou Iinkai,nouryokukoujouiinkai,nouryoku koujou iinkai,1,1,main,main,Nouryoku Koujou Iinkai,Nouryoku Koujou Iinkai,SAME,0,,,
Nova 2001 (Japan),Nova 2001,nova2001,nova 2001,1,1,main,main,Nova 2001,Nova 2001,SAME,0,,,
N-Sub (upright),N-Sub,nsub,n sub,1,1,main,main,N-Sub,N-Sub,SAME,0,,,
Numan Athletics (Japan),Numan Athletics,numanathletics,numan athletics,1,1,main,main,Numan Athletics,Numan Athletics,SAME,0,,,
Numan Athletics (World),Numan Athletics,numanathletics,numan athletics,1,1,main,main,Numan Athletics,Numan Athletics,SAME,0,,,
Number Crash,Number Crash,numbercrash,number crash,1,1,main,main,Number Crash,Number Crash,SAME,0,,,
Nunchackun,Nunchackun,nunchackun,nunchackun,1,1,main,main,Nunchackun,Nunchackun,SAME,0,,,
Off Road Challenge (v1.63),Off Road Challenge,offroadchallenge,off road challenge,1,1,main,main,Off Road Challenge,Off Road Challenge,SAME,0,,,
Off the Wall (2/3-player upright),Off the Wall,offthewall,off the wall,0,0,,,,,SAME,0,,,
Off the Wall (Sente) (10/16/84),Off the Wall,offthewall,off the wall,0,0,,,,,SAME,0,,,
Office Yeo In Cheon Ha (version 1.2),Office Yeo In Cheon Ha,officeyeoincheonha,office yeo in cheon ha,1,1,main,main,Office Yeo In Cheon Ha,Office Yeo In Cheon Ha,SAME,0,,,
Oh My God! (Japan),Oh My God!,ohmygod,oh my god,1,1,main,main,Oh My God!,Oh My God!,SAME,0,,,
Oishii Puzzle Ha Irimasenka,Oishii Puzzle Ha Irimasenka,oishiipuzzlehairimasenka,oishii puzzle ha irimasenka,1,1,main,main,Oishii Puzzle Ha Irimasenka,Oishii Puzzle Ha Irimasenka,SAME,0,,,
Oli-Boo-Chu (USA),Oli-Boo-Chu,oliboochu,oli boo chu,1,1,main,main,Oli-Boo-Chu,Oli-Boo-Chu,SAME,0,,,
Omega,Omega,omega,omega,1,1,main,main,Omega,Omega,SAME,0,,,
Omega Fighter,Omega Fighter,omegafighter,omega fighter,1,1,main,main,Omega Fighter,Omega Fighter,SAME,0,,,
Omega Fighter Special,Omega Fighter Special,omegafighterspecial,omega fighter special,1,1,main,main,Omega Fighter Special,Omega Fighter Special,SAME,0,,,
Omega Race (set 1),Omega Race,omegarace,omega race,1,1,main,main,Omega Race,Omega Race,SAME,0,,,
One + Two,One + Two,onetwo,one two,1,1,main,main,One + Two,One + Two,SAME,0,,,
One Shot One Kill,One Shot One Kill,oneshotonekill,one shot one kill,1,1,main,main,One Shot One Kill,One Shot One Kill,SAME,0,,,
Onna Sanshirou - Typhoon Gal (rev 1),Onna Sanshirou - Typhoon Gal,onnasanshiroutyphoongal,onna sanshirou typhoon gal,1,1,main,main,Onna Sanshirou: Typhoon Gal,Onna Sanshirou: Typhoon Gal,SAME,0,,,
Oozumou - The Grand Sumo (DECO Cassette) (Japan),Oozumou - The Grand Sumo,oozumouthegrandsumo,oozumou the grand sumo,1,1,main,main,Oozumou: The Grand Sumo,Oozumou: The Grand Sumo,SAME,0,,,
"Opa Opa (MC-8123, 317-0042)",Opa Opa,opaopa,opa opa,1,1,main,main,Opa Opa,Opa Opa,SAME,0,,,
Operation Thunder Hurricane (ver EAA),Operation Thunder Hurricane,operationthunderhurricane,operation thunder hurricane,1,1,main,main,Operation Thunder Hurricane,Operation Thunder Hurricane,SAME,0,,,
"Operation Thunderbolt (World, rev 1)",Operation Thunderbolt,operationthunderbolt,operation thunderbolt,1,1,main,main,Operation Thunderbolt,Operation Thunderbolt,SAME,0,,,
Operation Tiger (Ver 2.14 O),Operation Tiger,operationtiger,operation tiger,1,1,main,main,Operation Tiger,Operation Tiger,SAME,0,,,
"Operation Wolf (World, rev 2, set 1)",Operation Wolf,operationwolf,operation wolf,1,1,main,main,Operation Wolf,Operation Wolf,SAME,0,,,
Operation Wolf 3 (World),Operation Wolf 3,operationwolf3,operation wolf 3,1,1,main,main,Operation Wolf 3,Operation Wolf 3,SAME,0,,,
Orbit,Orbit,orbit,orbit,1,1,main,main,Orbit,Orbit,SAME,0,,,
Orbitron,Orbitron,orbitron,orbitron,1,1,main,main,Orbitron,Orbitron,SAME,0,,,
Ordyne (World),Ordyne,ordyne,ordyne,1,1,main,main,Ordyne,Ordyne,SAME,0,,,
"Oriental Legend Special / Xiyou Shi E Zhuan Super (ver. 100, set 1)",Oriental Legend Special / Xiyou Shi E Zhuan Super,orientallegendspecialxiyoushiezhuansuper,oriental legend special xiyou shi e zhuan super,0,0,,,,,SAME,0,,,
Orius (ver UAA),Orius,orius,orius,0,0,,,,,SAME,0,,,
Osman (World),Osman,osman,osman,1,1,main,main,Osman,Osman,SAME,0,,,
"Otakara Itadaki Luffy Kaizoku-Dan! (Japan, v1.02)",Otakara Itadaki Luffy Kaizoku-Dan!,otakaraitadakiluffykaizokudan,otakara itadaki luffy kaizoku dan,1,1,main,main,Otakara Itadaki Luffy Kaizoku-Dan!,Otakara Itadaki Luffy Kaizoku-Dan!,SAME,0,,,
Otenki Kororin (V2.01J 20010702 1000),Otenki Kororin,otenkikororin,otenki kororin,1,1,main,main,Otenki Kororin,Otenki Kororin,SAME,0,,,
Othello Derby (Japan),Othello Derby,othelloderby,othello derby,1,1,main,main,Othello Derby,Othello Derby,SAME,0,,,
Out Run (deluxe sitdown) (Enhanced Edition v2.0.3),Out Run,outrun,out run,1,1,main,main,Out Run,Out Run,SAME,0,,,
"Out Run (sitdown/upright, Rev B)",Out Run,outrun,out run,1,1,main,main,Out Run,Out Run,SAME,0,,,
Out Zone,Out Zone,outzone,out zone,1,1,main,main,Out Zone,Out Zone,SAME,0,,,
OutRunners (US),OutRunners,outrunners,outrunners,1,1,main,main,OutRunners,OutRunners,SAME,0,,,
OutRunners (World),OutRunners,outrunners,outrunners,1,1,main,main,OutRunners,OutRunners,SAME,0,,,
Over Drive (set 1),Over Drive,overdrive,over drive,1,1,main,main,Over Drive,Over Drive,SAME,0,,,
Ozma Wars (set 1),Ozma Wars,ozmawars,ozma wars,1,1,main,main,Ozma Wars,Ozma Wars,SAME,0,,,
Ozon I,Ozon I,ozoni,ozon i,1,1,main,main,Ozon I,Ozon I,SAME,0,,,
P.O.W. - Prisoners of War (US version 1),P.O.W. - Prisoners of War,powprisonersofwar,p o w prisoners of war,1,1,main,main,P.O.W.: Prisoners of War,P.O.W.: Prisoners of War,SAME,0,,,
P-47 Aces (ver 1.1),P-47 Aces,p47aces,p 47 aces,1,1,main,main,P-47 Aces,P-47 Aces,SAME,0,,,
P-47: The Phantom Fighter (World),P-47: The Phantom Fighter,p47thephantomfighter,p 47 the phantom fighter,1,1,main,main,P-47: The Phantom Fighter,P-47: The Phantom Fighter,SAME,0,,,
Pac &amp;amp;amp;amp; Pal,Pac &amp;amp;amp;amp; Pal,pacampampampamppal,pac amp amp amp amp pal,0,0,,,,,SAME,0,,,
"Paca Paca Passion 2 (Japan, PKS1VER.A)",Paca Paca Passion 2,pacapacapassion2,paca paca passion 2,1,1,main,main,Paca Paca Passion 2,Paca Paca Passion 2,SAME,0,,,
Pac-Carnival,Pac-Carnival,paccarnival,pac carnival,1,1,main,main,Pac-Carnival,Pac-Carnival,SAME,0,,,
Pachinko Gindama Shoubu (Japan),Pachinko Gindama Shoubu,pachinkogindamashoubu,pachinko gindama shoubu,1,1,main,main,Pachinko Gindama Shoubu,Pachinko Gindama Shoubu,SAME,0,,,
Pachinko Gindama Shoubu DX (Japan),Pachinko Gindama Shoubu DX,pachinkogindamashoubudx,pachinko gindama shoubu dx,1,1,main,main,Pachinko Gindama Shoubu DX,Pachinko Gindama Shoubu DX,SAME,0,,,
Pachinko Sexy Reaction (Japan),Pachinko Sexy Reaction,pachinkosexyreaction,pachinko sexy reaction,1,1,main,main,Pachinko Sexy Reaction,Pachinko Sexy Reaction,SAME,0,,,
Pack'n Bang Bang,Pack'n Bang Bang,packnbangbang,pack n bang bang,1,1,main,main,Pack'n Bang Bang,Pack'n Bang Bang,SAME,0,,,
Pac-Land (World),Pac-Land,pacland,pac land,1,1,main,main,Pac-Land,Pac-Land,SAME,0,,,
Pac-Man - 25th Anniversary Edition (Rev 3.00),Pac-Man - 25th Anniversary Edition,pacman25thanniversaryedition,pac man 25th anniversary edition,1,1,main,main,Pac-Man: 25th Anniversary Edition,Pac-Man: 25th Anniversary Edition,SAME,0,,,
Pac-Man (Midway),Pac-Man,pacman,pac man,1,1,main,main,Pac-Man,Pac-Man,SAME,0,,,
Pac-Man Plus,Pac-Man Plus,pacmanplus,pac man plus,1,1,main,main,Pac Man Plus,Pac Man Plus,SAME,0,,,
Pac-Mania,Pac-Mania,pacmania,pac mania,1,1,main,main,Pac-Mania,Pac-Mania,SAME,0,,,
Paddle Mania,Paddle Mania,paddlemania,paddle mania,1,1,main,main,Paddle Mania,Paddle Mania,SAME,0,,,
"Pairs (V1.2, 093094)",Pairs,pairs,pairs,1,1,main,main,Pairs,Pairs,SAME,0,,,
Pairs Love,Pairs Love,pairslove,pairs love,1,1,main,main,Pairs Love,Pairs Love,SAME,0,,,
"Pairs Redemption (V1.0, 102594)",Pairs Redemption,pairsredemption,pairs redemption,1,1,main,main,Pairs Redemption,Pairs Redemption,SAME,0,,,
Palamedes (US),Palamedes,palamedes,palamedes,1,1,main,main,Palamedes,Palamedes,SAME,0,,,
Pandora's Palace,Pandora's Palace,pandoraspalace,pandora s palace,1,1,main,main,Pandora's Palace,Pandora's Palace,SAME,0,,,
Pang (World),Pang,pang,pang,0,0,,,,,SAME,0,,,
Pang Pang,Pang Pang,pangpang,pang pang,1,1,main,main,Pang Pang,Pang Pang,SAME,0,,,
Pang Pang Car,Pang Pang Car,pangpangcar,pang pang car,1,1,main,main,Pang Pang Car,Pang Pang Car,SAME,0,,,
Pang Pom's,Pang Pom's,pangpoms,pang pom s,1,1,main,main,Pang Pom's,Pang Pom's,SAME,0,,,
Panic Road (Japan),Panic Road,panicroad,panic road,1,1,main,main,Panic Road,Panic Road,SAME,0,,,
Panic Street (Japan),Panic Street,panicstreet,panic street,1,1,main,main,Panic Street,Panic Street,SAME,0,,,
Paperboy (rev 3),Paperboy,paperboy,paperboy,1,1,main,main,Paperboy,Paperboy,SAME,0,,,
Paradise (set 1),Paradise,paradise,paradise,1,1,main,main,Paradise,Paradise,SAME,0,,,
Paradise 2 Deluxe,Paradise 2 Deluxe,paradise2deluxe,paradise 2 deluxe,1,1,main,main,Paradise 2 Deluxe,Paradise 2 Deluxe,SAME,0,,,
Paradise Deluxe,Paradise Deluxe,paradisedeluxe,paradise deluxe,1,1,main,main,Paradise Deluxe,Paradise Deluxe,SAME,0,,,
Parallel Turn,Parallel Turn,parallelturn,parallel turn,1,1,main,main,Parallel Turn,Parallel Turn,SAME,0,,,
"Paranoia (Arcade PC Engine, bootleg)",Paranoia,paranoia,paranoia,1,1,main,main,Paranoia,Paranoia,SAME,0,,,
"Paris Dakar (310387, Spanish)",Paris Dakar,parisdakar,paris dakar,1,1,main,main,Paris Dakar,Paris Dakar,SAME,0,,,
"Parodius Da! Shinwa kara Owarai e (World, set 1)",Parodius Da! Shinwa kara Owarai e,parodiusdashinwakaraowaraie,parodius da shinwa kara owarai e,0,0,,,,,SAME,0,,,
Party Time Gonta the Diver II  Ganbare! Gonta!! 2 (World Release),Party Time Gonta the Diver II  Ganbare! Gonta!! 2,partytimegontathediver2ganbaregonta2,party time gonta the diver ii ganbare gonta 2,0,0,,,,,SAME,0,,,
Pasha Pasha 2,Pasha Pasha 2,pashapasha2,pasha pasha 2,1,1,main,main,Pasha Pasha 2,Pasha Pasha 2,SAME,0,,,
Pass,Pass,pass,pass,1,1,main,main,Pass,Pass,SAME,0,,,
"Passing Shot (World, 2 Players) (FD1094 317-0080)",Passing Shot,passingshot,passing shot,1,1,main,main,Passing Shot,Passing Shot,SAME,0,,,
"Passing Shot (World, 4 Players) (FD1094 317-0074)",Passing Shot,passingshot,passing shot,1,1,main,main,Passing Shot,Passing Shot,SAME,0,,,
Pata Pata Panic,Pata Pata Panic,patapatapanic,pata pata panic,1,1,main,main,Pata Pata Panic,Pata Pata Panic,SAME,0,,,
Pebble Beach - The Great Shot (JUE 950913 V0.990),Pebble Beach - The Great Shot,pebblebeachthegreatshot,pebble beach the great shot,1,1,main,main,Pebble Beach: The Great Shot,Pebble Beach: The Great Shot,SAME,0,,,
"Peek-a-Boo! (Japan, ver. 1.1)",Peek-a-Boo!,peekaboo,peek a boo,1,1,main,main,Peek-a-Boo!,Peek-a-Boo!,SAME,0,,,
"Peggle (Joystick, v1.0)",Peggle,peggle,peggle,1,1,main,main,Peggle,Peggle,SAME,0,,,
Penfan Girls - Step1. Mild Mind (set 1),Penfan Girls - Step1. Mild Mind,penfangirlsstep1mildmind,penfan girls step1 mild mind,1,1,main,main,Penfan Girls: Step1. Mild Mind,Penfan Girls: Step1. Mild Mind,SAME,0,,,
"Pengo (World, not encrypted, rev A)",Pengo,pengo,pengo,1,1,main,main,Pengo,Pengo,SAME,0,,,
Penguin Brothers (Japan),Penguin Brothers,penguinbrothers,penguin brothers,1,1,main,main,Penguin Brothers,Penguin Brothers,SAME,0,,,
Penguin-Kun Wars (US),Penguin-Kun Wars,penguinkunwars,penguin kun wars,1,1,main,main,Penguin-Kun Wars,Penguin-Kun Wars,SAME,0,,,
Penky,Penky,penky,penky,1,1,main,main,Penky,Penky,SAME,0,,,
Pepper II (version 8),Pepper II,pepper2,pepper ii,1,1,main,main,Pepper II,Pepper II,SAME,0,,,
Percussion Freaks 7th Mix (GC07 VER. AAA),Percussion Freaks 7th Mix,percussionfreaks7thmix,percussion freaks 7th mix,0,0,,,,,SAME,0,,,
Percussion Freaks 8th Mix (GC38 VER. AAA),Percussion Freaks 8th Mix,percussionfreaks8thmix,percussion freaks 8th mix,0,0,,,,,SAME,0,,,
Perestroika Girls,Perestroika Girls,perestroikagirls,perestroika girls,1,1,main,main,Perestroika Girls,Perestroika Girls,SAME,0,,,
Perfect Billiard,Perfect Billiard,perfectbilliard,perfect billiard,1,1,main,main,Perfect Billiard,Perfect Billiard,SAME,0,,,
Performan (Japan),Performan,performan,performan,1,1,main,main,Performan,Performan,SAME,0,,,
Peter Pack Rat,Peter Pack Rat,peterpackrat,peter pack rat,1,1,main,main,Peter Pack Rat,Peter Pack Rat,SAME,0,,,
Peter Pepper's Ice Cream Factory (DECO Cassette) (US) (set 1),Peter Pepper's Ice Cream Factory,peterpeppersicecreamfactory,peter pepper s ice cream factory,1,1,main,main,Peter Pepper's Ice Cream Factory,Peter Pepper's Ice Cream Factory,SAME,0,,,
Phantom II,Phantom II,phantom2,phantom ii,1,1,main,main,Phantom II,Phantom II,SAME,0,,,
Pharaohs Match (Arcadia),Pharaohs Match,pharaohsmatch,pharaohs match,1,1,main,main,Pharaohs Match,Pharaohs Match,SAME,0,,,
Phelios,Phelios,phelios,phelios,1,1,main,main,Phelios,Phelios,SAME,0,,,
"Phoenix (Amstar, set 1)",Phoenix,phoenix,phoenix,1,1,main,main,Phoenix,Phoenix,SAME,0,,,
Phozon (Japan),Phozon,phozon,phozon,1,1,main,main,Phozon,Phozon,SAME,0,,,
Pickin',Pickin',pickin,pickin,1,1,main,main,Pickin',Pickin',SAME,0,,,
Pig Newton (version C),Pig Newton,pignewton,pig newton,1,1,main,main,Pig Newton,Pig Newton,SAME,0,,,
Pig Out Dine Like a Swine! (rev 2),Pig Out Dine Like a Swine!,pigoutdinelikeaswine,pig out dine like a swine,1,1,main,main,Pig Out: Dine Like a Swine!,Pig Out: Dine Like a Swine!,SAME,0,,,
Pigskin 621AD (rev 1.1K 8/01/90),Pigskin 621AD,pigskin621ad,pigskin 621ad,1,1,main,main,Pigskin 621AD,Pigskin 621AD,SAME,0,,,
Pinball Action (set 1),Pinball Action,pinballaction,pinball action,1,1,main,main,Pinball Action,Pinball Action,SAME,0,,,
Pinbo (set 1),Pinbo,pinbo,pinbo,1,1,main,main,Pinbo,Pinbo,SAME,0,,,
Ping Pong Masters '93,Ping Pong Masters '93,pingpongmasters93,ping pong masters 93,1,1,main,main,Ping Pong Masters '93,Ping Pong Masters '93,SAME,0,,,
Ping-Pong King,Ping-Pong King,pingpongking,ping pong king,1,1,main,main,Ping-Pong King,Ping-Pong King,SAME,0,,,
"Pink Sweets Suicide Club (20171031 SUICIDECLUB VER., bootleg)",Pink Sweets Suicide Club,pinksweetssuicideclub,pink sweets suicide club,1,1,main,main,Pink Sweets: Suicide Club,Pink Sweets: Suicide Club,SAME,0,,,
Pioneer Balloon,Pioneer Balloon,pioneerballoon,pioneer balloon,1,1,main,main,Pioneer Balloon,Pioneer Balloon,SAME,0,,,
Pipe Dream (World),Pipe Dream,pipedream,pipe dream,1,1,main,main,Pipe Dream,Pipe Dream,SAME,0,,,
Pipeline,Pipeline,pipeline,pipeline,1,1,main,main,Pipeline,Pipeline,SAME,0,,,
"Pipi &amp;amp;amp;amp; Bibis  Whoopee!! (Z80 sound cpu, set 1)",Pipi &amp;amp;amp;amp; Bibis  Whoopee!!,pipiampampampampbibiswhoopee,pipi amp amp amp amp bibis whoopee,0,0,,,,,SAME,0,,,
Pirate Pete,Pirate Pete,piratepete,pirate pete,1,1,main,main,Pirate Pete,Pirate Pete,SAME,0,,,
Pirate Ship Higemaru,Pirate Ship Higemaru,pirateshiphigemaru,pirate ship higemaru,1,1,main,main,Pirate Ship Higemaru,Pirate Ship Higemaru,SAME,0,,,
Pirate Treasure,Pirate Treasure,piratetreasure,pirate treasure,1,1,main,main,Pirate Treasure,Pirate Treasure,SAME,0,,,
Pirates (set 1),Pirates,pirates,pirates,1,1,main,main,Pirates,Pirates,SAME,0,,,
Pisces,Pisces,pisces,pisces,1,1,main,main,Pisces,Pisces,SAME,0,,,
Pistol Daimyo no Bouken (Japan),Pistol Daimyo no Bouken,pistoldaimyonobouken,pistol daimyo no bouken,1,1,main,main,Pistol Daimyo no Bouken,Pistol Daimyo no Bouken,SAME,0,,,
Pit &amp;amp;amp;amp; Run - F-1 Race (rev 1),Pit &amp;amp;amp;amp; Run - F-1 Race,pitampampampamprunf1race,pit amp amp amp amp run f 1 race,0,0,,,,,SAME,0,,,
Pit Fighter (rev 9),Pit Fighter,pitfighter,pit fighter,1,1,main,main,Pit-Fighter,Pit-Fighter,SAME,0,,,
Pitapat Puzzle (set 1),Pitapat Puzzle,pitapatpuzzle,pitapat puzzle,1,1,main,main,Pitapat Puzzle,Pitapat Puzzle,SAME,0,,,
Pitfall II (315-5093),Pitfall II,pitfall2,pitfall ii,0,0,,,,,SAME,0,,,
Pittanko Zaurus,Pittanko Zaurus,pittankozaurus,pittanko zaurus,1,1,main,main,Pittanko Zaurus,Pittanko Zaurus,SAME,0,,,
PK Scramble,PK Scramble,pkscramble,pk scramble,1,1,main,main,PK Scramble,PK Scramble,SAME,0,,,
Plasma Sword Nightmare of Bilstein (USA 980316),Plasma Sword Nightmare of Bilstein,plasmaswordnightmareofbilstein,plasma sword nightmare of bilstein,1,1,main,main,Plasma Sword: Nightmare of Bilstein,Plasma Sword: Nightmare of Bilstein,SAME,0,,,
Play Girls,Play Girls,playgirls,play girls,1,1,main,main,Play Girls,Play Girls,SAME,0,,,
Play Girls 2,Play Girls 2,playgirls2,play girls 2,1,1,main,main,Play Girls 2,Play Girls 2,SAME,0,,,
Pleiads (Tehkan),Pleiads,pleiads,pleiads,1,1,main,main,Pleiads,Pleiads,SAME,0,,,
Plotting (World set 1),Plotting,plotting,plotting,1,1,main,main,Plotting,Plotting,SAME,0,,,
Plump Pop (Japan),Plump Pop,plumppop,plump pop,1,1,main,main,Plump Pop,Plump Pop,SAME,0,,,
Plus Alpha,Plus Alpha,plusalpha,plus alpha,1,1,main,main,Plus Alpha,Plus Alpha,SAME,0,,,
Pocket Gal (Japan),Pocket Gal,pocketgal,pocket gal,1,1,main,main,Pocket Gal,Pocket Gal,SAME,0,,,
Pocket Gal 2 (English),Pocket Gal 2,pocketgal2,pocket gal 2,1,1,main,main,Pocket Gal 2,Pocket Gal 2,SAME,0,,,
Pocket Gal Deluxe (Europe v3.00),Pocket Gal Deluxe,pocketgaldeluxe,pocket gal deluxe,1,1,main,main,Pocket Gal Deluxe,Pocket Gal Deluxe,SAME,0,,,
Pocket Gals V.I.P (set 1),Pocket Gals V.I.P,pocketgalsvip,pocket gals v i p,1,1,main,main,Pocket Gals V.I.P,Pocket Gals V.I.P,SAME,0,,,
"Point Blank (World, GN2 Rev B, set 1)",Point Blank,pointblank,point blank,1,1,main,main,Point Blank,Point Blank,SAME,0,,,
Poitto! (revision D),Poitto!,poitto,poitto,1,1,main,main,Poitto!,Poitto!,SAME,0,,,
Poizone,Poizone,poizone,poizone,1,1,main,main,Poizone,Poizone,SAME,0,,,
Poka Poka Satan (Japan),Poka Poka Satan,pokapokasatan,poka poka satan,1,1,main,main,Poka Poka Satan,Poka Poka Satan,SAME,0,,,
Poke Champ (set 1),Poke Champ,pokechamp,poke champ,1,1,main,main,Poke Champ,Poke Champ,SAME,0,,,
Polaris (latest version),Polaris,polaris,polaris,1,1,main,main,Polaris,Polaris,SAME,0,,,
Pole Position (World),Pole Position,poleposition,pole position,1,1,main,main,Pole Position,Pole Position,SAME,0,,,
Pole Position II (Japan),Pole Position II,poleposition2,pole position ii,1,1,main,main,Pole Position II,Pole Position II,SAME,0,,,
"Police Trainer (Rev 1.3B, Rev 0.3 PCB)",Police Trainer,policetrainer,police trainer,1,1,main,main,Police Trainer,Police Trainer,SAME,0,,,
Pollux (set 1),Pollux,pollux,pollux,1,1,main,main,Pollux,Pollux,SAME,0,,,
Polygonet Commanders (ver UAA),Polygonet Commanders,polygonetcommanders,polygonet commanders,1,1,main,main,Polygonet Commanders,Polygonet Commanders,SAME,0,,,
Poly-Net Warriors (ver JAA),Poly-Net Warriors,polynetwarriors,poly net warriors,1,1,main,main,Poly-Net Warriors,Poly-Net Warriors,SAME,0,,,
Ponpoko,Ponpoko,ponpoko,ponpoko,1,1,main,main,Ponpoko,Ponpoko,SAME,0,,,
Poolshark,Poolshark,poolshark,poolshark,1,1,main,main,Poolshark,Poolshark,SAME,0,,,
Poosho Poosho,Poosho Poosho,pooshopoosho,poosho poosho,0,0,,,,,SAME,0,,,
Pooyan,Pooyan,pooyan,pooyan,1,1,main,main,Pooyan,Pooyan,SAME,0,,,
Pop Bingo,Pop Bingo,popbingo,pop bingo,1,1,main,main,Pop Bingo,Pop Bingo,SAME,0,,,
Pop Flamer (protected),Pop Flamer,popflamer,pop flamer,1,1,main,main,Pop Flamer,Pop Flamer,SAME,0,,,
Popeye (revision D),Popeye,popeye,popeye,0,0,,,,,SAME,0,,,
"Pop'n Music 1 (ver TA-A, HDD 1.01)",Pop'n Music 1,popnmusic1,pop n music 1,0,0,,,,,SAME,0,,,
Pop'n Music 2 (ver JA-A),Pop'n Music 2,popnmusic2,pop n music 2,1,1,main,main,Pop'n Music 2,Pop'n Music 2,SAME,0,,,
Pop'n Music 3 (ver JA-A),Pop'n Music 3,popnmusic3,pop n music 3,1,1,main,main,Pop'n Music 3,Pop'n Music 3,SAME,0,,,
Pop'n Music 4,Pop'n Music 4,popnmusic4,pop n music 4,1,1,main,main,Pop'n Music 4,Pop'n Music 4,SAME,0,,,
Pop'n Music 5,Pop'n Music 5,popnmusic5,pop n music 5,1,1,main,main,Pop'n Music 5,Pop'n Music 5,SAME,0,,,
Pop'n Music 6,Pop'n Music 6,popnmusic6,pop n music 6,1,1,main,main,Pop'n Music 6,Pop'n Music 6,SAME,0,,,
Pop'n Music 7,Pop'n Music 7,popnmusic7,pop n music 7,1,1,main,main,Pop'n Music 7,Pop'n Music 7,SAME,0,,,
Pop'n Music 8,Pop'n Music 8,popnmusic8,pop n music 8,1,1,main,main,Pop'n Music 8,Pop'n Music 8,SAME,0,,,
Pop'n Music Animelo,Pop'n Music Animelo,popnmusicanimelo,pop n music animelo,0,0,,,,,SAME,0,,,
Pop'n Music Animelo 2 (JAC),Pop'n Music Animelo 2,popnmusicanimelo2,pop n music animelo 2,1,1,main,main,Pop'n Music Animelo 2,Pop'n Music Animelo 2,SAME,0,,,
Pop'n Music Mickey Tunes,Pop'n Music Mickey Tunes,popnmusicmickeytunes,pop n music mickey tunes,0,0,,,,,SAME,0,,,
Pop'n Pop (Ver 2.07O 19980209),Pop'n Pop,popnpop,pop n pop,1,1,main,main,Pop'n Pop,Pop'n Pop,SAME,0,,,
Pop'n Stage EX (ver JB-A),Pop'n Stage EX,popnstageex,pop n stage ex,1,1,main,main,Pop'n'Stage EX,Pop'n'Stage EX,SAME,0,,,
PoPo Bear,PoPo Bear,popobear,popo bear,1,1,main,main,PoPo Bear,PoPo Bear,SAME,0,,,
Popper,Popper,popper,popper,1,1,main,main,Popper,Popper,SAME,0,,,
Pop's Pop's,Pop's Pop's,popspops,pop s pop s,1,1,main,main,Pop's Pop's,Pop's Pop's,SAME,0,,,
Porky,Porky,porky,porky,1,1,main,main,Porky,Porky,SAME,0,,,
Portraits (set 1),Portraits,portraits,portraits,1,1,main,main,Portraits,Portraits,SAME,0,,,
Pot of Gold,Pot of Gold,potofgold,pot of gold,0,0,,,,,SAME,0,,,
"Poto Poto (Japan, Rev A)",Poto Poto,potopoto,poto poto,1,1,main,main,Poto Poto,Poto Poto,SAME,0,,,
Pound for Pound (World),Pound for Pound,poundforpound,pound for pound,1,1,main,main,Pound for Pound,Pound for Pound,SAME,0,,,
Power Balls,Power Balls,powerballs,power balls,1,1,main,main,Power Balls,Power Balls,SAME,0,,,
"Power Drift - Link Version (Japan, Rev A)",Power Drift - Link Version,powerdriftlinkversion,power drift link version,0,0,,,,,SAME,0,,,
"Power Drift (World, Rev A)",Power Drift,powerdrift,power drift,1,1,main,main,Power Drift,Power Drift,SAME,0,,,
Power Drive,Power Drive,powerdrive,power drive,1,1,main,main,Power Drive,Power Drive,SAME,0,,,
Power Flipper Pinball Shooting (v1.33),Power Flipper Pinball Shooting,powerflipperpinballshooting,power flipper pinball shooting,1,1,main,main,Power Flipper Pinball Shooting,Power Flipper Pinball Shooting,SAME,0,,,
Power Instinct (USA),Power Instinct,powerinstinct,power instinct,1,1,main,main,Power Instinct,Power Instinct,SAME,0,,,
Power Kick (Japan),Power Kick,powerkick,power kick,1,1,main,main,Power Kick,Power Kick,SAME,0,,,
Power Play,Power Play,powerplay,power play,1,1,main,main,Power Play,Power Play,SAME,0,,,
Power Spikes (World),Power Spikes,powerspikes,power spikes,1,1,main,main,Power Spikes,Power Spikes,SAME,0,,,
Power Surge,Power Surge,powersurge,power surge,0,0,,,,,SAME,0,,,
Powerful Chance,Powerful Chance,powerfulchance,powerful chance,0,0,,,,,SAME,0,,,
Prebillian,Prebillian,prebillian,prebillian,1,1,main,main,Prebillian,Prebillian,SAME,0,,,
Prehistoric Isle in 1930 (World),Prehistoric Isle in 1930,prehistoricislein1930,prehistoric isle in 1930,1,1,main,main,Prehistoric Isle in 1930,Prehistoric Isle in 1930,SAME,0,,,
Premier Soccer (ver EAB),Premier Soccer,premiersoccer,premier soccer,1,1,main,main,Premier Soccer,Premier Soccer,SAME,0,,,
"Primal Rage (version 2.3, Jan 1995)",Primal Rage,primalrage,primal rage,1,1,main,main,Primal Rage,Primal Rage,SAME,0,,,
Primal Rage II (Test Version 0.36a),Primal Rage II,primalrage2,primal rage ii,1,0,main,,Primal Rage 2,,WORSE,0,,,
Prime Time Fighter (Ver 2.1A 19930521) (New Version),Prime Time Fighter,primetimefighter,prime time fighter,1,1,main,main,Prime Time Fighter,Prime Time Fighter,SAME,0,,,
Princess Clara Daisakusen (J 960910 V1.000),Princess Clara Daisakusen,princessclaradaisakusen,princess clara daisakusen,1,1,main,main,Princess Clara Daisakusen,Princess Clara Daisakusen,SAME,0,,,
Pro Baseball Skill Tryout (Japan),Pro Baseball Skill Tryout,probaseballskilltryout,pro baseball skill tryout,1,1,main,main,Pro Baseball Skill Tryout,Pro Baseball Skill Tryout,SAME,0,,,
Pro Bowling (DECO Cassette) (US),Pro Bowling,probowling,pro bowling,1,1,main,main,Pro Bowling,Pro Bowling,SAME,0,,,
"Pro Cycle Tele Cardioline (Salter Fitness Bike V.1.0, Checksum 02AB)",Pro Cycle Tele Cardioline,procycletelecardioline,pro cycle tele cardioline,1,1,main,main,Pro Cycle Tele Cardioline,Pro Cycle Tele Cardioline,SAME,0,,,
Pro Soccer,Pro Soccer,prosoccer,pro soccer,1,1,main,main,Pro Soccer,Pro Soccer,SAME,0,,,
Pro Soccer (DECO Cassette) (US),Pro Soccer,prosoccer,pro soccer,1,1,main,main,Pro Soccer,Pro Soccer,SAME,0,,,
"Pro Sports - Bowling, Tennis, and Golf","Pro Sports - Bowling, Tennis, and Golf",prosportsbowlingtennisandgolf,pro sports bowling tennis and golf,1,1,main,main,"Pro Sports: Bowling, Tennis, and Golf","Pro Sports: Bowling, Tennis, and Golf",SAME,0,,,
"Pro Stepper Tele Cardioline (Salter Fitness Stepper V.1.0, Checksum F208)",Pro Stepper Tele Cardioline,prosteppertelecardioline,pro stepper tele cardioline,1,1,main,main,Pro Stepper Tele Cardioline,Pro Stepper Tele Cardioline,SAME,0,,,
Pro Tennis (DECO Cassette) (US),Pro Tennis,protennis,pro tennis,1,1,main,main,Pro Tennis,Pro Tennis,SAME,0,,,
Pro Tennis (Japan),Pro Tennis,protennis,pro tennis,1,1,main,main,Pro Tennis,Pro Tennis,SAME,0,,,
Pro Tennis World Court (Japan),Pro Tennis World Court,protennisworldcourt,pro tennis world court,1,1,main,main,Pro Tennis: World Court,Pro Tennis: World Court,SAME,0,,,
Pro Yakyuu World Stadium (Japan),Pro Yakyuu World Stadium,proyakyuuworldstadium,pro yakyuu world stadium,0,0,,,,,SAME,0,,,
Pro Yakyuu World Stadium '89 (Japan),Pro Yakyuu World Stadium '89,proyakyuuworldstadium89,pro yakyuu world stadium 89,0,0,,,,,SAME,0,,,
Pro Yakyuu World Stadium '90 (Japan),Pro Yakyuu World Stadium '90,proyakyuuworldstadium90,pro yakyuu world stadium 90,0,0,,,,,SAME,0,,,
Professor Pac-Man,Professor Pac-Man,professorpacman,professor pac man,1,1,main,main,Professor Pac-Man,Professor Pac-Man,SAME,0,,,
Progear (USA 010117),Progear,progear,progear,1,1,main,main,Progear,Progear,SAME,0,,,
Psychic 5 (World),Psychic 5,psychic5,psychic 5,1,1,main,main,Psychic 5,Psychic 5,SAME,0,,,
Psychic Force (Ver 2.4O),Psychic Force,psychicforce,psychic force,1,1,main,main,Psychic Force,Psychic Force,SAME,0,,,
Psychic Force EX (Ver 2.0J),Psychic Force EX,psychicforceex,psychic force ex,1,1,main,main,Psychic Force EX,Psychic Force EX,SAME,0,,,
Psycho Soldier (US),Psycho Soldier,psychosoldier,psycho soldier,1,1,main,main,Psycho Soldier,Psycho Soldier,SAME,0,,,
Psycho-Nics Oscar (World revision 0),Psycho-Nics Oscar,psychonicsoscar,psycho nics oscar,1,1,main,main,Psycho-Nics Oscar,Psycho-Nics Oscar,SAME,0,,,
Psyvariar -Medium Unit- (V2.02O 20000222 1300),Psyvariar -Medium Unit-,psyvariarmediumunit,psyvariar medium unit,1,1,main,main,Psyvariar -Medium Unit-,Psyvariar -Medium Unit-,SAME,0,,,
Psyvariar -Revision- (V2.04J 20000811 2200),Psyvariar -Revision-,psyvariarrevision,psyvariar revision,1,1,main,main,Psyvariar: Revision,Psyvariar: Revision,SAME,0,,,
Puchi Carat (Ver 2.02O 19971029),Puchi Carat,puchicarat,puchi carat,1,1,main,main,Puchi Carat,Puchi Carat,SAME,0,,,
"Puck Man (Japan, set 1)",Puck Man,puckman,puck man,0,0,,,,,SAME,0,,,
Puckman Pockimon Genie 2000,Puckman Pockimon Genie 2000,puckmanpockimongenie2000,puckman pockimon genie 2000,1,1,main,main,Puckman Pockimon Genie 2000,Puckman Pockimon Genie 2000,SAME,0,,,
PuLiRuLa (Japan),PuLiRuLa,pulirula,pulirula,1,1,main,main,PuLiRuLa,PuLiRuLa,SAME,0,,,
"PuLiRuLa (World, dual PCB)",PuLiRuLa,pulirula,pulirula,1,1,main,main,PuLiRuLa,PuLiRuLa,SAME,0,,,
Pulsar,Pulsar,pulsar,pulsar,1,1,main,main,Pulsar,Pulsar,SAME,0,,,
Punch-Out!! (Rev B),Punch-Out!!,punchout,punch out,1,1,main,main,Punch-Out!!,Punch-Out!!,SAME,0,,,
Punk Shot (US 4 Players),Punk Shot,punkshot,punk shot,1,1,main,main,Punk Shot,Punk Shot,SAME,0,,,
Pururun (set 1),Pururun,pururun,pururun,1,1,main,main,Pururun,Pururun,SAME,0,,,
"Pushman (Korea, set 1)",Pushman,pushman,pushman,1,1,main,main,Pushman,Pushman,SAME,0,,,
Puyo Puyo (World),Puyo Puyo,puyopuyo,puyo puyo,1,1,main,main,Puyo Puyo,Puyo Puyo,SAME,0,,,
Puyo Puyo 2 (Japan),Puyo Puyo 2,puyopuyo2,puyo puyo 2,1,1,main,main,Puyo Puyo 2,Puyo Puyo 2,SAME,0,,,
Puyo Puyo Sun (J 961115 V0.001),Puyo Puyo Sun,puyopuyosun,puyo puyo sun,1,1,main,main,Puyo Puyo Sun,Puyo Puyo Sun,SAME,0,,,
"Puzz Loop (Europe, v0.94)",Puzz Loop,puzzloop,puzz loop,1,1,main,main,Puzz Loop,Puzz Loop,SAME,0,,,
Puzzle &amp;amp;amp;amp; Action Ichidant-R (World),Puzzle &amp;amp;amp;amp; Action Ichidant-R,puzzleampampampampactionichidantr,puzzle amp amp amp amp action ichidant r,0,0,,,,,SAME,0,,,
Puzzle &amp;amp;amp;amp; Action Sando-R (J 951114 V1.000),Puzzle &amp;amp;amp;amp; Action Sando-R,puzzleampampampampactionsandor,puzzle amp amp amp amp action sando r,0,0,,,,,SAME,0,,,
Puzzle &amp;amp;amp;amp; Action Tant-R (Japan),Puzzle &amp;amp;amp;amp; Action Tant-R,puzzleampampampampactiontantr,puzzle amp amp amp amp action tant r,0,0,,,,,SAME,0,,,
Puzzle &amp;amp;amp;amp; Action Treasure Hunt (JUET 970901 V2.00E),Puzzle &amp;amp;amp;amp; Action Treasure Hunt,puzzleampampampampactiontreasurehunt,puzzle amp amp amp amp action treasure hunt,0,0,,,,,SAME,0,,,
"Puzzle Bobble (Japan, B-System)",Puzzle Bobble,puzzlebobble,puzzle bobble,1,1,main,main,Puzzle Bobble,Puzzle Bobble,SAME,0,,,
Puzzle Bobble 2 (Ver 2.3O 19950731),Puzzle Bobble 2,puzzlebobble2,puzzle bobble 2,0,0,,,,,SAME,0,,,
Puzzle Bobble 2X (Ver 2.2J 19951111),Puzzle Bobble 2X,puzzlebobble2x,puzzle bobble 2x,1,1,main,main,Puzzle Bobble 2X,Puzzle Bobble 2X,SAME,0,,,
Puzzle Bobble 3 (Ver 2.1O 19960927),Puzzle Bobble 3,puzzlebobble3,puzzle bobble 3,1,1,main,main,Puzzle Bobble 3,Puzzle Bobble 3,SAME,0,,,
Puzzle Bobble 4 (Ver 2.04O 19971219),Puzzle Bobble 4,puzzlebobble4,puzzle bobble 4,1,1,main,main,Puzzle Bobble 4,Puzzle Bobble 4,SAME,0,,,
Puzzle Break (set 1),Puzzle Break,puzzlebreak,puzzle break,1,1,main,main,Puzzle Break,Puzzle Break,SAME,0,,,
"Puzzle Club (Yun Sung, set 1)",Puzzle Club,puzzleclub,puzzle club,1,1,main,main,Puzzle Club,Puzzle Club,SAME,0,,,
Puzzle De Bowling (Japan),Puzzle De Bowling,puzzledebowling,puzzle de bowling,1,1,main,main,Puzzle De Bowling,Puzzle De Bowling,SAME,0,,,
Puzzle Game Rong Rong (Europe),Puzzle Game Rong Rong,puzzlegamerongrong,puzzle game rong rong,1,1,main,main,Puzzle Game Rong Rong,Puzzle Game Rong Rong,SAME,0,,,
Puzzle King (Dance &amp;amp;amp;amp; Puzzle),Puzzle King,puzzleking,puzzle king,1,1,main,main,Puzzle King,Puzzle King,SAME,0,,,
Puzzle Star (Sang Ho Soft),Puzzle Star,puzzlestar,puzzle star,1,1,main,main,Puzzle Star,Puzzle Star,SAME,0,,,
Puzzle Yutnori (Korea),Puzzle Yutnori,puzzleyutnori,puzzle yutnori,1,1,main,main,Puzzle Yutnori,Puzzle Yutnori,SAME,0,,,
Puzzlet (Japan),Puzzlet,puzzlet,puzzlet,1,1,main,main,Puzzlet,Puzzlet,SAME,0,,,
Puzzli (revision B),Puzzli,puzzli,puzzli,1,1,main,main,Puzzli,Puzzli,SAME,0,,,
Puzzli 2 Super  Pao Pao Yu Super (ver. 200),Puzzli 2 Super  Pao Pao Yu Super,puzzli2superpaopaoyusuper,puzzli 2 super pao pao yu super,1,1,main,main,Puzzli 2 Super / Pao Pao Yu Super,Puzzli 2 Super / Pao Pao Yu Super,SAME,0,,,
PuzzLove,PuzzLove,puzzlove,puzzlove,1,1,main,main,PuzzLove,PuzzLove,SAME,0,,,
Puzznic (World),Puzznic,puzznic,puzznic,1,1,main,main,Puzznic,Puzznic,SAME,0,,,
Pyros (US),Pyros,pyros,pyros,1,1,main,main,Pyros,Pyros,SAME,0,,,
Q*bert (US set 1),Q*bert,qbert,q bert,1,1,main,main,Q*bert,Q*bert,SAME,0,,,
Qbert's Qubes,Qbert's Qubes,qbertsqubes,qbert s qubes,1,0,main,,Q*bert's Qubes,,WORSE,0,,,
Qix (Rev 2),Qix,qix,qix,1,1,main,main,Qix,Qix,SAME,0,,,
Qix II (Tournament),Qix II,qix2,qix ii,1,1,main,main,Qix II,Qix II,SAME,0,,,
Quantum (rev 2),Quantum,quantum,quantum,1,1,main,main,Quantum,Quantum,SAME,0,,,
Quarterback (rev 5),Quarterback,quarterback,quarterback,1,1,main,main,Quarterback,Quarterback,SAME,0,,,
"Quartet (Rev A, 8751 315-5194)",Quartet,quartet,quartet,1,1,main,main,Quartet,Quartet,SAME,0,,,
Quartet 2 (8751 317-0010),Quartet 2,quartet2,quartet 2,1,1,main,main,Quartet 2,Quartet 2,SAME,0,,,
Quasar (set 1),Quasar,quasar,quasar,1,1,main,main,Quasar,Quasar,SAME,0,,,
Quester (Japan),Quester,quester,quester,1,1,main,main,Quester,Quester,SAME,0,,,
Quiz &amp;amp;amp;amp; Dragons: Capcom Quiz Game (USA 920701),Quiz &amp;amp;amp;amp; Dragons: Capcom Quiz Game,quizampampampampdragonscapcomquizgame,quiz amp amp amp amp dragons capcom quiz game,0,0,,,,,SAME,0,,,
Quizvaders (39-360-078),Quizvaders,quizvaders,quizvaders,1,1,main,main,Quizvaders,Quizvaders,SAME,0,,,
R2D Tank,R2D Tank,r2dtank,r2d tank,1,1,main,main,R2D Tank,R2D Tank,SAME,0,,,
Rabbit (Asia 36),Rabbit,rabbit,rabbit,1,1,main,main,Rabbit,Rabbit,SAME,0,,,
Rabbit Punch (US),Rabbit Punch,rabbitpunch,rabbit punch,1,1,main,main,Rabbit Punch,Rabbit Punch,SAME,0,,,
Rabio Lepus (Japan),Rabio Lepus,rabiolepus,rabio lepus,0,0,,,,,SAME,0,,,
Raccoon World,Raccoon World,raccoonworld,raccoon world,1,1,main,main,Raccoon World,Raccoon World,SAME,0,,,
"Race Drivin' (cockpit, rev 5)",Race Drivin',racedrivin,race drivin,1,1,main,main,Race Drivin',Race Drivin',SAME,0,,,
Racin' Force (ver EAC),Racin' Force,racinforce,racin force,1,1,main,main,Racin' Force,Racin' Force,SAME,0,,,
Racing Beat (World),Racing Beat,racingbeat,racing beat,1,1,main,main,Racing Beat,Racing Beat,SAME,0,,,
Racing Hero (FD1094 317-0144),Racing Hero,racinghero,racing hero,1,1,main,main,Racing Hero,Racing Hero,SAME,0,,,
Racing Jam (GQ676UAC),Racing Jam,racingjam,racing jam,1,1,main,main,Racing Jam,Racing Jam,SAME,0,,,
Racing Jam: Chapter II (GQ888UAA),Racing Jam: Chapter II,racingjamchapter2,racing jam chapter ii,1,0,main,,Racing Jam: Chapter 2,,WORSE,0,,,
Rack + Roll,Rack + Roll,rackroll,rack roll,1,1,main,main,Rack + Roll,Rack + Roll,SAME,0,,,
Rack 'em Up (version L),Rack 'em Up,rackemup,rack em up,1,1,main,main,Rack 'em Up,Rack 'em Up,SAME,0,,,
Rad Mobile (World),Rad Mobile,radmobile,rad mobile,1,1,main,main,Rad Mobile,Rad Mobile,SAME,0,,,
Rad Rally (World),Rad Rally,radrally,rad rally,1,1,main,main,Rad Rally,Rad Rally,SAME,0,,,
"Radar Scope (TRS02, rev. D)",Radar Scope,radarscope,radar scope,1,1,main,main,Radar Scope,Radar Scope,SAME,0,,,
Radar Zone,Radar Zone,radarzone,radar zone,1,1,main,main,Radar Zone,Radar Zone,SAME,0,,,
Radiant Silvergun (JUET 980523 V1.000),Radiant Silvergun,radiantsilvergun,radiant silvergun,1,1,main,main,Radiant Silvergun,Radiant Silvergun,SAME,0,,,
Radical Radial (US),Radical Radial,radicalradial,radical radial,1,1,main,main,Radical Radial,Radical Radial,SAME,0,,,
Radikal Bikers (version 2.02),Radikal Bikers,radikalbikers,radikal bikers,1,1,main,main,Radikal Bikers,Radikal Bikers,SAME,0,,,
Rafflesia (315-5162),Rafflesia,rafflesia,rafflesia,1,1,main,main,Rafflesia,Rafflesia,SAME,0,,,
Raiden (World set 1),Raiden,raiden,raiden,1,1,main,main,Raiden,Raiden,SAME,0,,,
Raiden DX (UK),Raiden DX,raidendx,raiden dx,1,1,main,main,Raiden DX,Raiden DX,SAME,0,,,
Raiden Fighters (Germany),Raiden Fighters,raidenfighters,raiden fighters,1,1,main,main,Raiden Fighters,Raiden Fighters,SAME,0,,,
Raiden Fighters 2 - Operation Hell Dive (Germany),Raiden Fighters 2 - Operation Hell Dive,raidenfighters2operationhelldive,raiden fighters 2 operation hell dive,1,1,main,main,Raiden Fighters 2: Operation Hell Dive,Raiden Fighters 2: Operation Hell Dive,SAME,0,,,
Raiden Fighters Jet (Germany),Raiden Fighters Jet,raidenfightersjet,raiden fighters jet,1,1,main,main,Raiden Fighters Jet,Raiden Fighters Jet,SAME,0,,,
"Raiden II (US, set 1)",Raiden II,raiden2,raiden ii,1,1,main,main,Raiden II,Raiden II,SAME,0,,,
Raiders,Raiders,raiders,raiders,1,1,main,main,Raiders,Raiders,SAME,0,,,
Raiders5,Raiders5,raiders5,raiders5,1,1,main,main,Raiders5,Raiders5,SAME,0,,,
Raiga - Strato Fighter (US),Raiga - Strato Fighter,raigastratofighter,raiga strato fighter,1,1,main,main,Raiga: Strato Fighter,Raiga: Strato Fighter,SAME,0,,,
Rail Chase (World),Rail Chase,railchase,rail chase,1,1,main,main,Rail Chase,Rail Chase,SAME,0,,,
"Raimais (World, rev 1)",Raimais,raimais,raimais,1,1,main,main,Raimais,Raimais,SAME,0,,,
Rainbow Islands - Extra Version,Rainbow Islands - Extra Version,rainbowislandsextraversion,rainbow islands extra version,1,1,main,main,Rainbow Islands: Extra Version,Rainbow Islands: Extra Version,SAME,0,,,
Rainbow Islands (rev 1),Rainbow Islands,rainbowislands,rainbow islands,0,0,,,,,SAME,0,,,
"Rally Bike (Europe, US) / Dash Yarou (Japan)",Rally Bike / Dash Yarou,rallybikedashyarou,rally bike dash yarou,0,0,,,,,SAME,0,,,
Rally X (32k Ver.?),Rally X,rallyx,rally x,1,1,main,main,Rally-X,Rally-X,SAME,0,,,
Rambo III (Europe),Rambo III,rambo3,rambo iii,1,1,main,main,Rambo III,Rambo III,SAME,0,,,
"Rampage (Rev 3, 8/27/86)",Rampage,rampage,rampage,1,1,main,main,Rampage,Rampage,SAME,0,,,
Rampage: World Tour (rev 1.3),Rampage: World Tour,rampageworldtour,rampage world tour,1,1,main,main,Rampage World Tour,Rampage World Tour,SAME,0,,,
Rampart (Trackball),Rampart,rampart,rampart,1,1,main,main,Rampart,Rampart,SAME,0,,,
"Rapid Fire (v1.1, Build 239)",Rapid Fire,rapidfire,rapid fire,1,1,main,main,Rapid Fire,Rapid Fire,SAME,0,,,
Rapid Hero (NMK),Rapid Hero,rapidhero,rapid hero,1,1,main,main,Rapid Hero,Rapid Hero,SAME,0,,,
Rastan (World Rev 1),Rastan,rastan,rastan,1,1,main,main,Rastan,Rastan,SAME,0,,,
Ray Crisis (V2.03O 19981115 1543),Ray Crisis,raycrisis,ray crisis,1,0,main,,RayCrisis,,WORSE,0,,,
Ray Force (Ver 2.3A 1994/01/20),Ray Force,rayforce,ray force,0,0,,,,,SAME,0,,,
Ray Storm (Ver 2.06A),Ray Storm,raystorm,ray storm,1,0,main,,RayStorm,,WORSE,0,,,
Razzmatazz,Razzmatazz,razzmatazz,razzmatazz,1,1,main,main,Razzmatazz,Razzmatazz,SAME,0,,,
Reactor,Reactor,reactor,reactor,1,1,main,main,Reactor,Reactor,SAME,0,,,
Reality Tennis (set 1),Reality Tennis,realitytennis,reality tennis,1,1,main,main,Reality Tennis,Reality Tennis,SAME,0,,,
Recordbreaker (World),Recordbreaker,recordbreaker,recordbreaker,1,1,main,main,Recordbreaker,Recordbreaker,SAME,0,,,
Red Alert,Red Alert,redalert,red alert,1,1,main,main,Red Alert,Red Alert,SAME,0,,,
Red Baron (revised hardware),Red Baron,redbaron,red baron,1,1,main,main,Red Baron,Red Baron,SAME,0,,,
Red Clash,Red Clash,redclash,red clash,1,1,main,main,Red Clash,Red Clash,SAME,0,,,
"Red Earth (Asia 961121, NO CD)",Red Earth,redearth,red earth,1,1,main,main,Red Earth,Red Earth,SAME,0,,,
"Red Hawk (USA, Canada &amp;amp;amp;amp; South America)",Red Hawk,redhawk,red hawk,1,1,main,main,Red Hawk,Red Hawk,SAME,0,,,
Red Robin,Red Robin,redrobin,red robin,1,1,main,main,Red Robin,Red Robin,SAME,0,,,
Redline Racer (2 players),Redline Racer,redlineracer,redline racer,1,1,main,main,RedLine Racer,RedLine Racer,SAME,0,,,
"Regulus (315-5033, Rev A.)",Regulus,regulus,regulus,1,1,main,main,Regulus,Regulus,SAME,0,,,
"Relief Pitcher (Rev D, 07 Jun 1992 / 28 May 1992)",Relief Pitcher,reliefpitcher,relief pitcher,1,1,main,main,Relief Pitcher,Relief Pitcher,SAME,0,,,
Renegade (US),Renegade,renegade,renegade,1,1,main,main,Renegade,Renegade,SAME,0,,,
Repulse,Repulse,repulse,repulse,0,0,,,,,SAME,0,,,
Rescue,Rescue,rescue,rescue,1,1,main,main,Rescue,Rescue,SAME,0,,,
Rescue Raider (5/11/87) (non-cartridge),Rescue Raider,rescueraider,rescue raider,1,1,main,main,Rescue Raider,Rescue Raider,SAME,0,,,
Return of the Invaders,Return of the Invaders,returnoftheinvaders,return of the invaders,1,1,main,main,Return of the Invaders,Return of the Invaders,SAME,0,,,
Return of the Jedi,Return of the Jedi,returnofthejedi,return of the jedi,0,0,,,,,SAME,0,,,
Revenger '84 (newer),Revenger '84,revenger84,revenger 84,1,1,main,main,Revenger '84,Revenger '84,SAME,0,,,
Revolution X (rev 1.0 6/16/94),Revolution X,revolutionx,revolution x,1,1,main,main,Revolution X,Revolution X,SAME,0,,,
Rezon,Rezon,rezon,rezon,1,1,main,main,Rezon,Rezon,SAME,0,,,
Ribbit!,Ribbit!,ribbit,ribbit,1,1,main,main,Ribbit!,Ribbit!,SAME,0,,,
Riddle of Pythagoras (Japan),Riddle of Pythagoras,riddleofpythagoras,riddle of pythagoras,1,1,main,main,Riddle of Pythagoras,Riddle of Pythagoras,SAME,0,,,
Riding Fight (Ver 1.0O),Riding Fight,ridingfight,riding fight,1,1,main,main,Riding Fight,Riding Fight,SAME,0,,,
Rim Rockin' Basketball (V2.2),Rim Rockin' Basketball,rimrockinbasketball,rim rockin basketball,1,1,main,main,Rim Rockin' Basketball,Rim Rockin' Basketball,SAME,0,,,
Ring Fighter (rev 1),Ring Fighter,ringfighter,ring fighter,1,1,main,main,Ring Fighter,Ring Fighter,SAME,0,,,
Ring King (US set 1),Ring King,ringking,ring king,0,0,,,,,SAME,0,,,
Ring Rage (Ver 2.3O 1992/08/09),Ring Rage,ringrage,ring rage,1,1,main,main,Ring Rage,Ring Rage,SAME,0,,,
Riot (NMK),Riot,riot,riot,1,1,main,main,Riot,Riot,SAME,0,,,
Riot City (Japan),Riot City,riotcity,riot city,1,1,main,main,Riot City,Riot City,SAME,0,,,
Rip Cord,Rip Cord,ripcord,rip cord,1,1,main,main,Rip Cord,Rip Cord,SAME,0,,,
Rip Off,Rip Off,ripoff,rip off,1,1,main,main,Rip Off,Rip Off,SAME,0,,,
Ripper Ribbit (Version 3.5),Ripper Ribbit,ripperribbit,ripper ribbit,1,1,main,main,Ripper Ribbit,Ripper Ribbit,SAME,0,,,
Risky Challenge,Risky Challenge,riskychallenge,risky challenge,1,1,main,main,Risky Challenge,Risky Challenge,SAME,0,,,
Rival Schools United By Fate (Europe 971117),Rival Schools United By Fate,rivalschoolsunitedbyfate,rival schools united by fate,1,1,main,main,Rival Schools: United By Fate,Rival Schools: United By Fate,SAME,0,,,
River Patrol (Japan),River Patrol,riverpatrol,river patrol,1,1,main,main,River Patrol,River Patrol,SAME,0,,,
"Road Blasters (upright, rev 4)",Road Blasters,roadblasters,road blasters,1,0,main,,RoadBlasters,,WORSE,0,,,
Road Burners (ver 1.04),Road Burners,roadburners,road burners,1,1,main,main,Road Burners,Road Burners,SAME,0,,,
Road Fighter (set 1),Road Fighter,roadfighter,road fighter,1,1,main,main,Road Fighter,Road Fighter,SAME,0,,,
"Road Riot 4WD (04 Dec 1991, conversion kit)",Road Riot 4WD,roadriot4wd,road riot 4wd,1,1,main,main,Road Riot 4WD,Road Riot 4WD,SAME,0,,,
Road Runner (rev 2),Road Runner,roadrunner,road runner,1,1,main,main,Road Runner,Road Runner,SAME,0,,,
"RoadWars (Arcadia, V 2.3)",RoadWars,roadwars,roadwars,1,1,main,main,RoadWars,RoadWars,SAME,0,,,
Robo Wres 2001,Robo Wres 2001,robowres2001,robo wres 2001,1,1,main,main,Robo Wres 2001,Robo Wres 2001,SAME,0,,,
"Robocop (World, revision 4)",Robocop,robocop,robocop,1,1,main,main,RoboCop,RoboCop,SAME,0,,,
Robocop 2 (Euro/Asia v0.10),Robocop 2,robocop2,robocop 2,1,1,main,main,RoboCop 2,RoboCop 2,SAME,0,,,
Robot Bowl,Robot Bowl,robotbowl,robot bowl,1,1,main,main,Robot Bowl,Robot Bowl,SAME,0,,,
Robotron: 2084 (Solid Blue label),Robotron: 2084,robotron2084,robotron 2084,1,1,main,main,Robotron: 2084,Robotron: 2084,SAME,0,,,
Rock Climber,Rock Climber,rockclimber,rock climber,0,0,,,,,SAME,0,,,
Rock Tris,Rock Tris,rocktris,rock tris,1,1,main,main,Rock Tris,Rock Tris,SAME,0,,,
Rock'n 3 (Japan),Rock'n 3,rockn3,rock n 3,1,1,main,main,Rock'n 3,Rock'n 3,SAME,0,,,
Rock'n MegaSession (Japan),Rock'n MegaSession,rocknmegasession,rock n megasession,1,1,main,main,Rock'n MegaSession,Rock'n MegaSession,SAME,0,,,
Rock'n Rage (World),Rock'n Rage,rocknrage,rock n rage,1,1,main,main,Rock 'n Rage,Rock 'n Rage,SAME,0,,,
Rock'n Tread (Japan),Rock'n Tread,rockntread,rock n tread,1,1,main,main,Rock'n Tread,Rock'n Tread,SAME,0,,,
Rock'n Tread 2 (Japan),Rock'n Tread 2,rockntread2,rock n tread 2,1,1,main,main,Rock'n Tread 2,Rock'n Tread 2,SAME,0,,,
Roc'n Rope,Roc'n Rope,rocnrope,roc n rope,1,1,main,main,Roc'n Rope,Roc'n Rope,SAME,0,,,
"Rod-Land (World, set 1)",Rod-Land,rodland,rod land,1,1,main,main,Rod-Land,Rod-Land,SAME,0,,,
Rohga Armor Force (AsiaEurope v5.0),Rohga Armor Force,rohgaarmorforce,rohga armor force,1,1,main,main,Rohga Armor Force,Rohga Armor Force,SAME,0,,,
Roller Aces (set 1),Roller Aces,rolleraces,roller aces,0,0,,,,,SAME,0,,,
Roller Jammer,Roller Jammer,rollerjammer,roller jammer,1,1,main,main,Roller Jammer,Roller Jammer,SAME,0,,,
Rollergames (US),Rollergames,rollergames,rollergames,1,1,main,main,Rollergames,Rollergames,SAME,0,,,
Rolling Crash  Moon Base,Rolling Crash  Moon Base,rollingcrashmoonbase,rolling crash moon base,0,0,,,,,SAME,0,,,
"Rolling Crush (version 1.07.E - 19990211, Trust license)",Rolling Crush,rollingcrush,rolling crush,1,1,main,main,Rolling Crush,Rolling Crush,SAME,0,,,
Rolling Thunder (rev 3),Rolling Thunder,rollingthunder,rolling thunder,1,1,main,main,Rolling Thunder,Rolling Thunder,SAME,0,,,
Rolling Thunder 2,Rolling Thunder 2,rollingthunder2,rolling thunder 2,1,1,main,main,Rolling Thunder 2,Rolling Thunder 2,SAME,0,,,
"Rompers (Japan, new version (Rev B))",Rompers,rompers,rompers,1,1,main,main,Rompers,Rompers,SAME,0,,,
Rootin' Tootin' / La-Pa-Pa (DECO Cassette) (US),Rootin' Tootin' / La-Pa-Pa,rootintootinlapapa,rootin tootin la pa pa,0,0,,,,,SAME,0,,,
Rotary Fighter,Rotary Fighter,rotaryfighter,rotary fighter,1,1,main,main,Rotary Fighter,Rotary Fighter,SAME,0,,,
"Rough Racer (Japan, Floppy Based, FD1094 317-0058-06b)",Rough Racer,roughracer,rough racer,1,1,main,main,Rough Racer,Rough Racer,SAME,0,,,
Rougien,Rougien,rougien,rougien,1,1,main,main,Rougien,Rougien,SAME,0,,,
Round Up 5 - Super Delta Force,Round Up 5 - Super Delta Force,roundup5superdeltaforce,round up 5 super delta force,1,1,main,main,Round Up 5: Super Delta Force,Round Up 5: Super Delta Force,SAME,0,,,
Round-Up,Round-Up,roundup,round up,1,1,main,main,Round-Up,Round-Up,SAME,0,,,
"Route 16 (Sun Electronics, set 1)",Route 16,route16,route 16,1,1,main,main,Route 16,Route 16,SAME,0,,,
R-Shark,R-Shark,rshark,r shark,1,1,main,main,R-Shark,R-Shark,SAME,0,,,
R-Type (World),R-Type,rtype,r type,1,1,main,main,R-Type,R-Type,SAME,0,,,
R-Type II (World),R-Type II,rtype2,r type ii,1,1,main,main,R-Type II,R-Type II,SAME,0,,,
R-Type Leo (World),R-Type Leo,rtypeleo,r type leo,1,1,main,main,R-Type Leo,R-Type Leo,SAME,0,,,
Rumba Lumber (rev 1),Rumba Lumber,rumbalumber,rumba lumber,1,1,main,main,Rumba Lumber,Rumba Lumber,SAME,0,,,
Run and Gun (ver EAA 1993 10.8),Run and Gun,runandgun,run and gun,1,1,main,main,Run and Gun,Run and Gun,SAME,0,,,
Run and Gun (ver EAA 1993 10.8) (dual screen with demux adapter),Run and Gun,runandgun,run and gun,1,1,main,main,Run and Gun,Run and Gun,SAME,0,,,
Run and Gun 2 (ver UAA),Run and Gun 2,runandgun2,run and gun 2,1,1,main,main,Run and Gun 2,Run and Gun 2,SAME,0,,,
Run Deep,Run Deep,rundeep,run deep,0,0,,,,,SAME,0,,,
Run Run Puppy,Run Run Puppy,runrunpuppy,run run puppy,1,1,main,main,Run Run Puppy,Run Run Puppy,SAME,0,,,
"Runaway (Sun Electronics, Japan)",Runaway,runaway,runaway,1,1,main,main,Runaway,Runaway,SAME,0,,,
Rushing Heroes (ver UAB),Rushing Heroes,rushingheroes,rushing heroes,1,1,main,main,Rushing Heroes,Rushing Heroes,SAME,0,,,
Rush'n Attack (US),Rush'n Attack,rushnattack,rush n attack,1,1,main,main,Rush'n Attack,Rush'n Attack,SAME,0,,,
Rygar (US set 1),Rygar,rygar,rygar,1,1,main,main,Rygar,Rygar,SAME,0,,,
"Ryu Jin (Japan, ET910000B PCB)",Ryu Jin,ryujin,ryu jin,1,1,main,main,Ryu Jin,Ryu Jin,SAME,0,,,
"RyuKyu (Rev A, Japan) (FD1094 317-5023A)",RyuKyu,ryukyu,ryukyu,1,1,main,main,RyuKyu,RyuKyu,SAME,0,,,
S.P.Y. - Special Project Y (World ver. N),S.P.Y. - Special Project Y,spyspecialprojecty,s p y special project y,1,1,main,main,S.P.Y.: Special Project Y,S.P.Y.: Special Project Y,SAME,0,,,
S.R.D. Mission,S.R.D. Mission,srdmission,s r d mission,1,1,main,main,S.R.D. Mission,S.R.D. Mission,SAME,0,,,
S.S. Mission,S.S. Mission,ssmission,s s mission,1,1,main,main,S.S. Mission,S.S. Mission,SAME,0,,,
S.T.U.N. Runner (rev 6),S.T.U.N. Runner,stunrunner,s t u n runner,1,1,main,main,S.T.U.N. Runner,S.T.U.N. Runner,SAME,0,,,
Saboten Bombers (set 1),Saboten Bombers,sabotenbombers,saboten bombers,1,1,main,main,Saboten Bombers,Saboten Bombers,SAME,0,,,
"Sadari (Japan, NTC license)",Sadari,sadari,sadari,1,1,main,main,Sadari,Sadari,SAME,0,,,
Safari (set 1),Safari,safari,safari,1,1,main,main,Safari,Safari,SAME,0,,,
Safari Rally (World),Safari Rally,safarirally,safari rally,1,1,main,main,Safari Rally,Safari Rally,SAME,0,,,
Sagaia (dual screen) (World),Sagaia,sagaia,sagaia,1,1,main,main,Sagaia,Sagaia,SAME,0,,,
Saint Dragon (set 1),Saint Dragon,saintdragon,saint dragon,1,1,main,main,Saint Dragon,Saint Dragon,SAME,0,,,
Sakura Taisen - Hanagumi Taisen Columns (J 971007 V1.010),Sakura Taisen - Hanagumi Taisen Columns,sakurataisenhanagumitaisencolumns,sakura taisen hanagumi taisen columns,0,0,,,,,SAME,0,,,
Salamander (version D),Salamander,salamander,salamander,0,0,,,,,SAME,0,,,
Salamander 2 (ver JAA),Salamander 2,salamander2,salamander 2,1,1,main,main,Salamander 2,Salamander 2,SAME,0,,,
Salary Man Champ - Tatakau Salary Man (GCA18 VER. JAA),Salary Man Champ - Tatakau Salary Man,salarymanchamptatakausalaryman,salary man champ tatakau salary man,0,0,,,,,SAME,0,,,
Samurai (World),Samurai,samurai,samurai,1,1,main,main,Samurai,Samurai,SAME,0,,,
Samurai Aces (World),Samurai Aces,samuraiaces,samurai aces,1,1,main,main,Samurai Aces,Samurai Aces,SAME,0,,,
Samurai Nihon-Ichi (rev 1),Samurai Nihon-Ichi,samurainihonichi,samurai nihon ichi,1,1,main,main,Samurai Nihon-Ichi,Samurai Nihon-Ichi,SAME,0,,,
Samurai Shodown II / Shin Samurai Spirits - Haohmaru Jigokuhen (NGM-063 ~ NGH-063),Samurai Shodown II / Shin Samurai Spirits - Haohmaru Jigokuhen,samuraishodown2shinsamuraispiritshaohmarujigokuhen,samurai shodown ii shin samurai spirits haohmaru jigokuhen,0,0,,,,,SAME,0,,,
Samurai Shodown V Special / Samurai Spirits Zero Special (NGM-2720),Samurai Shodown V Special / Samurai Spirits Zero Special,samuraishodownvspecialsamuraispiritszerospecial,samurai shodown v special samurai spirits zero special,0,0,,,,,SAME,0,,,
San Francisco Rush,San Francisco Rush,sanfranciscorush,san francisco rush,0,0,,,,,SAME,0,,,
San Francisco Rush 2049,San Francisco Rush 2049,sanfranciscorush2049,san francisco rush 2049,1,1,main,main,San Francisco Rush 2049,San Francisco Rush 2049,SAME,0,,,
San Francisco Rush 2049 Special Edition,San Francisco Rush 2049 Special Edition,sanfranciscorush2049specialedition,san francisco rush 2049 special edition,1,1,main,main,San Francisco Rush 2049: Special Edition,San Francisco Rush 2049: Special Edition,SAME,0,,,
San Francisco Rush 2049 Tournament Edition,San Francisco Rush 2049 Tournament Edition,sanfranciscorush2049tournamentedition,san francisco rush 2049 tournament edition,1,1,main,main,San Francisco Rush 2049: Tournament Edition,San Francisco Rush 2049: Tournament Edition,SAME,0,,,
"San Francisco Rush The Rock (boot rom L 1.0, GUTS Oct 6 1997  MAIN Oct 16 1997)",San Francisco Rush The Rock,sanfranciscorushtherock,san francisco rush the rock,0,0,,,,,SAME,0,,,
Sand Scorpion,Sand Scorpion,sandscorpion,sand scorpion,1,1,main,main,Sand Scorpion,Sand Scorpion,SAME,0,,,
Sankokushi (Japan),Sankokushi,sankokushi,sankokushi,1,1,main,main,Sankokushi,Sankokushi,SAME,0,,,
SAR - Search And Rescue (World),SAR - Search And Rescue,sarsearchandrescue,sar search and rescue,1,1,main,main,SAR: Search and Rescue,SAR: Search and Rescue,SAME,0,,,
Sarge,Sarge,sarge,sarge,1,1,main,main,Sarge,Sarge,SAME,0,,,
Sasuke vs. Commander,Sasuke vs. Commander,sasukevscommander,sasuke vs commander,1,1,main,main,Sasuke vs. Commander,Sasuke vs. Commander,SAME,0,,,
Satan of Saturn (set 1),Satan of Saturn,satanofsaturn,satan of saturn,0,0,,,,,SAME,0,,,
Satan's Hollow (set 1),Satan's Hollow,satanshollow,satan s hollow,1,1,main,main,Satan's Hollow,Satan's Hollow,SAME,0,,,
Saturn,Saturn,saturn,saturn,1,1,main,main,Saturn,Saturn,SAME,0,,,
Saturn: Space Fighter 3D,Saturn: Space Fighter 3D,saturnspacefighter3d,saturn space fighter 3d,0,0,,,,,SAME,0,,,
Sauro (set 1),Sauro,sauro,sauro,1,1,main,main,Sauro,Sauro,SAME,0,,,
Savage Bees,Savage Bees,savagebees,savage bees,1,1,main,main,Savage Bees,Savage Bees,SAME,0,,,
Schmeiser Robo (Japan),Schmeiser Robo,schmeiserrobo,schmeiser robo,1,1,main,main,Schmeiser Robo,Schmeiser Robo,SAME,0,,,
Scion,Scion,scion,scion,1,1,main,main,Scion,Scion,SAME,0,,,
Scooter Shooter,Scooter Shooter,scootershooter,scooter shooter,1,1,main,main,Scooter Shooter,Scooter Shooter,SAME,0,,,
Scorpion (set 1),Scorpion,scorpion,scorpion,1,1,main,main,Scorpion,Scorpion,SAME,0,,,
Scrabble (rev. F),Scrabble,scrabble,scrabble,1,1,main,main,Scrabble,Scrabble,SAME,0,,,
Scramble,Scramble,scramble,scramble,1,1,main,main,Scramble,Scramble,SAME,0,,,
"Scramble Spirits (World, Floppy Based)",Scramble Spirits,scramblespirits,scramble spirits,1,1,main,main,Scramble Spirits,Scramble Spirits,SAME,0,,,
Scrambled Egg,Scrambled Egg,scrambledegg,scrambled egg,0,0,,,,,SAME,0,,,
Scrum Try (DECO Cassette) (US) (set 1),Scrum Try,scrumtry,scrum try,1,1,main,main,Scrum Try,Scrum Try,SAME,0,,,
Scud Hammer (ver 1.4),Scud Hammer,scudhammer,scud hammer,1,1,main,main,Scud Hammer,Scud Hammer,SAME,0,,,
SD Fighters (Korea),SD Fighters,sdfighters,sd fighters,1,1,main,main,SD Fighters,SD Fighters,SAME,0,,,
SD Gundam Neo Battling (Japan),SD Gundam Neo Battling,sdgundamneobattling,sd gundam neo battling,1,1,main,main,SD Gundam Neo Battling,SD Gundam Neo Battling,SAME,0,,,
SD Gundam Psycho Salamander no Kyoui,SD Gundam Psycho Salamander no Kyoui,sdgundampsychosalamandernokyoui,sd gundam psycho salamander no kyoui,1,1,main,main,SD Gundam Psycho Salamander no Kyoui,SD Gundam Psycho Salamander no Kyoui,SAME,0,,,
SD Gundam Sangokushi Rainbow Tairiku Senki (Japan),SD Gundam Sangokushi Rainbow Tairiku Senki,sdgundamsangokushirainbowtairikusenki,sd gundam sangokushi rainbow tairiku senki,1,1,main,main,SD Gundam Sangokushi Rainbow Tairiku Senki,SD Gundam Sangokushi Rainbow Tairiku Senki,SAME,0,,,
"SDI - Strategic Defense Initiative (Japan, newer, System 16A, FD1089B 317-0027)",SDI - Strategic Defense Initiative,sdistrategicdefenseinitiative,sdi strategic defense initiative,1,1,main,main,SDI: Strategic Defense Initiative,SDI: Strategic Defense Initiative,SAME,0,,,
Sea Bass Fishing (JUET 971110 V0.001),Sea Bass Fishing,seabassfishing,sea bass fishing,1,1,main,main,Sea Bass Fishing,Sea Bass Fishing,SAME,0,,,
Sea Battle,Sea Battle,seabattle,sea battle,1,1,main,main,Sea Battle,Sea Battle,SAME,0,,,
Sea Fighter Poseidon,Sea Fighter Poseidon,seafighterposeidon,sea fighter poseidon,1,1,main,main,Sea Fighter Poseidon,Sea Fighter Poseidon,SAME,0,,,
Sea Hunter Penguin,Sea Hunter Penguin,seahunterpenguin,sea hunter penguin,1,1,main,main,Sea Hunter Penguin,Sea Hunter Penguin,SAME,0,,,
Sea Wolf (set 1),Sea Wolf,seawolf,sea wolf,1,1,main,main,Sea Wolf,Sea Wolf,SAME,0,,,
Sea Wolf II,Sea Wolf II,seawolf2,sea wolf ii,1,1,main,main,Sea Wolf II,Sea Wolf II,SAME,0,,,
Search Eye (English  Korean  Japanese  Italian),Search Eye,searcheye,search eye,1,1,main,main,Search Eye,Search Eye,SAME,0,,,
Search Eye Plus V2.0,Search Eye Plus V2.0,searcheyeplusv20,search eye plus v2 0,1,1,main,main,Search Eye Plus V2.0,Search Eye Plus V2.0,SAME,0,,,
"Secret Agent (World, revision 3)",Secret Agent,secretagent,secret agent,0,0,,,,,SAME,0,,,
Section Z (US),Section Z,sectionz,section z,1,1,main,main,Section-Z,Section-Z,SAME,0,,,
Sector Zone (set 1),Sector Zone,sectorzone,sector zone,0,0,,,,,SAME,0,,,
See See Find Out,See See Find Out,seeseefindout,see see find out,1,1,main,main,See See Find Out,See See Find Out,SAME,0,,,
Sega Ninja (315-5102),Sega Ninja,seganinja,sega ninja,1,1,main,main,Sega Ninja,Sega Ninja,SAME,0,,,
SegaSonic Cosmo Fighter (World),SegaSonic Cosmo Fighter,segasoniccosmofighter,segasonic cosmo fighter,1,0,main,,Sega Sonic Cosmo Fighter,,WORSE,0,,,
SegaSonic Popcorn Shop (Rev B),SegaSonic Popcorn Shop,segasonicpopcornshop,segasonic popcorn shop,1,1,main,main,SegaSonic Popcorn Shop,SegaSonic Popcorn Shop,SAME,0,,,
"SegaSonic The Hedgehog (Japan, rev. C)",SegaSonic The Hedgehog,segasonicthehedgehog,segasonic the hedgehog,1,1,main,main,SegaSonic the Hedgehog,SegaSonic the Hedgehog,SAME,0,,,
Seibu Cup Soccer (set 1),Seibu Cup Soccer,seibucupsoccer,seibu cup soccer,1,1,main,main,Seibu Cup Soccer,Seibu Cup Soccer,SAME,0,,,
Seicross (set 1),Seicross,seicross,seicross,1,1,main,main,Seicross,Seicross,SAME,0,,,
Sel Feena,Sel Feena,selfeena,sel feena,1,1,main,main,Sel Feena,Sel Feena,SAME,0,,,
Sengeki Striker (Asia),Sengeki Striker,sengekistriker,sengeki striker,1,1,main,main,Sengeki Striker,Sengeki Striker,SAME,0,,,
Senjyo,Senjyo,senjyo,senjyo,1,1,main,main,Senjyo,Senjyo,SAME,0,,,
Sen-Know (Japan),Sen-Know,senknow,sen know,1,1,main,main,Sen-Know,Sen-Know,SAME,0,,,
"Senkyu (Japan, newer)",Senkyu,senkyu,senkyu,0,0,,,,,SAME,0,,,
Sexy Boom,Sexy Boom,sexyboom,sexy boom,1,1,main,main,Sexy Boom,Sexy Boom,SAME,0,,,
Sexy Parodius (ver JAA),Sexy Parodius,sexyparodius,sexy parodius,1,1,main,main,Sexy Parodius,Sexy Parodius,SAME,0,,,
SF-HiSplitter (set 1),SF-HiSplitter,sfhisplitter,sf hisplitter,0,0,,,,,SAME,0,,,
SF-X,SF-X,sfx,sf x,0,0,,,,,SAME,0,,,
Shackled (US),Shackled,shackled,shackled,1,1,main,main,Shackled,Shackled,SAME,0,,,
Shadow Dancer (World),Shadow Dancer,shadowdancer,shadow dancer,1,1,main,main,Shadow Dancer,Shadow Dancer,SAME,0,,,
"Shadow Force (World, Version 3)",Shadow Force,shadowforce,shadow force,1,1,main,main,Shadow Force,Shadow Force,SAME,0,,,
"Shadow Warriors (World, set 1)",Shadow Warriors,shadowwarriors,shadow warriors,0,0,,,,,SAME,0,,,
Shadowland (YD3),Shadowland,shadowland,shadowland,1,1,main,main,Shadowland,Shadowland,SAME,0,,,
Shan Liang San He Yi (Flash 3-in-1) (V102 08/23/04 13:03:26),Shan Liang San He Yi,shanliangsanheyi,shan liang san he yi,0,0,,,,,SAME,0,,,
Shanghai - The Great Wall  Shanghai Triple Threat (JUE 950623 V1.005),Shanghai - The Great Wall  Shanghai Triple Threat,shanghaithegreatwallshanghaitriplethreat,shanghai the great wall shanghai triple threat,0,0,,,,,SAME,0,,,
Shanghai (World),Shanghai,shanghai,shanghai,1,1,main,main,Shanghai,Shanghai,SAME,0,,,
"Shanghai II (Japan, set 1)",Shanghai II,shanghai2,shanghai ii,1,1,main,main,Shanghai II,Shanghai II,SAME,0,,,
Shanghai III (World),Shanghai III,shanghai3,shanghai iii,1,1,main,main,Shanghai III,Shanghai III,SAME,0,,,
Shanghai Kid,Shanghai Kid,shanghaikid,shanghai kid,1,1,main,main,Shanghai Kid,Shanghai Kid,SAME,0,,,
Shanghai Matekibuyuu (Japan),Shanghai Matekibuyuu,shanghaimatekibuyuu,shanghai matekibuyuu,1,1,main,main,Shanghai Matekibuyuu,Shanghai Matekibuyuu,SAME,0,,,
Shanghai Sangokuhai Tougi (Ver 2.01J 20020118 182658),Shanghai Sangokuhai Tougi,shanghaisangokuhaitougi,shanghai sangokuhai tougi,1,1,main,main,Shanghai Sangokuhai Tougi,Shanghai Sangokuhai Tougi,SAME,0,,,
Shark Attack,Shark Attack,sharkattack,shark attack,1,1,main,main,Shark Attack,Shark Attack,SAME,0,,,
Sharpshooter (Rev 1.9),Sharpshooter,sharpshooter,sharpshooter,1,1,main,main,Sharpshooter,Sharpshooter,SAME,0,,,
Sheriff,Sheriff,sheriff,sheriff,1,1,main,main,Sheriff,Sheriff,SAME,0,,,
Shienryu (JUET 961226 V1.000),Shienryu,shienryu,shienryu,1,1,main,main,Shienryu,Shienryu,SAME,0,,,
Shikigami no Shiro (V2.03J 20010807 1811),Shikigami no Shiro,shikigaminoshiro,shikigami no shiro,1,1,main,main,Shikigami no Shiro,Shikigami no Shiro,SAME,0,,,
"Shingen Samurai-Fighter (Japan, English)",Shingen Samurai-Fighter,shingensamuraifighter,shingen samurai fighter,1,1,main,main,Shingen Samurai-Fighter,Shingen Samurai-Fighter,SAME,0,,,
"Shinobi (set 6, System 16A) (unprotected)",Shinobi,shinobi,shinobi,1,1,main,main,Shinobi,Shinobi,SAME,0,,,
"Shinobi (set 6, System 16B) (unprotected)",Shinobi,shinobi,shinobi,1,1,main,main,Shinobi,Shinobi,SAME,0,,,
Shinobi III (Mega Play),Shinobi III,shinobi3,shinobi iii,1,1,main,main,Shinobi III,Shinobi III,SAME,0,,,
Shocking,Shocking,shocking,shocking,1,1,main,main,Shocking,Shocking,SAME,0,,,
Shogun Warriors (World),Shogun Warriors,shogunwarriors,shogun warriors,1,1,main,main,Shogun Warriors,Shogun Warriors,SAME,0,,,
Shoot Out (US),Shoot Out,shootout,shoot out,1,0,main,,Shootout,,WORSE,0,,,
Shoot the Bull,Shoot the Bull,shootthebull,shoot the bull,1,1,main,main,Shoot the Bull,Shoot the Bull,SAME,0,,,
Shooting Gallery,Shooting Gallery,shootinggallery,shooting gallery,1,1,main,main,Shooting Gallery,Shooting Gallery,SAME,0,,,
Shooting Master (8751 315-5159a),Shooting Master,shootingmaster,shooting master,1,1,main,main,Shooting Master,Shooting Master,SAME,0,,,
Shot Rider,Shot Rider,shotrider,shot rider,1,1,main,main,Shot Rider,Shot Rider,SAME,0,,,
Shuffleboard,Shuffleboard,shuffleboard,shuffleboard,1,1,main,main,Shuffleboard,Shuffleboard,SAME,0,,,
Shuffleshot (v1.40),Shuffleshot,shuffleshot,shuffleshot,1,1,main,main,Shuffleshot,Shuffleshot,SAME,0,,,
Shuriken Boy,Shuriken Boy,shurikenboy,shuriken boy,1,1,main,main,Shuriken Boy,Shuriken Boy,SAME,0,,,
Shuttle Invader,Shuttle Invader,shuttleinvader,shuttle invader,1,1,main,main,Shuttle Invader,Shuttle Invader,SAME,0,,,
Shuuz (version 8.0),Shuuz,shuuz,shuuz,1,1,main,main,Shuuz,Shuuz,SAME,0,,,
"Side Arms - Hyper Dyne (World, 861129)",Side Arms - Hyper Dyne,sidearmshyperdyne,side arms hyper dyne,0,0,,,,,SAME,0,,,
Side by Side (Ver 3.0 OK),Side by Side,sidebyside,side by side,1,1,main,main,Side by Side,Side by Side,SAME,0,,,
Side by Side 2 (Ver 2.6 OK),Side by Side 2,sidebyside2,side by side 2,1,1,main,main,Side by Side 2,Side by Side 2,SAME,0,,,
Side Pocket (World),Side Pocket,sidepocket,side pocket,1,1,main,main,Side Pocket,Side Pocket,SAME,0,,,
Side Trak,Side Trak,sidetrak,side trak,1,1,main,main,Side Trak,Side Trak,SAME,0,,,
"Sidewinder (Arcadia, set 1, V 2.1)",Sidewinder,sidewinder,sidewinder,1,1,main,main,Sidewinder,Sidewinder,SAME,0,,,
Silent Dragon (World),Silent Dragon,silentdragon,silent dragon,1,1,main,main,Silent Dragon,Silent Dragon,SAME,0,,,
Silk Worm (World),Silk Worm,silkworm,silk worm,1,1,main,main,Silk Worm,Silk Worm,SAME,0,,,
Silver Millennium,Silver Millennium,silvermillennium,silver millennium,1,1,main,main,Silver Millennium,Silver Millennium,SAME,0,,,
Sindbad Mystery,Sindbad Mystery,sindbadmystery,sindbad mystery,1,1,main,main,Sindbad Mystery,Sindbad Mystery,SAME,0,,,
"Sinistar (revision 3, upright)",Sinistar,sinistar,sinistar,1,1,main,main,Sinistar,Sinistar,SAME,0,,,
Skater (DECO Cassette) (Japan),Skater,skater,skater,1,1,main,main,Skater,Skater,SAME,0,,,
Skelagon,Skelagon,skelagon,skelagon,1,1,main,main,Skelagon,Skelagon,SAME,0,,,
Skimaxx,Skimaxx,skimaxx,skimaxx,1,1,main,main,Skimaxx,Skimaxx,SAME,0,,,
Skull &amp;amp;amp;amp; Crossbones (rev 5),Skull &amp;amp;amp;amp; Crossbones,skullampampampampcrossbones,skull amp amp amp amp crossbones,0,0,,,,,SAME,0,,,
Skull Fang (Europe 1.13),Skull Fang,skullfang,skull fang,1,1,main,main,Skull Fang,Skull Fang,SAME,0,,,
Sky Adventure (World),Sky Adventure,skyadventure,sky adventure,1,1,main,main,Sky Adventure,Sky Adventure,SAME,0,,,
Sky Alert,Sky Alert,skyalert,sky alert,1,1,main,main,Sky Alert,Sky Alert,SAME,0,,,
Sky Army,Sky Army,skyarmy,sky army,1,1,main,main,Sky Army,Sky Army,SAME,0,,,
Sky Base,Sky Base,skybase,sky base,1,1,main,main,Sky Base,Sky Base,SAME,0,,,
Sky Bumper,Sky Bumper,skybumper,sky bumper,1,1,main,main,Sky Bumper,Sky Bumper,SAME,0,,,
Sky Challenger (J 000406 V1.000),Sky Challenger,skychallenger,sky challenger,1,1,main,main,Sky Challenger,Sky Challenger,SAME,0,,,
Sky Chuter,Sky Chuter,skychuter,sky chuter,1,1,main,main,Sky Chuter,Sky Chuter,SAME,0,,,
Sky Destroyer (Japan),Sky Destroyer,skydestroyer,sky destroyer,1,1,main,main,Sky Destroyer,Sky Destroyer,SAME,0,,,
Sky Diver,Sky Diver,skydiver,sky diver,1,0,main,,Skydiver,,WORSE,0,,,
Sky Fox,Sky Fox,skyfox,sky fox,1,1,main,main,Sky Fox,Sky Fox,SAME,0,,,
Sky Kid (new version),Sky Kid,skykid,sky kid,1,1,main,main,Sky Kid,Sky Kid,SAME,0,,,
Sky Kid Deluxe (set 1),Sky Kid Deluxe,skykiddeluxe,sky kid deluxe,1,1,main,main,Sky Kid Deluxe,Sky Kid Deluxe,SAME,0,,,
Sky Lancer,Sky Lancer,skylancer,sky lancer,1,1,main,main,Sky Lancer,Sky Lancer,SAME,0,,,
Sky Love,Sky Love,skylove,sky love,1,1,main,main,Sky Love,Sky Love,SAME,0,,,
Sky Raider,Sky Raider,skyraider,sky raider,1,1,main,main,Sky Raider,Sky Raider,SAME,0,,,
Sky Robo,Sky Robo,skyrobo,sky robo,1,1,main,main,Sky Robo,Sky Robo,SAME,0,,,
"Sky Shark (US, set 1)",Sky Shark,skyshark,sky shark,1,1,main,main,Sky Shark,Sky Shark,SAME,0,,,
Sky Skipper,Sky Skipper,skyskipper,sky skipper,1,1,main,main,Sky Skipper,Sky Skipper,SAME,0,,,
Sky Smasher,Sky Smasher,skysmasher,sky smasher,1,1,main,main,Sky Smasher,Sky Smasher,SAME,0,,,
Sky Soldiers (US),Sky Soldiers,skysoldiers,sky soldiers,1,1,main,main,Sky Soldiers,Sky Soldiers,SAME,0,,,
Slam Dunk 2 (ver JAA),Slam Dunk 2,slamdunk2,slam dunk 2,0,0,,,,,SAME,0,,,
"Slap Fight (A77 set, 8606M PCB)",Slap Fight,slapfight,slap fight,0,0,,,,,SAME,0,,,
Slap Shooter,Slap Shooter,slapshooter,slap shooter,1,1,main,main,Slap Shooter,Slap Shooter,SAME,0,,,
Slap Shot (Ver 3.0 O),Slap Shot,slapshot,slap shot,1,1,main,main,Slap Shot,Slap Shot,SAME,0,,,
Slime Kun,Slime Kun,slimekun,slime kun,0,0,,,,,SAME,0,,,
Slip Stream (Brazil 950515),Slip Stream,slipstream,slip stream,1,0,main,,Slipstream,,WORSE,0,,,
Slither (set 1),Slither,slither,slither,1,1,main,main,Slither,Slither,SAME,0,,,
Sliver (set 1),Sliver,sliver,sliver,1,1,main,main,Sliver,Sliver,SAME,0,,,
"Sly Spy (US, revision 4)",Sly Spy,slyspy,sly spy,1,1,main,main,Sly Spy,Sly Spy,SAME,0,,,
Smash T.V. (rev 8.00),Smash T.V.,smashtv,smash t v,1,1,main,main,Smash T.V.,Smash T.V.,SAME,0,,,
Snacks'n Jaxson,Snacks'n Jaxson,snacksnjaxson,snacks n jaxson,1,1,main,main,Snacks'n Jaxson,Snacks'n Jaxson,SAME,0,,,
Snake Pit,Snake Pit,snakepit,snake pit,1,1,main,main,Snake Pit,Snake Pit,SAME,0,,,
Snap Jack,Snap Jack,snapjack,snap jack,1,1,main,main,Snap Jack,Snap Jack,SAME,0,,,
Snapper (Korea),Snapper,snapper,snapper,1,1,main,main,Snapper,Snapper,SAME,0,,,
Snow Board Championship (Version 2.1),Snow Board Championship,snowboardchampionship,snow board championship,1,1,main,main,Snow Board Championship,Snow Board Championship,SAME,0,,,
Snow Bros. - Nick &amp;amp;amp;amp; Tom (set 1),Snow Bros. - Nick &amp;amp;amp;amp; Tom,snowbrosnickampampampamptom,snow bros nick amp amp amp amp tom,0,0,,,,,SAME,0,,,
Snow Bros. 2 - With New Elves / Otenki Paradise (Hanafram),Snow Bros. 2 - With New Elves / Otenki Paradise,snowbros2withnewelvesotenkiparadise,snow bros 2 with new elves otenki paradise,0,0,,,,,SAME,0,,,
Snow Brothers 3 - Magical Adventure,Snow Brothers 3 - Magical Adventure,snowbrothers3magicaladventure,snow brothers 3 magical adventure,1,1,main,main,Snow Brothers 3: Magical Adventure,Snow Brothers 3: Magical Adventure,SAME,0,,,
Soccer Superstars (ver AAA),Soccer Superstars,soccersuperstars,soccer superstars,1,1,main,main,Soccer Superstars,Soccer Superstars,SAME,0,,,
Soccer Superstars (ver EAC),Soccer Superstars,soccersuperstars,soccer superstars,1,1,main,main,Soccer Superstars,Soccer Superstars,SAME,0,,,
Sokonuke Taisen Game (Japan),Sokonuke Taisen Game,sokonuketaisengame,sokonuke taisen game,1,1,main,main,Sokonuke Taisen Game,Sokonuke Taisen Game,SAME,0,,,
Sol Divide - The Sword Of Darkness,Sol Divide - The Sword Of Darkness,soldividetheswordofdarkness,sol divide the sword of darkness,0,0,,,,,SAME,0,,,
Solar Assault (ver UAA),Solar Assault,solarassault,solar assault,1,1,main,main,Solar Assault,Solar Assault,SAME,0,,,
Solar Fox (upright),Solar Fox,solarfox,solar fox,1,1,main,main,Solar Fox,Solar Fox,SAME,0,,,
Solar Quest (rev 10 8 81),Solar Quest,solarquest,solar quest,1,1,main,main,Solar Quest,Solar Quest,SAME,0,,,
Solar War,Solar War,solarwar,solar war,1,1,main,main,Solar War,Solar War,SAME,0,,,
Solar-Warrior (US),Solar-Warrior,solarwarrior,solar warrior,1,1,main,main,Solar Warrior,Solar Warrior,SAME,0,,,
Soldam,Soldam,soldam,soldam,1,1,main,main,Soldam,Soldam,SAME,0,,,
Soldier Girl Amazon,Soldier Girl Amazon,soldiergirlamazon,soldier girl amazon,1,1,main,main,Soldier Girl Amazon,Soldier Girl Amazon,SAME,0,,,
Solitary Fighter (World),Solitary Fighter,solitaryfighter,solitary fighter,1,1,main,main,Solitary Fighter,Solitary Fighter,SAME,0,,,
Solite Spirits,Solite Spirits,solitespirits,solite spirits,0,0,,,,,SAME,0,,,
Solomon's Key (US),Solomon's Key,solomonskey,solomon s key,1,1,main,main,Solomon's Key,Solomon's Key,SAME,0,,,
"Solvalou (SV1, Japan)",Solvalou,solvalou,solvalou,1,1,main,main,Solvalou,Solvalou,SAME,0,,,
Son Son,Son Son,sonson,son son,1,1,main,main,Son Son,Son Son,SAME,0,,,
Sonic Boom (FD1094 317-0053),Sonic Boom,sonicboom,sonic boom,1,1,main,main,Sonic Boom,Sonic Boom,SAME,0,,,
Sonic The Hedgehog (Mega Play),Sonic The Hedgehog,sonicthehedgehog,sonic the hedgehog,1,1,main,main,Sonic the Hedgehog,Sonic the Hedgehog,SAME,0,,,
Sonic The Hedgehog 2 (Mega Play),Sonic The Hedgehog 2,sonicthehedgehog2,sonic the hedgehog 2,1,1,main,main,Sonic the Hedgehog 2,Sonic the Hedgehog 2,SAME,0,,,
Sonic Wings Limited (Japan),Sonic Wings Limited,sonicwingslimited,sonic wings limited,0,0,,,,,SAME,0,,,
Sorcer Striker,Sorcer Striker,sorcerstriker,sorcer striker,1,1,main,main,Sorcer Striker,Sorcer Striker,SAME,0,,,
Soreike! Anpanman Popcorn Koujou (Rev B),Soreike! Anpanman Popcorn Koujou,soreikeanpanmanpopcornkoujou,soreike anpanman popcorn koujou,0,0,,,,,SAME,0,,,
SOS Game,SOS Game,sosgame,sos game,0,0,,,,,SAME,0,,,
Sotsugyo Shousho (Japan),Sotsugyo Shousho,sotsugyoshousho,sotsugyo shousho,1,1,main,main,Sotsugyo Shousho,Sotsugyo Shousho,SAME,0,,,
Soukyugurentai / Terra Diver (JUET 960821 V1.000),Soukyugurentai / Terra Diver,soukyugurentaiterradiver,soukyugurentai terra diver,0,0,,,,,SAME,0,,,
"Soul Edge (US, SO3VER.A)",Soul Edge,souledge,soul edge,1,1,main,main,Soul Edge,Soul Edge,SAME,0,,,
Space Attack (upright set 1),Space Attack,spaceattack,space attack,1,1,main,main,Space Attack,Space Attack,SAME,0,,,
"Space Battle (Hoei, set 1)",Space Battle,spacebattle,space battle,0,0,,,,,SAME,0,,,
Space Beam,Space Beam,spacebeam,space beam,1,1,main,main,Space Beam,Space Beam,SAME,0,,,
Space Bomber (ver. B),Space Bomber,spacebomber,space bomber,1,1,main,main,Space Bomber,Space Bomber,SAME,0,,,
Space Chaser (set 1),Space Chaser,spacechaser,space chaser,1,1,main,main,Space Chaser,Space Chaser,SAME,0,,,
Space Cruiser,Space Cruiser,spacecruiser,space cruiser,1,1,main,main,Space Cruiser,Space Cruiser,SAME,0,,,
Space Cyclone (Japan),Space Cyclone,spacecyclone,space cyclone,1,1,main,main,Space Cyclone,Space Cyclone,SAME,0,,,
Space Demon,Space Demon,spacedemon,space demon,1,1,main,main,Space Demon,Space Demon,SAME,0,,,
Space Duel (version 2),Space Duel,spaceduel,space duel,1,1,main,main,Space Duel,Space Duel,SAME,0,,,
Space Dungeon,Space Dungeon,spacedungeon,space dungeon,1,1,main,main,Space Dungeon,Space Dungeon,SAME,0,,,
Space Encounters,Space Encounters,spaceencounters,space encounters,1,1,main,main,Space Encounters,Space Encounters,SAME,0,,,
Space Fever (new version),Space Fever,spacefever,space fever,1,1,main,main,Space Fever,Space Fever,SAME,0,,,
Space Fighter Mark II (set 1),Space Fighter Mark II,spacefightermark2,space fighter mark ii,1,1,main,main,Space Fighter Mark II,Space Fighter Mark II,SAME,0,,,
Space Firebird (rev. 04-u),Space Firebird,spacefirebird,space firebird,1,1,main,main,Space Firebird,Space Firebird,SAME,0,,,
Space Force (set 1),Space Force,spaceforce,space force,1,1,main,main,Space Force,Space Force,SAME,0,,,
Space Fortress (CVS),Space Fortress,spacefortress,space fortress,1,1,main,main,Space Fortress,Space Fortress,SAME,0,,,
Space Fury (revision C),Space Fury,spacefury,space fury,1,1,main,main,Space Fury,Space Fury,SAME,0,,,
Space Guerrilla,Space Guerrilla,spaceguerrilla,space guerrilla,1,1,main,main,Space Guerrilla,Space Guerrilla,SAME,0,,,
Space Gun (World),Space Gun,spacegun,space gun,1,1,main,main,Space Gun,Space Gun,SAME,0,,,
"Space Harrier (Rev A, 8751 315-5163A)",Space Harrier,spaceharrier,space harrier,1,1,main,main,Space Harrier,Space Harrier,SAME,0,,,
Space Intruder,Space Intruder,spaceintruder,space intruder,1,1,main,main,Space Intruder,Space Intruder,SAME,0,,,
Space Invaders / Qix Silver Anniversary Edition (Ver. 2.03),Space Invaders / Qix Silver Anniversary Edition,spaceinvadersqixsilveranniversaryedition,space invaders qix silver anniversary edition,1,1,main,main,Space Invaders: Qix Silver Anniversary Edition,Space Invaders: Qix Silver Anniversary Edition,SAME,0,,,
Space Invaders / Space Invaders M,Space Invaders / Space Invaders M,spaceinvadersspaceinvadersm,space invaders space invaders m,0,0,,,,,SAME,0,,,
Space Invaders '95 The Attack Of Lunar Loonies (Ver 2.5O 19950614),Space Invaders '95 The Attack Of Lunar Loonies,spaceinvaders95theattackoflunarloonies,space invaders 95 the attack of lunar loonies,1,1,main,main,Space Invaders '95: The Attack of Lunar Loonies,Space Invaders '95: The Attack of Lunar Loonies,SAME,0,,,
Space Invaders Deluxe,Space Invaders Deluxe,spaceinvadersdeluxe,space invaders deluxe,0,0,,,,,SAME,0,,,
"Space Invaders DX (US, v2.1)",Space Invaders DX,spaceinvadersdx,space invaders dx,1,1,main,main,Space Invaders DX,Space Invaders DX,SAME,0,,,
"Space Invaders II (Midway, cocktail)",Space Invaders II,spaceinvaders2,space invaders ii,1,1,main,main,Space Invaders II,Space Invaders II,SAME,0,,,
Space Invaders Multigame (M8.03D),Space Invaders Multigame,spaceinvadersmultigame,space invaders multigame,1,1,main,main,Space Invaders Multigame,Space Invaders Multigame,SAME,0,,,
"Space Invaders Part II (Taito, bigger ROMs)",Space Invaders Part II,spaceinvaderspart2,space invaders part ii,1,1,main,main,Space Invaders Part II,Space Invaders Part II,SAME,0,,,
Space Invasion (Europe),Space Invasion,spaceinvasion,space invasion,0,0,,,,,SAME,0,,,
Space King,Space King,spaceking,space king,1,1,main,main,Space King,Space King,SAME,0,,,
Space King 2,Space King 2,spaceking2,space king 2,1,1,main,main,Space King 2,Space King 2,SAME,0,,,
Space Launcher,Space Launcher,spacelauncher,space launcher,1,1,main,main,Space Launcher,Space Launcher,SAME,0,,,
Space Lords (rev C),Space Lords,spacelords,space lords,1,1,main,main,Space Lords,Space Lords,SAME,0,,,
Space Odyssey (version 2),Space Odyssey,spaceodyssey,space odyssey,1,1,main,main,Space Odyssey,Space Odyssey,SAME,0,,,
Space Panic (version E),Space Panic,spacepanic,space panic,1,1,main,main,Space Panic,Space Panic,SAME,0,,,
Space Pokan,Space Pokan,spacepokan,space pokan,0,0,,,,,SAME,0,,,
Space Position (Japan),Space Position,spaceposition,space position,1,1,main,main,Space Position,Space Position,SAME,0,,,
Space Raider,Space Raider,spaceraider,space raider,1,1,main,main,Space Raider,Space Raider,SAME,0,,,
"Space Ranger (Arcadia, V 2.0)",Space Ranger,spaceranger,space ranger,1,1,main,main,Space Ranger,Space Ranger,SAME,0,,,
Space Seeker,Space Seeker,spaceseeker,space seeker,1,1,main,main,Space Seeker,Space Seeker,SAME,0,,,
Space Stranger,Space Stranger,spacestranger,space stranger,1,1,main,main,Space Stranger,Space Stranger,SAME,0,,,
Space Tactics,Space Tactics,spacetactics,space tactics,1,1,main,main,Space Tactics,Space Tactics,SAME,0,,,
Space Trek (upright),Space Trek,spacetrek,space trek,1,1,main,main,Space Trek,Space Trek,SAME,0,,,
Space Walk,Space Walk,spacewalk,space walk,1,1,main,main,Space Walk,Space Walk,SAME,0,,,
Space War (Leijac Corporation),Space War,spacewar,space war,0,0,,,,,SAME,0,,,
Space War (Sanritsu),Space War,spacewar,space war,0,0,,,,,SAME,0,,,
Space Wars,Space Wars,spacewars,space wars,1,1,main,main,Space Wars,Space Wars,SAME,0,,,
Space Zap (Midway),Space Zap,spacezap,space zap,1,1,main,main,Space Zap,Space Zap,SAME,0,,,
"Spark Man (v2.0, set 1)",Spark Man,sparkman,spark man,1,1,main,main,Spark Man,Spark Man,SAME,0,,,
Spatter (315-5096),Spatter,spatter,spatter,1,1,main,main,Spatter,Spatter,SAME,0,,,
Speak &amp;amp;amp;amp; Rescue,Speak &amp;amp;amp;amp; Rescue,speakampampampamprescue,speak amp amp amp amp rescue,0,0,,,,,SAME,0,,,
Special Criminal Investigation (World set 1),Special Criminal Investigation,specialcriminalinvestigation,special criminal investigation,1,1,main,main,Special Criminal Investigation,Special Criminal Investigation,SAME,0,,,
Special Forces - Kung Fu Commando,Special Forces - Kung Fu Commando,specialforceskungfucommando,special forces kung fu commando,1,1,main,main,Special Forces: Kung Fu Commando,Special Forces: Kung Fu Commando,SAME,0,,,
Special Forces II,Special Forces II,specialforces2,special forces ii,1,1,main,main,Special Forces II,Special Forces II,SAME,0,,,
Spectar (revision 3),Spectar,spectar,spectar,1,1,main,main,Spectar,Spectar,SAME,0,,,
"Spectrum 2000 (horizontal, buggy) (Europe)",Spectrum 2000,spectrum2000,spectrum 2000,1,1,main,main,Spectrum 2000,Spectrum 2000,SAME,0,,,
"Spectrum 2000 (vertical, Korea)",Spectrum 2000,spectrum2000,spectrum 2000,1,1,main,main,Spectrum 2000,Spectrum 2000,SAME,0,,,
Speed Ball (set 1),Speed Ball,speedball,speed ball,1,1,main,main,Speed Ball,Speed Ball,SAME,0,,,
Speed Freak,Speed Freak,speedfreak,speed freak,1,1,main,main,Speed Freak,Speed Freak,SAME,0,,,
Speed Race (Seletron  Olympia),Speed Race,speedrace,speed race,1,1,main,main,Speed Race,Speed Race,SAME,0,,,
Speed Racer,Speed Racer,speedracer,speed racer,0,0,,,,,SAME,0,,,
Speed Spin,Speed Spin,speedspin,speed spin,1,1,main,main,Speed Spin,Speed Spin,SAME,0,,,
Speed Up (version 2.20),Speed Up,speedup,speed up,1,1,main,main,Speed Up,Speed Up,SAME,0,,,
Spelunker,Spelunker,spelunker,spelunker,1,1,main,main,Spelunker,Spelunker,SAME,0,,,
Spelunker II - 23 no Kagi (Japan),Spelunker II - 23 no Kagi,spelunker223nokagi,spelunker ii 23 no kagi,1,1,main,main,Spelunker II: 23 no Kagi,Spelunker II: 23 no Kagi,SAME,0,,,
"Spider (Buena Vision, without nudity)",Spider,spider,spider,1,1,main,main,Spider,Spider,SAME,0,,,
Spider-Man: The Videogame (World),Spider-Man: The Videogame,spidermanthevideogame,spider man the videogame,1,0,main,,Spider-Man: The Video Game,,WORSE,0,,,
Spiders (set 1),Spiders,spiders,spiders,1,1,main,main,Spiders,Spiders,SAME,0,,,
Spiker (6986),Spiker,spiker,spiker,1,1,main,main,Spiker,Spiker,SAME,0,,,
Spinal Breakers (World),Spinal Breakers,spinalbreakers,spinal breakers,1,1,main,main,Spinal Breakers,Spinal Breakers,SAME,0,,,
Splash! (Ver. 1.2 World),Splash!,splash,splash,1,1,main,main,Splash!,Splash!,SAME,0,,,
Splat!,Splat!,splat,splat,1,1,main,main,Splat!,Splat!,SAME,0,,,
"Splatter House (World, new version (SH3))",Splatter House,splatterhouse,splatter house,1,0,main,,Splatterhouse,,WORSE,0,,,
Splendor Blast (set 1),Splendor Blast,splendorblast,splendor blast,1,1,main,main,Splendor Blast,Splendor Blast,SAME,0,,,
Splendor Blast II,Splendor Blast II,splendorblast2,splendor blast ii,1,1,main,main,Splendor Blast II,Splendor Blast II,SAME,0,,,
Sports Match,Sports Match,sportsmatch,sports match,1,1,main,main,Sports Match,Sports Match,SAME,0,,,
"SportStation: NBA Showtime NBA on NBC Gold Edition (ver 3.0, Feb 18 2000) / NFL Blitz 2000 Gold Edition",SportStation: NBA Showtime NBA on NBC Gold Edition / NFL Blitz 2000 Gold Edition,sportstationnbashowtimenbaonnbcgoldeditionnflblitz2000goldedition,sportstation nba showtime nba on nbc gold edition nfl blitz 2000 gold edition,0,0,,,,,SAME,0,,,
"SportTime Bowling (Arcadia, V 2.1)",SportTime Bowling,sporttimebowling,sporttime bowling,1,1,main,main,SportTime Bowling,SportTime Bowling,SAME,0,,,
"SportTime Table Hockey (Arcadia, set 1, V 2.1)",SportTime Table Hockey,sporttimetablehockey,sporttime table hockey,1,1,main,main,SportTime Table Hockey,SportTime Table Hockey,SAME,0,,,
"Spot (Arcadia, V 2.0)",Spot,spot,spot,1,1,main,main,Spot,Spot,SAME,0,,,
Springer,Springer,springer,springer,1,1,main,main,Springer,Springer,SAME,0,,,
Sprint 1,Sprint 1,sprint1,sprint 1,0,0,,,,,SAME,0,,,
Sprint 2 (set 1),Sprint 2,sprint2,sprint 2,1,1,main,main,Sprint 2,Sprint 2,SAME,0,,,
Sprint 4 (Rev 03),Sprint 4,sprint4,sprint 4,1,1,main,main,Sprint 4,Sprint 4,SAME,0,,,
Sprint 8,Sprint 8,sprint8,sprint 8,1,1,main,main,Sprint 8,Sprint 8,SAME,0,,,
Spy Hunter,Spy Hunter,spyhunter,spy hunter,1,1,main,main,Spy Hunter,Spy Hunter,SAME,0,,,
Spy Hunter II (rev 2),Spy Hunter II,spyhunter2,spy hunter ii,1,1,main,main,Spy Hunter II,Spy Hunter II,SAME,0,,,
Squash (Itisa),Squash,squash,squash,1,1,main,main,Squash,Squash,SAME,0,,,
"Squash (ver. 1.0, checksum 015aef61)",Squash,squash,squash,1,1,main,main,Squash,Squash,SAME,0,,,
SRD Super Real Darwin (World),SRD Super Real Darwin,srdsuperrealdarwin,srd super real darwin,1,1,main,main,SRD: Super Real Darwin,SRD: Super Real Darwin,SAME,0,,,
Stack Columns (World),Stack Columns,stackcolumns,stack columns,1,1,main,main,Stack Columns,Stack Columns,SAME,0,,,
Stadium Cross (World),Stadium Cross,stadiumcross,stadium cross,1,1,main,main,Stadium Cross,Stadium Cross,SAME,0,,,
"Stadium Cross (World, linkable)",Stadium Cross,stadiumcross,stadium cross,1,1,main,main,Stadium Cross,Stadium Cross,SAME,0,,,
Stadium Hero (Japan),Stadium Hero,stadiumhero,stadium hero,1,1,main,main,Stadium Hero,Stadium Hero,SAME,0,,,
"Stadium Hero '96 (Europe, EAJ, Tuning license)",Stadium Hero '96,stadiumhero96,stadium hero 96,1,1,main,main,Stadium Hero '96,Stadium Hero '96,SAME,0,,,
Stagger I (Japan),Stagger I,staggeri,stagger i,0,0,,,,,SAME,0,,,
Star Castle (version 3),Star Castle,starcastle,star castle,1,1,main,main,Star Castle,Star Castle,SAME,0,,,
Star Cruiser,Star Cruiser,starcruiser,star cruiser,1,1,main,main,Star Cruiser,Star Cruiser,SAME,0,,,
Star Fighter (v1),Star Fighter,starfighter,star fighter,1,1,main,main,Star Fighter,Star Fighter,SAME,0,,,
Star Fire (set 1),Star Fire,starfire,star fire,1,1,main,main,Star Fire,Star Fire,SAME,0,,,
Star Fire 2,Star Fire 2,starfire2,star fire 2,1,1,main,main,Star Fire 2,Star Fire 2,SAME,0,,,
Star Force,Star Force,starforce,star force,0,0,,,,,SAME,0,,,
Star Gladiator Episode I Final Crusade (USA 960627),Star Gladiator Episode I Final Crusade,stargladiatorepisodeifinalcrusade,star gladiator episode i final crusade,1,1,main,main,Star Gladiator Episode I: Final Crusade,Star Gladiator Episode I: Final Crusade,SAME,0,,,
Star Guards,Star Guards,starguards,star guards,1,1,main,main,Star Guards,Star Guards,SAME,0,,,
Star Jacker (Sega),Star Jacker,starjacker,star jacker,1,1,main,main,Star Jacker,Star Jacker,SAME,0,,,
Star Jacker (Stern Electronics),Star Jacker,starjacker,star jacker,1,1,main,main,Star Jacker,Star Jacker,SAME,0,,,
Star Raker,Star Raker,starraker,star raker,1,1,main,main,Star Raker,Star Raker,SAME,0,,,
Star Soldier Vanishing Earth,Star Soldier Vanishing Earth,starsoldiervanishingearth,star soldier vanishing earth,1,1,main,main,Star Soldier: Vanishing Earth,Star Soldier: Vanishing Earth,SAME,0,,,
Star Trek,Star Trek,startrek,star trek,0,0,,,,,SAME,0,,,
Star Wars (set 1),Star Wars,starwars,star wars,1,1,main,main,Star Wars,Star Wars,SAME,0,,,
Star Wars Arcade (US),Star Wars Arcade,starwarsarcade,star wars arcade,1,1,main,main,Star Wars Arcade,Star Wars Arcade,SAME,0,,,
"Starblade (ST2, World)",Starblade,starblade,starblade,1,1,main,main,StarBlade,StarBlade,SAME,0,,,
Stargate,Stargate,stargate,stargate,1,1,main,main,Stargate,Stargate,SAME,0,,,
Starhawk,Starhawk,starhawk,starhawk,1,1,main,main,Starhawk,Starhawk,SAME,0,,,
Starship 1,Starship 1,starship1,starship 1,1,1,main,main,Starship 1,Starship 1,SAME,0,,,
Steal See,Steal See,stealsee,steal see,1,1,main,main,Steal See,Steal See,SAME,0,,,
Steel Force,Steel Force,steelforce,steel force,1,1,main,main,Steel Force,Steel Force,SAME,0,,,
Steel Gunner (Rev B),Steel Gunner,steelgunner,steel gunner,1,1,main,main,Steel Gunner,Steel Gunner,SAME,0,,,
Steel Gunner 2 (US),Steel Gunner 2,steelgunner2,steel gunner 2,1,1,main,main,Steel Gunner 2,Steel Gunner 2,SAME,0,,,
Steel Talons (rev 2),Steel Talons,steeltalons,steel talons,1,1,main,main,Steel Talons,Steel Talons,SAME,0,,,
Steel Worker,Steel Worker,steelworker,steel worker,1,1,main,main,Steel Worker,Steel Worker,SAME,0,,,
Steep Slope Sliders (JUET 981110 V1.000),Steep Slope Sliders,steepslopesliders,steep slope sliders,1,1,main,main,Steep Slope Sliders,Steep Slope Sliders,SAME,0,,,
Steering Champ (GQ710 97/12/18 VER. UAA),Steering Champ,steeringchamp,steering champ,1,1,main,main,Steering Champ,Steering Champ,SAME,0,,,
Step Champ (GQ930 VER. JA),Step Champ,stepchamp,step champ,1,1,main,main,Step Champ,Step Champ,SAME,0,,,
Stinger,Stinger,stinger,stinger,1,1,main,main,Stinger,Stinger,SAME,0,,,
Stocker (31985),Stocker,stocker,stocker,1,1,main,main,Stocker,Stocker,SAME,0,,,
Stompin' (4486),Stompin',stompin,stompin,1,1,main,main,Stompin',Stompin',SAME,0,,,
"Stone Ball (4 Players, v1-20 13121994)",Stone Ball,stoneball,stone ball,1,1,main,main,Stone Ball,Stone Ball,SAME,0,,,
Storm Blade (US),Storm Blade,stormblade,storm blade,1,1,main,main,Storm Blade,Storm Blade,SAME,0,,,
Straight Flush,Straight Flush,straightflush,straight flush,1,1,main,main,Straight Flush,Straight Flush,SAME,0,,,
Strata Bowling (V3),Strata Bowling,stratabowling,strata bowling,1,1,main,main,Strata Bowling,Strata Bowling,SAME,0,,,
Strategy X,Strategy X,strategyx,strategy x,1,1,main,main,Strategy X,Strategy X,SAME,0,,,
Streaking (set 1),Streaking,streaking,streaking,1,1,main,main,Streaking,Streaking,SAME,0,,,
Street Fight (Germany),Street Fight,streetfight,street fight,0,0,,,,,SAME,0,,,
"Street Fighter (US, set 1)",Street Fighter,streetfighter,street fighter,1,1,main,main,Street Fighter,Street Fighter,SAME,0,,,
Street Fighter EX (Europe 961219),Street Fighter EX,streetfighterex,street fighter ex,1,1,main,main,Street Fighter EX,Street Fighter EX,SAME,0,,,
Street Fighter EX Plus (USA 970407),Street Fighter EX Plus,streetfighterexplus,street fighter ex plus,1,1,main,main,Street Fighter EX Plus,Street Fighter EX Plus,SAME,0,,,
Street Fighter EX2 (Europe 980312),Street Fighter EX2,streetfighterex2,street fighter ex2,1,1,main,main,Street Fighter EX2,Street Fighter EX2,SAME,0,,,
Street Fighter EX2 Plus (Europe 990611),Street Fighter EX2 Plus,streetfighterex2plus,street fighter ex2 plus,1,1,main,main,Street Fighter EX2 Plus,Street Fighter EX2 Plus,SAME,0,,,
Street Fighter: The Movie (v1.12),Street Fighter: The Movie,streetfighterthemovie,street fighter the movie,1,1,main,main,Street Fighter: The Movie,Street Fighter: The Movie,SAME,0,,,
Street Football (111286),Street Football,streetfootball,street football,1,1,main,main,Street Football,Street Football,SAME,0,,,
"Street Heat (set 1, newer)",Street Heat,streetheat,street heat,1,1,main,main,Street Heat,Street Heat,SAME,0,,,
Street Smart (US version 2),Street Smart,streetsmart,street smart,1,1,main,main,Street Smart,Street Smart,SAME,0,,,
Streets of Rage II (Mega Play),Streets of Rage II,streetsofrage2,streets of rage ii,1,0,main,,Streets of Rage 2,,WORSE,0,,,
Strength &amp;amp;amp;amp; Skill,Strength &amp;amp;amp;amp; Skill,strengthampampampampskill,strength amp amp amp amp skill,0,0,,,,,SAME,0,,,
"Strider (USA, B-Board 89624B-2)",Strider,strider,strider,1,1,main,main,Strider,Strider,SAME,0,,,
Strider 2 (Europe 991213),Strider 2,strider2,strider 2,1,1,main,main,Strider 2,Strider 2,SAME,0,,,
Strike Bowling,Strike Bowling,strikebowling,strike bowling,1,1,main,main,Strike Bowling,Strike Bowling,SAME,0,,,
Strike Fighter (World),Strike Fighter,strikefighter,strike fighter,1,1,main,main,Strike Fighter,Strike Fighter,SAME,0,,,
Strike Force (rev 1 022591),Strike Force,strikeforce,strike force,1,1,main,main,Strike Force,Strike Force,SAME,0,,,
Strike Gunner S.T.G,Strike Gunner S.T.G,strikegunnerstg,strike gunner s t g,1,1,main,main,Strike Gunner S.T.G,Strike Gunner S.T.G,SAME,0,,,
Strike Zone Baseball,Strike Zone Baseball,strikezonebaseball,strike zone baseball,1,1,main,main,Strike Zone Baseball,Strike Zone Baseball,SAME,0,,,
Strikers 1945 (World),Strikers 1945,strikers1945,strikers 1945,1,1,main,main,Strikers 1945,Strikers 1945,SAME,0,,,
Strikers 1945 II,Strikers 1945 II,strikers19452,strikers 1945 ii,1,1,main,main,Strikers 1945 II,Strikers 1945 II,SAME,0,,,
Strikers 1945 III (World)  Strikers 1999 (Japan),Strikers 1945 III  Strikers 1999,strikers19453strikers1999,strikers 1945 iii strikers 1999,0,0,,,,,SAME,0,,,
Stunt Air,Stunt Air,stuntair,stunt air,1,1,main,main,Stunt Air,Stunt Air,SAME,0,,,
Submarine (Sigma),Submarine,submarine,submarine,1,1,main,main,Submarine,Submarine,SAME,0,,,
Subroc-3D,Subroc-3D,subroc3d,subroc 3d,1,1,main,main,Subroc-3D,Subroc-3D,SAME,0,,,
Subs,Subs,subs,subs,1,1,main,main,Subs,Subs,SAME,0,,,
Success Joe (World),Success Joe,successjoe,success joe,1,1,main,main,Success Joe,Success Joe,SAME,0,,,
Suiko Enbu / Outlaws of the Lost Dynasty (JUETL 950314 V2.001),Suiko Enbu / Outlaws of the Lost Dynasty,suikoenbuoutlawsofthelostdynasty,suiko enbu outlaws of the lost dynasty,0,0,,,,,SAME,0,,,
Sundance,Sundance,sundance,sundance,1,1,main,main,Sundance,Sundance,SAME,0,,,
Sunset Riders (2 Players ver ABD),Sunset Riders,sunsetriders,sunset riders,1,1,main,main,Sunset Riders,Sunset Riders,SAME,0,,,
Sunset Riders (4 Players ver EAC),Sunset Riders,sunsetriders,sunset riders,1,1,main,main,Sunset Riders,Sunset Riders,SAME,0,,,
Super Astro Fighter (DECO Cassette) (US),Super Astro Fighter,superastrofighter,super astro fighter,1,1,main,main,Super Astro Fighter,Super Astro Fighter,SAME,0,,,
Super Bagman (version 5),Super Bagman,superbagman,super bagman,1,1,main,main,Super Bagman,Super Bagman,SAME,0,,,
Super Bar,Super Bar,superbar,super bar,1,1,main,main,Super Bar,Super Bar,SAME,0,,,
Super Baseball Double Play Home Run Derby,Super Baseball Double Play Home Run Derby,superbaseballdoubleplayhomerunderby,super baseball double play home run derby,1,1,main,main,Super Baseball Double Play Home Run Derby,Super Baseball Double Play Home Run Derby,SAME,0,,,
"Super Basketball (version I, encrypted)",Super Basketball,superbasketball,super basketball,1,1,main,main,Super Basketball,Super Basketball,SAME,0,,,
"Super Bishi Bashi Champ (ver JAA, 2 Players)",Super Bishi Bashi Champ,superbishibashichamp,super bishi bashi champ,0,0,,,,,SAME,0,,,
"Super Bishi Bashi Champ (ver KAA, 3 Players)",Super Bishi Bashi Champ,superbishibashichamp,super bishi bashi champ,0,0,,,,,SAME,0,,,
Super Breakout (rev 04),Super Breakout,superbreakout,super breakout,1,1,main,main,Super Breakout,Super Breakout,SAME,0,,,
"Super Bubble 2003 (World, Ver 1.0)",Super Bubble 2003,superbubble2003,super bubble 2003,1,1,main,main,Super Bubble 2003,Super Bubble 2003,SAME,0,,,
Super Bug,Super Bug,superbug,super bug,1,1,main,main,Super Bug,Super Bug,SAME,0,,,
"Super Burger Time (World, set 1)",Super Burger Time,superburgertime,super burger time,1,1,main,main,Super Burger Time,Super Burger Time,SAME,0,,,
Super Buster Bros. (USA 901001),Super Buster Bros.,superbusterbros,super buster bros,1,1,main,main,Super Buster Bros.,Super Buster Bros.,SAME,0,,,
Super Champion Baseball (US),Super Champion Baseball,superchampionbaseball,super champion baseball,1,1,main,main,Super Champion Baseball,Super Champion Baseball,SAME,0,,,
Super Chase - Criminal Termination (World),Super Chase - Criminal Termination,superchasecriminaltermination,super chase criminal termination,1,1,main,main,Super Chase: Criminal Termination,Super Chase: Criminal Termination,SAME,0,,,
Super Chick,Super Chick,superchick,super chick,0,0,,,,,SAME,0,,,
Super Cobra,Super Cobra,supercobra,super cobra,1,1,main,main,Super Cobra,Super Cobra,SAME,0,,,
Super Contra (set 1),Super Contra,supercontra,super contra,1,1,main,main,Super Contra,Super Contra,SAME,0,,,
"Super Cross II (Japan, set 1)",Super Cross II,supercross2,super cross ii,1,1,main,main,Super Cross II,Super Cross II,SAME,0,,,
Super Crowns Golf (World),Super Crowns Golf,supercrownsgolf,super crowns golf,1,1,main,main,Super Crowns Golf,Super Crowns Golf,SAME,0,,,
Super Dead Heat (World),Super Dead Heat,superdeadheat,super dead heat,1,1,main,main,Super Dead Heat,Super Dead Heat,SAME,0,,,
Super Dodge Ball (US),Super Dodge Ball,superdodgeball,super dodge ball,1,1,main,main,Super Dodge Ball,Super Dodge Ball,SAME,0,,,
Super Doubles Tennis,Super Doubles Tennis,superdoublestennis,super doubles tennis,1,1,main,main,Super Doubles Tennis,Super Doubles Tennis,SAME,0,,,
Super Doubles Tennis (DECO Cassette) (Japan),Super Doubles Tennis,superdoublestennis,super doubles tennis,1,1,main,main,Super Doubles Tennis,Super Doubles Tennis,SAME,0,,,
Super Duck,Super Duck,superduck,super duck,1,1,main,main,Super Duck,Super Duck,SAME,0,,,
Super Eagle Shot,Super Eagle Shot,supereagleshot,super eagle shot,1,1,main,main,Super Eagle Shot,Super Eagle Shot,SAME,0,,,
Super Football Champ (Ver 2.5O),Super Football Champ,superfootballchamp,super football champ,1,1,main,main,Super Football Champ,Super Football Champ,SAME,0,,,
Super Free Kick (set 1),Super Free Kick,superfreekick,super free kick,1,1,main,main,Super Free Kick,Super Free Kick,SAME,0,,,
Super Glob,Super Glob,superglob,super glob,0,0,,,,,SAME,0,,,
Super Hang-On (sitdown/upright) (unprotected),Super Hang-On,superhangon,super hang on,1,1,main,main,Super Hang-On,Super Hang-On,SAME,0,,,
Super High Impact (rev LA1 093091),Super High Impact,superhighimpact,super high impact,1,1,main,main,Super High Impact,Super High Impact,SAME,0,,,
Super League (FD1094 317-0045),Super League,superleague,super league,0,0,,,,,SAME,0,,,
Super Locomotive (Rev.A),Super Locomotive,superlocomotive,super locomotive,1,1,main,main,Super Locomotive,Super Locomotive,SAME,0,,,
Super Lup Lup Puzzle / Zhuan Zhuan Puzzle (version 4.0 / 990518),Super Lup Lup Puzzle / Zhuan Zhuan Puzzle,superlupluppuzzlezhuanzhuanpuzzle,super lup lup puzzle zhuan zhuan puzzle,0,0,,,,,SAME,0,,,
Super Major League (U 960108 V1.000),Super Major League,supermajorleague,super major league,1,1,main,main,Super Major League,Super Major League,SAME,0,,,
Super Mario World - Mario Undoukai,Super Mario World - Mario Undoukai,supermarioworldmarioundoukai,super mario world mario undoukai,1,1,main,main,Super Mario World: Mario Undoukai,Super Mario World: Mario Undoukai,SAME,0,,,
"Super Masters Golf (World, Floppy Based, FD1094 317-0058-05d)",Super Masters Golf,supermastersgolf,super masters golf,1,1,main,main,Super Masters Golf,Super Masters Golf,SAME,0,,,
Super Miss World,Super Miss World,supermissworld,super miss world,1,1,main,main,Super Miss World,Super Miss World,SAME,0,,,
Super Missile Attack (for rev 1),Super Missile Attack,supermissileattack,super missile attack,1,1,main,main,Super Missile Attack,Super Missile Attack,SAME,0,,,
Super Model,Super Model,supermodel,super model,1,1,main,main,Super Model,Super Model,SAME,0,,,
Super Model II,Super Model II,supermodel2,super model ii,1,1,main,main,Super Model II,Super Model II,SAME,0,,,
"Super Monaco GP (World, Rev B) (FD1094 317-0126a)",Super Monaco GP,supermonacogp,super monaco gp,1,1,main,main,Super Monaco GP,Super Monaco GP,SAME,0,,,
Super Mouse,Super Mouse,supermouse,super mouse,0,0,,,,,SAME,0,,,
Super Pac-Man,Super Pac-Man,superpacman,super pac man,1,1,main,main,Super Pac-Man,Super Pac-Man,SAME,0,,,
Super Pang (World 900914),Super Pang,superpang,super pang,0,0,,,,,SAME,0,,,
Super Pinball Action (US),Super Pinball Action,superpinballaction,super pinball action,1,1,main,main,Super Pinball Action,Super Pinball Action,SAME,0,,,
Super Pool III (English),Super Pool III,superpool3,super pool iii,1,1,main,main,Super Pool III,Super Pool III,SAME,0,,,
Super Punch-Out!! (Rev B),Super Punch-Out!!,superpunchout,super punch out,1,1,main,main,Super Punch-Out!!,Super Punch-Out!!,SAME,0,,,
Super Puzzle Bobble (V2.05O 1999224 1800),Super Puzzle Bobble,superpuzzlebobble,super puzzle bobble,1,1,main,main,Super Puzzle Bobble,Super Puzzle Bobble,SAME,0,,,
"Super Qix (WorldJapan, V1.2)",Super Qix,superqix,super qix,1,1,main,main,Super Qix,Super Qix,SAME,0,,,
Super Ranger (v2.0),Super Ranger,superranger,super ranger,0,0,,,,,SAME,0,,,
Super Rider,Super Rider,superrider,super rider,1,1,main,main,Super Rider,Super Rider,SAME,0,,,
Super Shanghai Dragon's Eye (World),Super Shanghai Dragon's Eye,supershanghaidragonseye,super shanghai dragon s eye,1,1,main,main,Super Shanghai Dragon's Eye,Super Shanghai Dragon's Eye,SAME,0,,,
Super Shot (set 1),Super Shot,supershot,super shot,1,1,main,main,Super Shot,Super Shot,SAME,0,,,
Super Slam (set 1),Super Slam,superslam,super slam,1,1,main,main,Super Slam,Super Slam,SAME,0,,,
"Super Space Invaders '91 (World, revised code, Rev 1)",Super Space Invaders '91,superspaceinvaders91,super space invaders 91,0,0,,,,,SAME,0,,,
Super Spacefortress Macross  Chou-Jikuu Yousai Macross,Super Spacefortress Macross  Chou-Jikuu Yousai Macross,superspacefortressmacrosschoujikuuyousaimacross,super spacefortress macross chou jikuu yousai macross,0,0,,,,,SAME,0,,,
Super Spacefortress Macross II  Chou-Jikuu Yousai Macross II,Super Spacefortress Macross II  Chou-Jikuu Yousai Macross II,superspacefortressmacross2choujikuuyousaimacross2,super spacefortress macross ii chou jikuu yousai macross ii,0,0,,,,,SAME,0,,,
Super Special Criminal Investigation (Negro Torino hack),Super Special Criminal Investigation,superspecialcriminalinvestigation,super special criminal investigation,1,1,main,main,Super Special Criminal Investigation,Super Special Criminal Investigation,SAME,0,,,
Super Speed Race,Super Speed Race,superspeedrace,super speed race,1,1,main,main,Super Speed Race,Super Speed Race,SAME,0,,,
Super Speed Race Junior (Japan),Super Speed Race Junior,superspeedracejunior,super speed race junior,0,0,,,,,SAME,0,,,
Super Sprint (rev 4),Super Sprint,supersprint,super sprint,1,1,main,main,Super Sprint,Super Sprint,SAME,0,,,
Super Stingray (Japan),Super Stingray,superstingray,super stingray,1,1,main,main,Super Stingray,Super Stingray,SAME,0,,,
Super Tank,Super Tank,supertank,super tank,1,1,main,main,Super Tank,Super Tank,SAME,0,,,
Super Toffy,Super Toffy,supertoffy,super toffy,1,1,main,main,Super Toffy,Super Toffy,SAME,0,,,
Super Trio,Super Trio,supertrio,super trio,1,1,main,main,Super Trio,Super Trio,SAME,0,,,
Super Triv (English questions),Super Triv,supertriv,super triv,0,0,,,,,SAME,0,,,
Super Visual Football European Sega Cup (Rev A),Super Visual Football European Sega Cup,supervisualfootballeuropeansegacup,super visual football european sega cup,0,0,,,,,SAME,0,,,
"Super Visual Soccer Sega Cup (US, Rev A)",Super Visual Soccer Sega Cup,supervisualsoccersegacup,super visual soccer sega cup,1,1,main,main,Super Visual Soccer: Sega Cup,Super Visual Soccer: Sega Cup,SAME,0,,,
Super Volleyball (Japan),Super Volleyball,supervolleyball,super volleyball,1,0,main,,Super Volley Ball,,WORSE,0,,,
Super Wing,Super Wing,superwing,super wing,1,1,main,main,Super Wing,Super Wing,SAME,0,,,
Super World Court (World),Super World Court,superworldcourt,super world court,1,1,main,main,Super World Court,Super World Court,SAME,0,,,
Super World Stadium (Japan),Super World Stadium,superworldstadium,super world stadium,1,1,main,main,Super World Stadium,Super World Stadium,SAME,0,,,
Super World Stadium '92 (Japan),Super World Stadium '92,superworldstadium92,super world stadium 92,1,1,main,main,Super World Stadium '92,Super World Stadium '92,SAME,0,,,
Super World Stadium '93 (Japan),Super World Stadium '93,superworldstadium93,super world stadium 93,1,1,main,main,Super World Stadium '93,Super World Stadium '93,SAME,0,,,
Super World Stadium '95 (Japan),Super World Stadium '95,superworldstadium95,super world stadium 95,1,1,main,main,Super World Stadium '95,Super World Stadium '95,SAME,0,,,
Super World Stadium '96 (Japan),Super World Stadium '96,superworldstadium96,super world stadium 96,1,1,main,main,Super World Stadium '96,Super World Stadium '96,SAME,0,,,
Super World Stadium '97 (Japan),Super World Stadium '97,superworldstadium97,super world stadium 97,1,1,main,main,Super World Stadium '97,Super World Stadium '97,SAME,0,,,
Super Xevious,Super Xevious,superxevious,super xevious,1,1,main,main,Super Xevious,Super Xevious,SAME,0,,,
Super Zaxxon (315-5013),Super Zaxxon,superzaxxon,super zaxxon,1,1,main,main,Super Zaxxon,Super Zaxxon,SAME,0,,,
Superbike,Superbike,superbike,superbike,1,1,main,main,Superbike,Superbike,SAME,0,,,
Superior Soldiers (US),Superior Soldiers,superiorsoldiers,superior soldiers,1,1,main,main,Superior Soldiers,Superior Soldiers,SAME,0,,,
Superman (World),Superman,superman,superman,1,1,main,main,Superman,Superman,SAME,0,,,
Super-X (NTC),Super-X,superx,super x,1,1,main,main,Super-X,Super-X,SAME,0,,,
Surf Planet (version 4.1),Surf Planet,surfplanet,surf planet,1,1,main,main,Surf Planet,Surf Planet,SAME,0,,,
Surprise Attack (World ver. K),Surprise Attack,surpriseattack,surprise attack,1,1,main,main,Surprise Attack,Surprise Attack,SAME,0,,,
Survival,Survival,survival,survival,1,1,main,main,Survival,Survival,SAME,0,,,
Survival Arts (World),Survival Arts,survivalarts,survival arts,1,1,main,main,Survival Arts,Survival Arts,SAME,0,,,
Susume! Mile Smile / Go Go! Mile Smile (newer),Susume! Mile Smile / Go Go! Mile Smile,susumemilesmilegogomilesmile,susume mile smile go go mile smile,0,0,,,,,SAME,0,,,
"Suzuka 8 Hours (World, Rev C)",Suzuka 8 Hours,suzuka8hours,suzuka 8 hours,1,1,main,main,Suzuka 8 Hours,Suzuka 8 Hours,SAME,0,,,
"Suzuka 8 Hours 2 (World, Rev B)",Suzuka 8 Hours 2,suzuka8hours2,suzuka 8 hours 2,1,1,main,main,Suzuka 8 Hours 2,Suzuka 8 Hours 2,SAME,0,,,
SWAT (315-5048),SWAT,swat,swat,1,1,main,main,SWAT,SWAT,SAME,0,,,
SWAT Police,SWAT Police,swatpolice,swat police,1,1,main,main,SWAT Police,SWAT Police,SAME,0,,,
Swimmer (set 1),Swimmer,swimmer,swimmer,1,1,main,main,Swimmer,Swimmer,SAME,0,,,
Swinging Singles (US),Swinging Singles,swingingsingles,swinging singles,1,1,main,main,Swinging Singles,Swinging Singles,SAME,0,,,
Syusse Oozumou (Japan),Syusse Oozumou,syusseoozumou,syusse oozumou,1,1,main,main,Syusse Oozumou,Syusse Oozumou,SAME,0,,,
Syvalion (Japan),Syvalion,syvalion,syvalion,1,1,main,main,Syvalion,Syvalion,SAME,0,,,
T.N.K III (US),T.N.K III,tnk3,t n k iii,1,1,main,main,T.N.K III,T.N.K III,SAME,0,,,
T.T Spacian Part-2,T.T Spacian Part-2,ttspacianpart2,t t spacian part 2,0,0,,,,,SAME,0,,,
Table Tennis Champions,Table Tennis Champions,tabletennischampions,table tennis champions,1,1,main,main,Table Tennis Champions,Table Tennis Champions,SAME,0,,,
Tac/Scan,Tac/Scan,tacscan,tac scan,1,1,main,main,Tac/Scan,Tac/Scan,SAME,0,,,
Tactician (set 1),Tactician,tactician,tactician,1,1,main,main,Tactician,Tactician,SAME,0,,,
Tag Team Wrestling,Tag Team Wrestling,tagteamwrestling,tag team wrestling,1,1,main,main,Tag Team Wrestling,Tag Team Wrestling,SAME,0,,,
Tail to Nose - Great Championship / Super Formula,Tail to Nose - Great Championship / Super Formula,tailtonosegreatchampionshipsuperformula,tail to nose great championship super formula,0,0,,,,,SAME,0,,,
Tailgunner,Tailgunner,tailgunner,tailgunner,1,1,main,main,TailGunner,TailGunner,SAME,0,,,
Taisen Tanto-R Sashissu!! (J 980216 V1.000),Taisen Tanto-R Sashissu!!,taisentantorsashissu,taisen tanto r sashissu,1,1,main,main,Taisen Tanto-R Sashissu!!,Taisen Tanto-R Sashissu!!,SAME,0,,,
Taisen Tokkae-dama (ver JAA),Taisen Tokkae-dama,taisentokkaedama,taisen tokkae dama,1,1,main,main,Taisen Tokkae-Dama,Taisen Tokkae-Dama,SAME,0,,,
Talbot,Talbot,talbot,talbot,1,1,main,main,Talbot,Talbot,SAME,0,,,
"Tang Tang (ver. 0526, 26052000)",Tang Tang,tangtang,tang tang,1,1,main,main,Tang Tang,Tang Tang,SAME,0,,,
Tangram Q,Tangram Q,tangramq,tangram q,1,1,main,main,Tangram Q,Tangram Q,SAME,0,,,
Tank 8 (set 1),Tank 8,tank8,tank 8,1,1,main,main,Tank 8,Tank 8,SAME,0,,,
Tank Battalion,Tank Battalion,tankbattalion,tank battalion,1,1,main,main,Tank Battalion,Tank Battalion,SAME,0,,,
Tank Busters,Tank Busters,tankbusters,tank busters,1,1,main,main,Tank Busters,Tank Busters,SAME,0,,,
"Tank Force (US, 2 Players)",Tank Force,tankforce,tank force,1,1,main,main,Tank Force,Tank Force,SAME,0,,,
"Tank Force (US, 4 Players)",Tank Force,tankforce,tank force,1,1,main,main,Tank Force,Tank Force,SAME,0,,,
Tao Taido (2 button version),Tao Taido,taotaido,tao taido,1,0,main,,Ta•o Taido,,WORSE,0,,,
"Tapper (Budweiser, 12784)",Tapper,tapper,tapper,1,1,main,main,Tapper,Tapper,SAME,0,,,
Tapper (Root Beer),Tapper,tapper,tapper,1,1,main,main,Tapper,Tapper,SAME,0,,,
Tapper (Suntory),Tapper,tapper,tapper,1,1,main,main,Tapper,Tapper,SAME,0,,,
Targ,Targ,targ,targ,1,1,main,main,Targ,Targ,SAME,0,,,
Target Ball '96,Target Ball '96,targetball96,target ball 96,1,1,main,main,Target Ball '96,Target Ball '96,SAME,0,,,
"Target Hits (ver 1.1, Checksum 5152)",Target Hits,targethits,target hits,1,1,main,main,Target Hits,Target Hits,SAME,0,,,
Task Force Harrier,Task Force Harrier,taskforceharrier,task force harrier,1,1,main,main,Task Force Harrier,Task Force Harrier,SAME,0,,,
Taxi Driver,Taxi Driver,taxidriver,taxi driver,1,1,main,main,Taxi Driver,Taxi Driver,SAME,0,,,
Tazz-Mania (set 1),Tazz-Mania,tazzmania,tazz mania,1,1,main,main,Tazz-Mania,Tazz-Mania,SAME,0,,,
Team Hat Trick (111684),Team Hat Trick,teamhattrick,team hat trick,1,1,main,main,Team Hat Trick,Team Hat Trick,SAME,0,,,
Tech Romancer (Europe 980914),Tech Romancer,techromancer,tech romancer,1,1,main,main,Tech Romancer,Tech Romancer,SAME,0,,,
Technical Bowling (J 971212 V1.000),Technical Bowling,technicalbowling,technical bowling,1,1,main,main,Technical Bowling,Technical Bowling,SAME,0,,,
"Tecmo Bowl (World, set 1)",Tecmo Bowl,tecmobowl,tecmo bowl,1,1,main,main,Tecmo Bowl,Tecmo Bowl,SAME,0,,,
Tecmo World Cup (Mega Play),Tecmo World Cup,tecmoworldcup,tecmo world cup,1,1,main,main,Tecmo World Cup,Tecmo World Cup,SAME,0,,,
Tecmo World Cup '90 (World set 1),Tecmo World Cup '90,tecmoworldcup90,tecmo world cup 90,1,1,main,main,Tecmo World Cup '90,Tecmo World Cup '90,SAME,0,,,
Tecmo World Cup '94 (set 1),Tecmo World Cup '94,tecmoworldcup94,tecmo world cup 94,1,1,main,main,Tecmo World Cup '94,Tecmo World Cup '94,SAME,0,,,
Tecmo World Cup '98 (JUET 980410 V1.000),Tecmo World Cup '98,tecmoworldcup98,tecmo world cup 98,1,1,main,main,Tecmo World Cup '98,Tecmo World Cup '98,SAME,0,,,
Tecmo World Cup Millennium (Japan),Tecmo World Cup Millennium,tecmoworldcupmillennium,tecmo world cup millennium,1,1,main,main,Tecmo World Cup Millennium,Tecmo World Cup Millennium,SAME,0,,,
"TeddyBoy Blues (315-5115, New Ver.)",TeddyBoy Blues,teddyboyblues,teddyboy blues,1,1,main,main,TeddyBoy Blues,TeddyBoy Blues,SAME,0,,,
Tee'd Off (World),Tee'd Off,teedoff,tee d off,1,1,main,main,Tee'd Off,Tee'd Off,SAME,0,,,
Teenage Mutant Hero Turtles - Turtles in Time (2 Players ver EBA),Teenage Mutant Hero Turtles - Turtles in Time,teenagemutantheroturtlesturtlesintime,teenage mutant hero turtles turtles in time,0,0,,,,,SAME,0,,,
"Teenage Mutant Hero Turtles (UK 2 Players, version U)",Teenage Mutant Hero Turtles,teenagemutantheroturtles,teenage mutant hero turtles,0,0,,,,,SAME,0,,,
Teenage Mutant Ninja Turtles - Turtles in Time (4 Players ver UAA),Teenage Mutant Ninja Turtles - Turtles in Time,teenagemutantninjaturtlesturtlesintime,teenage mutant ninja turtles turtles in time,1,1,main,main,Teenage Mutant Ninja Turtles: Turtles in Time,Teenage Mutant Ninja Turtles: Turtles in Time,SAME,0,,,
"Teenage Mutant Ninja Turtles (World 4 Players, version X)",Teenage Mutant Ninja Turtles,teenagemutantninjaturtles,teenage mutant ninja turtles,1,1,main,main,Teenage Mutant Ninja Turtles,Teenage Mutant Ninja Turtles,SAME,0,,,
Tehkan World Cup (set 1),Tehkan World Cup,tehkanworldcup,tehkan world cup,1,1,main,main,Tehkan World Cup,Tehkan World Cup,SAME,0,,,
Teki Paki,Teki Paki,tekipaki,teki paki,1,1,main,main,Teki Paki,Teki Paki,SAME,0,,,
"Tekken 2 (US, TES3VER.A)",Tekken 2,tekken2,tekken 2,1,1,main,main,Tekken 2,Tekken 2,SAME,0,,,
Tel Jan,Tel Jan,teljan,tel jan,1,1,main,main,Tel Jan,Tel Jan,SAME,0,,,
"Tempest (rev 3, Revised Hardware)",Tempest,tempest,tempest,1,1,main,main,Tempest,Tempest,SAME,0,,,
Ten Spot,Ten Spot,tenspot,ten spot,1,1,main,main,Ten Spot,Ten Spot,SAME,0,,,
Tengai (World),Tengai,tengai,tengai,1,1,main,main,Tengai,Tengai,SAME,0,,,
Teraburst (19980717 ver UEL),Teraburst,teraburst,teraburst,1,1,main,main,Teraburst,Teraburst,SAME,0,,,
Terminator 2 - Judgment Day (rev LA4 08/03/92),Terminator 2 - Judgment Day,terminator2judgmentday,terminator 2 judgment day,1,1,main,main,Terminator 2: Judgment Day,Terminator 2: Judgment Day,SAME,0,,,
Terra Cresta (YM3526 set 1),Terra Cresta,terracresta,terra cresta,1,1,main,main,Terra Cresta,Terra Cresta,SAME,0,,,
Terra Force,Terra Force,terraforce,terra force,1,1,main,main,Terra Force,Terra Force,SAME,0,,,
Terranean (DECO Cassette) (US),Terranean,terranean,terranean,1,1,main,main,Terranean,Terranean,SAME,0,,,
Tetris (set 1),Tetris,tetris,tetris,0,0,,,,,SAME,0,,,
"Tetris (set 4, Japan, System 16A) (FD1094 317-0093)",Tetris,tetris,tetris,0,0,,,,,SAME,0,,,
Tetris Fighters,Tetris Fighters,tetrisfighters,tetris fighters,1,1,main,main,Tetris Fighters,Tetris Fighters,SAME,0,,,
Tetris Plus (ver 1.0),Tetris Plus,tetrisplus,tetris plus,1,1,main,main,Tetris Plus,Tetris Plus,SAME,0,,,
"Tetris Plus 2 (World, V2.8)",Tetris Plus 2,tetrisplus2,tetris plus 2,1,1,main,main,Tetris Plus 2,Tetris Plus 2,SAME,0,,,
Tetris The Grand Master (Japan 980710),Tetris The Grand Master,tetristhegrandmaster,tetris the grand master,1,1,main,main,Tetris: The Grand Master,Tetris: The Grand Master,SAME,0,,,
Tetris: The Absolute - The Grand Master 2,Tetris: The Absolute - The Grand Master 2,tetristheabsolutethegrandmaster2,tetris the absolute the grand master 2,1,1,main,main,Tetris the Absolute: The Grand Master 2,Tetris the Absolute: The Grand Master 2,SAME,0,,,
"TH Strikes Back (Non North America, Version 1.0, Checksum 020E0867)",TH Strikes Back,thstrikesback,th strikes back,1,1,main,main,TH Strikes Back,TH Strikes Back,SAME,0,,,
Thayer's Quest (set 1),Thayer's Quest,thayersquest,thayer s quest,1,1,main,main,Thayer's Quest,Thayer's Quest,SAME,0,,,
The Adventures of Robby Roto!,The Adventures of Robby Roto!,adventuresofrobbyroto,adventures of robby roto,1,1,main,main,The Adventures of Robby Roto!,The Adventures of Robby Roto!,SAME,0,,,
The Amazing Adventures of Mr. F. Lea,The Amazing Adventures of Mr. F. Lea,amazingadventuresofmrflea,amazing adventures of mr f lea,0,0,,,,,SAME,0,,,
The Astyanax (EPROM version),The Astyanax,astyanax,astyanax,1,1,main,main,Astyanax,Astyanax,SAME,0,,,
The Battle-Road,The Battle-Road,battleroad,battle road,1,1,main,main,The Battle-Road,The Battle-Road,SAME,0,,,
The Berenstain Bears in Bigpaw's Cave,The Berenstain Bears in Bigpaw's Cave,berenstainbearsinbigpawscave,berenstain bears in bigpaw s cave,1,0,main,,The Berenstain Bears in Big Paw's Cave,,WORSE,0,,,
The Berlin Wall,The Berlin Wall,berlinwall,berlin wall,1,1,main,main,The Berlin Wall,The Berlin Wall,SAME,0,,,
The Big Pro Wrestling! (set 1),The Big Pro Wrestling!,bigprowrestling,big pro wrestling,1,1,main,main,The Big Pro Wrestling!,The Big Pro Wrestling!,SAME,0,,,
The Block Kuzushi (Japan),The Block Kuzushi,blockkuzushi,block kuzushi,1,1,main,main,The Block Kuzushi,The Block Kuzushi,SAME,0,,,
The Bounty (set 1),The Bounty,bounty,bounty,1,1,main,main,The Bounty,The Bounty,SAME,0,,,
The Burning Cavern (310387),The Burning Cavern,burningcavern,burning cavern,1,1,main,main,The Burning Cavern,The Burning Cavern,SAME,0,,,
The Cliffhanger - Edward Randy (World ver 3),The Cliffhanger - Edward Randy,cliffhangeredwardrandy,cliffhanger edward randy,1,1,main,main,The Cliffhanger: Edward Randy,The Cliffhanger: Edward Randy,SAME,0,,,
"The Combatribes (US, rev 2, set 1)",The Combatribes,combatribes,combatribes,1,1,main,main,The Combatribes,The Combatribes,SAME,0,,,
The Crystal of Kings,The Crystal of Kings,crystalofkings,crystal of kings,1,1,main,main,The Crystal of Kings,The Crystal of Kings,SAME,0,,,
The Deep (Japan),The Deep,deep,deep,1,1,main,main,The Deep,The Deep,SAME,0,,,
The Destroyer From Jail (Korea),The Destroyer From Jail,destroyerfromjail,destroyer from jail,1,1,main,main,The Destroyer from Jail,The Destroyer from Jail,SAME,0,,,
"The Double Dynamites (Japan, 13NOV89)",The Double Dynamites,doubledynamites,double dynamites,1,1,main,main,Double Dynamites,Double Dynamites,SAME,0,,,
The Electric Yo-Yo (rev 1),The Electric Yo-Yo,electricyoyo,electric yo yo,1,1,main,main,The Electric Yo-Yo,The Electric Yo-Yo,SAME,0,,,
The Empire Strikes Back,The Empire Strikes Back,empirestrikesback,empire strikes back,0,0,,,,,SAME,0,,,
The End,The End,end,end,1,1,main,main,The End,The End,SAME,0,,,
The FairyLand Story,The FairyLand Story,fairylandstory,fairyland story,1,1,main,main,The Fairyland Story,The Fairyland Story,SAME,0,,,
The Fallen Angels (World) / Daraku Tenshi - The Fallen Angels (Japan),The Fallen Angels / Daraku Tenshi - The Fallen Angels,fallenangelsdarakutenshithefallenangels,fallen angels daraku tenshi the fallen angels,0,0,,,,,SAME,0,,,
The Final Round (version M),The Final Round,finalround,final round,1,1,main,main,The Final Round,The Final Round,SAME,0,,,
The Game Paradise - Master of Shooting! / Game Tengoku - The Game Paradise (ver 1.0),The Game Paradise - Master of Shooting! / Game Tengoku - The Game Paradise,gameparadisemasterofshootinggametengokuthegameparadise,game paradise master of shooting game tengoku the game paradise,0,0,,,,,SAME,0,,,
The Glob,The Glob,glob,glob,1,1,main,main,The Glob,The Glob,SAME,0,,,
The Grid (version 1.2),The Grid,grid,grid,1,1,main,main,GRID,GRID,SAME,0,,,
The Hand,The Hand,hand,hand,1,1,main,main,The Hand,The Hand,SAME,0,,,
The Invaders,The Invaders,invaders,invaders,1,1,main,main,The Invaders,The Invaders,SAME,0,,,
The Irem Skins Game (US set 1),The Irem Skins Game,iremskinsgame,irem skins game,1,1,main,main,The Irem Skins Game,The Irem Skins Game,SAME,0,,,
The Karate Tournament,The Karate Tournament,karatetournament,karate tournament,1,1,main,main,The Karate Tournament,The Karate Tournament,SAME,0,,,
The King of Dragons (World 910805),The King of Dragons,kingofdragons,king of dragons,1,1,main,main,The King of Dragons,The King of Dragons,SAME,0,,,
The Koukou Yakyuu,The Koukou Yakyuu,koukouyakyuu,koukou yakyuu,1,1,main,main,The Koukou Yakyuu,The Koukou Yakyuu,SAME,0,,,
The Last Apostle Puppetshow,The Last Apostle Puppetshow,lastapostlepuppetshow,last apostle puppetshow,1,0,main,,Last Apostle Puppet Show,,WORSE,0,,,
The Last Day (set 1),The Last Day,lastday,last day,1,1,main,main,The Last Day,The Last Day,SAME,0,,,
The Legend of Kage (rev 2),The Legend of Kage,legendofkage,legend of kage,1,1,main,main,The Legend of Kage,The Legend of Kage,SAME,0,,,
The Legend of Silkroad,The Legend of Silkroad,legendofsilkroad,legend of silkroad,1,1,main,main,The Legend of Silkroad,The Legend of Silkroad,SAME,0,,,
The Lost Castle In Darkmist,The Lost Castle In Darkmist,lostcastleindarkmist,lost castle in darkmist,1,1,main,main,The Lost Castle in Darkmist,The Lost Castle in Darkmist,SAME,0,,,
The Main Event (4 Players ver. Y),The Main Event,mainevent,main event,1,1,main,main,Main Event,Main Event,SAME,0,,,
The Masters of Kin,The Masters of Kin,mastersofkin,masters of kin,1,1,main,main,The Masters of Kin,The Masters of Kin,SAME,0,,,
"The NewZealand Story (World, new version) (P0-043A PCB)",The NewZealand Story,newzealandstory,newzealand story,1,1,main,main,The NewZealand Story,The NewZealand Story,SAME,0,,,
The Next Space (set 1),The Next Space,nextspace,next space,1,1,main,main,The Next Space,The Next Space,SAME,0,,,
The Ninja Kids (World),The Ninja Kids,ninjakids,ninja kids,1,1,main,main,The Ninja Kids,The Ninja Kids,SAME,0,,,
"The Ninja Warriors (World, later version)",The Ninja Warriors,ninjawarriors,ninja warriors,1,1,main,main,The Ninja Warriors,The Ninja Warriors,SAME,0,,,
"The Outfoxies (World, OU2)",The Outfoxies,outfoxies,outfoxies,1,1,main,main,The Outfoxies,The Outfoxies,SAME,0,,,
The Percussor,The Percussor,percussor,percussor,1,1,main,main,The Percussor,The Percussor,SAME,0,,,
The Pit,The Pit,pit,pit,1,1,main,main,The Pit,The Pit,SAME,0,,,
"The Real Ghostbusters (US 3 Players, revision 3B)",The Real Ghostbusters,realghostbusters,real ghostbusters,1,1,main,main,The Real GhostBusters,The Real GhostBusters,SAME,0,,,
The Return of Ishtar,The Return of Ishtar,returnofishtar,return of ishtar,1,1,main,main,The Return of Ishtar,The Return of Ishtar,SAME,0,,,
The Return of Lady Frog (set 1),The Return of Lady Frog,returnofladyfrog,return of lady frog,1,1,main,main,The Return of Lady Frog,The Return of Lady Frog,SAME,0,,,
"The Simpsons (4 Players World, set 1)",The Simpsons,simpsons,simpsons,1,1,main,main,The Simpsons,The Simpsons,SAME,0,,,
The Simpsons Bowling (GQ829 UAA),The Simpsons Bowling,simpsonsbowling,simpsons bowling,1,1,main,main,The Simpsons Bowling,The Simpsons Bowling,SAME,0,,,
The Speed Rumbler (set 1),The Speed Rumbler,speedrumbler,speed rumbler,1,1,main,main,The Speed Rumbler,The Speed Rumbler,SAME,0,,,
The Three Stooges In Brides Is Brides (set 1),The Three Stooges In Brides Is Brides,threestoogesinbridesisbrides,three stooges in brides is brides,0,0,,,,,SAME,0,,,
"The Tin Star (A10, 4 PCB version)",The Tin Star,tinstar,tin star,1,1,main,main,The Tin Star,The Tin Star,SAME,0,,,
The Tower (DECO Cassette) (Europe),The Tower,tower,tower,1,1,main,main,The Tower,The Tower,SAME,0,,,
The Tower of Druaga (New Ver.),The Tower of Druaga,towerofdruaga,tower of druaga,1,1,main,main,The Tower of Druaga,The Tower of Druaga,SAME,0,,,
The X-Files,The X-Files,xfiles,x files,1,1,main,main,The X-Files,The X-Files,SAME,0,,,
Thief,Thief,thief,thief,1,1,main,main,Thief,Thief,SAME,0,,,
Thrill Drive (UDE),Thrill Drive,thrilldrive,thrill drive,1,1,main,main,Thrill Drive,Thrill Drive,SAME,0,,,
Thunder &amp;amp;amp;amp; Lightning (set 1),Thunder &amp;amp;amp;amp; Lightning,thunderampampampamplightning,thunder amp amp amp amp lightning,0,0,,,,,SAME,0,,,
Thunder Blade (upright) (FD1094 317-0056),Thunder Blade,thunderblade,thunder blade,1,1,main,main,Thunder Blade,Thunder Blade,SAME,0,,,
Thunder Ceptor,Thunder Ceptor,thunderceptor,thunder ceptor,1,1,main,main,Thunder Ceptor,Thunder Ceptor,SAME,0,,,
Thunder Cross (set 1),Thunder Cross,thundercross,thunder cross,1,1,main,main,Thunder Cross,Thunder Cross,SAME,0,,,
Thunder Cross II (World),Thunder Cross II,thundercross2,thunder cross ii,1,1,main,main,Thunder Cross II,Thunder Cross II,SAME,0,,,
"Thunder Dragon (8th Jan. 1992, unprotected)",Thunder Dragon,thunderdragon,thunder dragon,1,1,main,main,Thunder Dragon,Thunder Dragon,SAME,0,,,
Thunder Dragon 2 (9th Nov. 1993),Thunder Dragon 2,thunderdragon2,thunder dragon 2,1,1,main,main,Thunder Dragon 2,Thunder Dragon 2,SAME,0,,,
Thunder Force AC,Thunder Force AC,thunderforceac,thunder force ac,1,1,main,main,Thunder Force AC,Thunder Force AC,SAME,0,,,
"Thunder Fox (World, rev 1)",Thunder Fox,thunderfox,thunder fox,1,1,main,main,Thunder Fox,Thunder Fox,SAME,0,,,
"Thunder Hoop (ver. 1, checksum 02a09f7d)",Thunder Hoop,thunderhoop,thunder hoop,1,1,main,main,Thunder Hoop,Thunder Hoop,SAME,0,,,
Thunder Strike (set 1),Thunder Strike,thunderstrike,thunder strike,1,1,main,main,Thunder Strike,Thunder Strike,SAME,0,,,
Thunder Zone (World 4 Players),Thunder Zone,thunderzone,thunder zone,0,0,,,,,SAME,0,,,
Thundercade / Twin Formation,Thundercade / Twin Formation,thundercadetwinformation,thundercade twin formation,0,0,,,,,SAME,0,,,
ThunderJaws (rev 3),ThunderJaws,thunderjaws,thunderjaws,1,1,main,main,ThunderJaws,ThunderJaws,SAME,0,,,
Tickee Tickats,Tickee Tickats,tickeetickats,tickee tickats,1,1,main,main,Tickee Tickats,Tickee Tickats,SAME,0,,,
Tiger Road (US),Tiger Road,tigerroad,tiger road,1,1,main,main,Tiger Road,Tiger Road,SAME,0,,,
Tiger-Heli (US),Tiger-Heli,tigerheli,tiger heli,1,1,main,main,Tiger-Heli,Tiger-Heli,SAME,0,,,
Timber,Timber,timber,timber,1,1,main,main,Timber,Timber,SAME,0,,,
Time Attacker,Time Attacker,timeattacker,time attacker,1,1,main,main,Time Attacker,Time Attacker,SAME,0,,,
Time Killers (v1.32),Time Killers,timekillers,time killers,1,1,main,main,Time Killers,Time Killers,SAME,0,,,
Time Limit,Time Limit,timelimit,time limit,1,1,main,main,Time Limit,Time Limit,SAME,0,,,
Time Pilot,Time Pilot,timepilot,time pilot,1,1,main,main,Time Pilot,Time Pilot,SAME,0,,,
Time Pilot '84 (set 1),Time Pilot '84,timepilot84,time pilot 84,0,0,,,,,SAME,0,,,
"Time Scanner (set 2, System 16B)",Time Scanner,timescanner,time scanner,1,1,main,main,Time Scanner,Time Scanner,SAME,0,,,
"Time Scanner (TS 2.0, Magnet System)",Time Scanner,timescanner,time scanner,1,1,main,main,Time Scanner,Time Scanner,SAME,0,,,
Time Soldiers (US Rev 3),Time Soldiers,timesoldiers,time soldiers,1,1,main,main,Time Soldiers,Time Soldiers,SAME,0,,,
Time Tunnel,Time Tunnel,timetunnel,time tunnel,1,1,main,main,Time Tunnel,Time Tunnel,SAME,0,,,
Tinkle Pit (Japan),Tinkle Pit,tinklepit,tinkle pit,1,1,main,main,Tinkle Pit,Tinkle Pit,SAME,0,,,
Tip Top (3 board stack),Tip Top,tiptop,tip top,0,0,,,,,SAME,0,,,
Title Fight (US),Title Fight,titlefight,title fight,1,1,main,main,Title Fight,Title Fight,SAME,0,,,
Title Fight (World),Title Fight,titlefight,title fight,1,1,main,main,Title Fight,Title Fight,SAME,0,,,
"T-MEK (v5.1, The Warlords)",T-MEK,tmek,t mek,1,1,main,main,T-MEK,T-MEK,SAME,0,,,
Tobe! Polystars (ver JAA),Tobe! Polystars,tobepolystars,tobe polystars,1,1,main,main,Tobe! Polystars,Tobe! Polystars,SAME,0,,,
Toffy (encrypted),Toffy,toffy,toffy,1,1,main,main,Toffy,Toffy,SAME,0,,,
"Toki (World, set 1)",Toki,toki,toki,1,1,main,main,Toki,Toki,SAME,0,,,
"Toki no Senshi - Chrono Soldier (MC-8123, 317-0040)",Toki no Senshi - Chrono Soldier,tokinosenshichronosoldier,toki no senshi chrono soldier,1,1,main,main,Toki no Senshi: Chrono Soldier,Toki no Senshi: Chrono Soldier,SAME,0,,,
Tokimeki Memorial Taisen Puzzle-dama (ver JAB),Tokimeki Memorial Taisen Puzzle-dama,tokimekimemorialtaisenpuzzledama,tokimeki memorial taisen puzzle dama,1,1,main,main,Tokimeki Memorial: Taisen Puzzle-dama,Tokimeki Memorial: Taisen Puzzle-dama,SAME,0,,,
Tokio / Scramble Formation (newer),Tokio / Scramble Formation,tokioscrambleformation,tokio scramble formation,0,0,,,,,SAME,0,,,
Tom Tom Magic,Tom Tom Magic,tomtommagic,tom tom magic,1,1,main,main,Tom Tom Magic,Tom Tom Magic,SAME,0,,,
Tomahawk 777 (rev 5),Tomahawk 777,tomahawk777,tomahawk 777,1,1,main,main,Tomahawk 777,Tomahawk 777,SAME,0,,,
Tondemo Crisis (Japan),Tondemo Crisis,tondemocrisis,tondemo crisis,1,1,main,main,Tondemo Crisis,Tondemo Crisis,SAME,0,,,
Toobin' (rev 3),Toobin',toobin,toobin,1,1,main,main,Toobin',Toobin',SAME,0,,,
Top Blade V,Top Blade V,topbladev,top blade v,1,1,main,main,Top Blade V,Top Blade V,SAME,0,,,
Top Driving (version 1.1),Top Driving,topdriving,top driving,1,1,main,main,Top Driving,Top Driving,SAME,0,,,
"Top Gunner (bootleg, Rotary Joystick)",Top Gunner,topgunner,top gunner,0,0,,,,,SAME,0,,,
"Top Gunner (US, 8-way Joystick)",Top Gunner,topgunner,top gunner,0,0,,,,,SAME,0,,,
Top Landing (World),Top Landing,toplanding,top landing,1,1,main,main,Top Landing,Top Landing,SAME,0,,,
Top Ranking Stars (Ver 2.1O 19930521) (New Version),Top Ranking Stars,toprankingstars,top ranking stars,0,0,,,,,SAME,0,,,
Top Roller,Top Roller,toproller,top roller,1,1,main,main,Top Roller,Top Roller,SAME,0,,,
Top Secret (Exidy) (version 1.0),Top Secret,topsecret,top secret,1,1,main,main,Top Secret,Top Secret,SAME,0,,,
"Top Speed (World, rev 1)",Top Speed,topspeed,top speed,1,1,main,main,Top Speed,Top Speed,SAME,0,,,
Toppy &amp;amp;amp;amp; Rappy,Toppy &amp;amp;amp;amp; Rappy,toppyampampampamprappy,toppy amp amp amp amp rappy,0,0,,,,,SAME,0,,,
Toride II Adauchi Gaiden,Toride II Adauchi Gaiden,toride2adauchigaiden,toride ii adauchi gaiden,1,1,main,main,Toride II Adauchi Gaiden,Toride II Adauchi Gaiden,SAME,0,,,
Tornado (DECO Cassette) (US),Tornado,tornado,tornado,1,1,main,main,Tornado,Tornado,SAME,0,,,
Tornado Baseball / Ball Park,Tornado Baseball / Ball Park,tornadobaseballballpark,tornado baseball ball park,0,0,,,,,SAME,0,,,
Torus,Torus,torus,torus,1,1,main,main,Torus,Torus,SAME,0,,,
Toryumon,Toryumon,toryumon,toryumon,1,1,main,main,Toryumon,Toryumon,SAME,0,,,
Total Carnage (rev LA1 031092),Total Carnage,totalcarnage,total carnage,1,1,main,main,Total Carnage,Total Carnage,SAME,0,,,
Total Vice (ver EBA),Total Vice,totalvice,total vice,1,1,main,main,Total Vice,Total Vice,SAME,0,,,
Touch and Go (World),Touch and Go,touchandgo,touch and go,1,1,main,main,Touch and Go,Touch and Go,SAME,0,,,
TouchDown Fever (US),TouchDown Fever,touchdownfever,touchdown fever,1,1,main,main,TouchDown Fever,TouchDown Fever,SAME,0,,,
TouchDown Fever 2,TouchDown Fever 2,touchdownfever2,touchdown fever 2,1,0,main,,TouchDown Fever II,,WORSE,0,,,
Touche Me (set 1),Touche Me,toucheme,touche me,1,1,main,main,Touche Me,Touche Me,SAME,0,,,
Touchmaster (v3.00 Euro),Touchmaster,touchmaster,touchmaster,1,1,main,main,Touchmaster,Touchmaster,SAME,0,,,
Touchmaster 2000 Plus (v4.63 Standard),Touchmaster 2000 Plus,touchmaster2000plus,touchmaster 2000 plus,1,1,main,main,Touchmaster 2000 Plus,Touchmaster 2000 Plus,SAME,0,,,
Touchmaster 3000 (v5.02 Standard),Touchmaster 3000,touchmaster3000,touchmaster 3000,1,1,main,main,Touchmaster 3000,Touchmaster 3000,SAME,0,,,
Touchmaster 4000 (v6.03 Standard),Touchmaster 4000,touchmaster4000,touchmaster 4000,1,1,main,main,Touchmaster 4000,Touchmaster 4000,SAME,0,,,
Touchmaster 5000 (v7.10 Standard),Touchmaster 5000,touchmaster5000,touchmaster 5000,1,1,main,main,Touchmaster 5000,Touchmaster 5000,SAME,0,,,
Touchmaster 7000 (v8.04 Standard),Touchmaster 7000,touchmaster7000,touchmaster 7000,1,1,main,main,Touchmaster 7000,Touchmaster 7000,SAME,0,,,
Touchmaster 8000 (v9.04 Standard),Touchmaster 8000,touchmaster8000,touchmaster 8000,1,1,main,main,Touchmaster 8000,Touchmaster 8000,SAME,0,,,
"Tough Turf (set 2, Japan) (8751 317-0104)",Tough Turf,toughturf,tough turf,1,1,main,main,Tough Turf,Tough Turf,SAME,0,,,
Toukidenshou - Angel Eyes (VER. 960614),Toukidenshou - Angel Eyes,toukidenshouangeleyes,toukidenshou angel eyes,1,1,main,main,Toukidenshou: Angel Eyes,Toukidenshou: Angel Eyes,SAME,0,,,
"Tournament Arkanoid (US, older)",Tournament Arkanoid,tournamentarkanoid,tournament arkanoid,1,1,main,main,Tournament Arkanoid,Tournament Arkanoid,SAME,0,,,
Tournament Cyberball 2072 (rev 2),Tournament Cyberball 2072,tournamentcyberball2072,tournament cyberball 2072,1,1,main,main,Tournament Cyberball 2072,Tournament Cyberball 2072,SAME,0,,,
Tournament Pro Golf (DECO Cassette) (US),Tournament Pro Golf,tournamentprogolf,tournament pro golf,1,1,main,main,Tournament Pro Golf,Tournament Pro Golf,SAME,0,,,
Touryuu Densetsu Elan-Doree / Elan Doree - Legend of Dragoon (JUET 980922 V1.006),Touryuu Densetsu Elan-Doree / Elan Doree - Legend of Dragoon,touryuudensetsuelandoreeelandoreelegendofdragoon,touryuu densetsu elan doree elan doree legend of dragoon,0,0,,,,,SAME,0,,,
Tower &amp;amp;amp;amp; Shaft,Tower &amp;amp;amp;amp; Shaft,towerampampampampshaft,tower amp amp amp amp shaft,0,0,,,,,SAME,0,,,
Toy Land Adventure,Toy Land Adventure,toylandadventure,toy land adventure,1,1,main,main,Toy Land Adventure,Toy Land Adventure,SAME,0,,,
Toypop,Toypop,toypop,toypop,1,1,main,main,Toypop,Toypop,SAME,0,,,
Track &amp;amp;amp;amp; Field,Track &amp;amp;amp;amp; Field,trackampampampampfield,track amp amp amp amp field,0,0,,,,,SAME,0,,,
Tranquillizer Gun,Tranquillizer Gun,tranquillizergun,tranquillizer gun,1,1,main,main,Tranquillizer Gun,Tranquillizer Gun,SAME,0,,,
Transformer,Transformer,transformer,transformer,1,1,main,main,Transformer,Transformer,SAME,0,,,
Transformers Beast Wars II,Transformers Beast Wars II,transformersbeastwars2,transformers beast wars ii,1,1,main,main,Transformers: Beast Wars II,Transformers: Beast Wars II,SAME,0,,,
Traverse USA / Zippy Race,Traverse USA / Zippy Race,traverseusazippyrace,traverse usa zippy race,0,0,,,,,SAME,0,,,
Treasure Hunt,Treasure Hunt,treasurehunt,treasure hunt,0,0,,,,,SAME,0,,,
Treble Top (39-360-070),Treble Top,trebletop,treble top,1,1,main,main,Treble Top,Treble Top,SAME,0,,,
Trick Trap (World),Trick Trap,tricktrap,trick trap,1,1,main,main,Trick Trap,Trick Trap,SAME,0,,,
Tricky Doc (set 1),Tricky Doc,trickydoc,tricky doc,1,1,main,main,Tricky Doc,Tricky Doc,SAME,0,,,
Trio The Punch - Never Forget Me... (World),Trio The Punch - Never Forget Me...,triothepunchneverforgetme,trio the punch never forget me,1,1,main,main,Trio The Punch: Never Forget Me...,Trio The Punch: Never Forget Me...,SAME,0,,,
Triple Hunt,Triple Hunt,triplehunt,triple hunt,1,1,main,main,Triple Hunt,Triple Hunt,SAME,0,,,
Triple Punch (set 1),Triple Punch,triplepunch,triple punch,1,1,main,main,Triple Punch,Triple Punch,SAME,0,,,
Tri-Sports,Tri-Sports,trisports,tri sports,1,1,main,main,Tri-Sports,Tri-Sports,SAME,0,,,
Trog (rev LA5 32991),Trog,trog,trog,1,1,main,main,Trog,Trog,SAME,0,,,
Trojan (US set 1),Trojan,trojan,trojan,1,1,main,main,Trojan,Trojan,SAME,0,,,
Tron (8/9),Tron,tron,tron,1,1,main,main,Tron,Tron,SAME,0,,,
Trophy Hunting - Bear &amp;amp;amp;amp; Moose V1.00,Trophy Hunting - Bear &amp;amp;amp;amp; Moose V1.00,trophyhuntingbearampampampampmoosev100,trophy hunting bear amp amp amp amp moose v1 00,0,0,,,,,SAME,0,,,
Tropical Angel,Tropical Angel,tropicalangel,tropical angel,1,1,main,main,Tropical Angel,Tropical Angel,SAME,0,,,
"Truxton (Europe, US) / Tatsujin (Japan)",Truxton / Tatsujin,truxtontatsujin,truxton tatsujin,0,0,,,,,SAME,0,,,
Truxton II / Tatsujin Oh,Truxton II / Tatsujin Oh,truxton2tatsujinoh,truxton ii tatsujin oh,0,0,,,,,SAME,0,,,
Tsukande Toru Chicchi,Tsukande Toru Chicchi,tsukandetoruchicchi,tsukande toru chicchi,1,1,main,main,Tsukande Toru Chicchi,Tsukande Toru Chicchi,SAME,0,,,
Tsurikko Penta,Tsurikko Penta,tsurikkopenta,tsurikko penta,1,1,main,main,Tsurikko Penta,Tsurikko Penta,SAME,0,,,
Tube Panic,Tube Panic,tubepanic,tube panic,1,1,main,main,Tube Panic,Tube Panic,SAME,0,,,
Tugboat,Tugboat,tugboat,tugboat,1,1,main,main,Tugboat,Tugboat,SAME,0,,,
Tumble Pop (World),Tumble Pop,tumblepop,tumble pop,1,0,main,,Tumblepop,,WORSE,0,,,
Tunnel Hunt,Tunnel Hunt,tunnelhunt,tunnel hunt,1,1,main,main,Tunnel Hunt,Tunnel Hunt,SAME,0,,,
Turbo (program 1513-1515),Turbo,turbo,turbo,1,1,main,main,Turbo,Turbo,SAME,0,,,
"Turbo Force (World, set 1)",Turbo Force,turboforce,turbo force,1,1,main,main,Turbo Force,Turbo Force,SAME,0,,,
Turbo Out Run (Out Run upgrade) (FD1094 317-0118),Turbo Out Run,turbooutrun,turbo out run,1,1,main,main,Turbo Out Run,Turbo Out Run,SAME,0,,,
Turkey Hunting USA V1.00,Turkey Hunting USA V1.00,turkeyhuntingusav100,turkey hunting usa v1 00,0,0,,,,,SAME,0,,,
Turret Tower,Turret Tower,turrettower,turret tower,1,1,main,main,Turret Tower,Turret Tower,SAME,0,,,
Turtle Ship (North America),Turtle Ship,turtleship,turtle ship,1,1,main,main,Turtle Ship,Turtle Ship,SAME,0,,,
Turtles,Turtles,turtles,turtles,1,1,main,main,Turtles,Turtles,SAME,0,,,
Tutankham,Tutankham,tutankham,tutankham,1,1,main,main,Tutankham,Tutankham,SAME,0,,,
Tut's Tomb,Tut's Tomb,tutstomb,tut s tomb,1,1,main,main,Tut's Tomb,Tut's Tomb,SAME,0,,,
Twin Action,Twin Action,twinaction,twin action,1,1,main,main,Twin Action,Twin Action,SAME,0,,,
Twin Adventure (World),Twin Adventure,twinadventure,twin adventure,1,1,main,main,Twin Adventure,Twin Adventure,SAME,0,,,
Twin Bee Yahhoo! (ver JAA),Twin Bee Yahhoo!,twinbeeyahhoo,twin bee yahhoo,1,1,main,main,Twin Bee Yahhoo!,Twin Bee Yahhoo!,SAME,0,,,
Twin Brats (set 1),Twin Brats,twinbrats,twin brats,1,1,main,main,Twin Brats,Twin Brats,SAME,0,,,
Twin Cobra (World),Twin Cobra,twincobra,twin cobra,1,1,main,main,Twin Cobra,Twin Cobra,SAME,0,,,
Twin Cobra II (Ver 2.1O 19951130),Twin Cobra II,twincobra2,twin cobra ii,1,1,main,main,Twin Cobra II,Twin Cobra II,SAME,0,,,
Twin Eagle - Revenge Joe's Brother,Twin Eagle - Revenge Joe's Brother,twineaglerevengejoesbrother,twin eagle revenge joe s brother,1,1,main,main,Twin Eagle: Revenge Joe's Brother,Twin Eagle: Revenge Joe's Brother,SAME,0,,,
Twin Eagle II - The Rescue Mission,Twin Eagle II - The Rescue Mission,twineagle2therescuemission,twin eagle ii the rescue mission,1,1,main,main,Twin Eagle II: The Rescue Mission,Twin Eagle II: The Rescue Mission,SAME,0,,,
Twin Falcons,Twin Falcons,twinfalcons,twin falcons,1,1,main,main,Twin Falcons,Twin Falcons,SAME,0,,,
Twin Hawk (World),Twin Hawk,twinhawk,twin hawk,1,1,main,main,Twin Hawk,Twin Hawk,SAME,0,,,
Twin Squash,Twin Squash,twinsquash,twin squash,1,1,main,main,Twin Squash,Twin Squash,SAME,0,,,
TwinBee (Bubble System),TwinBee,twinbee,twinbee,1,1,main,main,TwinBee,TwinBee,SAME,0,,,
TwinBee (ROM version),TwinBee,twinbee,twinbee,1,1,main,main,TwinBee,TwinBee,SAME,0,,,
Twinkle (set 1),Twinkle,twinkle,twinkle,1,1,main,main,Twinkle,Twinkle,SAME,0,,,
Two Crude (US FT revision 1),Two Crude,twocrude,two crude,1,1,main,main,Two Crude,Two Crude,SAME,0,,,
Two Tigers (dedicated),Two Tigers,twotigers,two tigers,1,1,main,main,Two Tigers,Two Tigers,SAME,0,,,
TX-1 (World),TX-1,tx1,tx 1,1,1,main,main,TX-1,TX-1,SAME,0,,,
Typhoon,Typhoon,typhoon,typhoon,0,0,,,,,SAME,0,,,
"U.N. Defense Force Earth Joker (US  Japan, set 1)",U.N. Defense Force Earth Joker,undefenseforceearthjoker,u n defense force earth joker,1,1,main,main,U.N. Defense Force: Earth Joker,U.N. Defense Force: Earth Joker,SAME,0,,,
U.S. Championship V'ball (US),U.S. Championship V'ball,uschampionshipvball,u s championship v ball,1,1,main,main,U.S. Championship V'Ball,U.S. Championship V'Ball,SAME,0,,,
U.S. Classic,U.S. Classic,usclassic,u s classic,1,1,main,main,U.S. Classic,U.S. Classic,SAME,0,,,
Ufo Robo Dangar (4/09/1987),Ufo Robo Dangar,uforobodangar,ufo robo dangar,1,1,main,main,UFO Robo Dangar,UFO Robo Dangar,SAME,0,,,
"Ufo Senshi Yohko Chan (MC-8123, 317-0064)",Ufo Senshi Yohko Chan,ufosenshiyohkochan,ufo senshi yohko chan,1,1,main,main,UFO Senshi Yohko Chan,UFO Senshi Yohko Chan,SAME,0,,,
Ultimate Mortal Kombat 3 (rev 1.2),Ultimate Mortal Kombat 3,ultimatemortalkombat3,ultimate mortal kombat 3,1,1,main,main,Ultimate Mortal Kombat 3,Ultimate Mortal Kombat 3,SAME,0,,,
Ultimate Tennis,Ultimate Tennis,ultimatetennis,ultimate tennis,1,1,main,main,Ultimate Tennis,Ultimate Tennis,SAME,0,,,
Ultra Balloon,Ultra Balloon,ultraballoon,ultra balloon,1,1,main,main,Ultra Balloon,Ultra Balloon,SAME,0,,,
Ultra Invaders,Ultra Invaders,ultrainvaders,ultra invaders,1,1,main,main,Ultra Invaders,Ultra Invaders,SAME,0,,,
Ultra Tank,Ultra Tank,ultratank,ultra tank,1,1,main,main,Ultra Tank,Ultra Tank,SAME,0,,,
Ultra Toukon Densetsu (Japan),Ultra Toukon Densetsu,ultratoukondensetsu,ultra toukon densetsu,1,1,main,main,Ultra Toukon Densetsu,Ultra Toukon Densetsu,SAME,0,,,
Ultra X Weapons  Ultra Keibitai,Ultra X Weapons  Ultra Keibitai,ultraxweaponsultrakeibitai,ultra x weapons ultra keibitai,0,0,,,,,SAME,0,,,
Ultraman (Japan),Ultraman,ultraman,ultraman,1,1,main,main,Ultraman,Ultraman,SAME,0,,,
Ultraman Club - Tatakae! Ultraman Kyoudai!!,Ultraman Club - Tatakae! Ultraman Kyoudai!!,ultramanclubtatakaeultramankyoudai,ultraman club tatakae ultraman kyoudai,1,1,main,main,Ultraman Club: Tatakae! Ultraman Kyoudai!!,Ultraman Club: Tatakae! Ultraman Kyoudai!!,SAME,0,,,
Uncle Poo,Uncle Poo,unclepoo,uncle poo,1,1,main,main,Uncle Poo,Uncle Poo,SAME,0,,,
Under Fire (World),Under Fire,underfire,under fire,1,1,main,main,Under Fire,Under Fire,SAME,0,,,
Undercover Cops - Alpha Renewal Version (World),Undercover Cops - Alpha Renewal Version,undercovercopsalpharenewalversion,undercover cops alpha renewal version,1,1,main,main,Undercover Cops: Alpha Renewal Version,Undercover Cops: Alpha Renewal Version,SAME,0,,,
Undercover Cops (World),Undercover Cops,undercovercops,undercover cops,1,1,main,main,Undercover Cops,Undercover Cops,SAME,0,,,
UniWar S,UniWar S,uniwars,uniwar s,1,1,main,main,UniWar S,UniWar S,SAME,0,,,
Up Scope,Up Scope,upscope,up scope,1,1,main,main,Up Scope,Up Scope,SAME,0,,,
Up'n Down (315-5030),Up'n Down,upndown,up n down,1,1,main,main,Up'n Down,Up'n Down,SAME,0,,,
Urachacha Mudaeri (Korea),Urachacha Mudaeri,urachachamudaeri,urachacha mudaeri,1,1,main,main,Urachacha Mudaeri,Urachacha Mudaeri,SAME,0,,,
US AAF Mustang (25th May. 1990),US AAF Mustang,usaafmustang,us aaf mustang,1,1,main,main,US AAF Mustang,US AAF Mustang,SAME,0,,,
V Goal Soccer (Europe),V Goal Soccer,vgoalsoccer,v goal soccer,1,1,main,main,V Goal Soccer,V Goal Soccer,SAME,0,,,
Valkyrie no Densetsu (Japan),Valkyrie no Densetsu,valkyrienodensetsu,valkyrie no densetsu,1,1,main,main,Valkyrie No Densetsu,Valkyrie No Densetsu,SAME,0,,,
Valtric,Valtric,valtric,valtric,1,1,main,main,Valtric,Valtric,SAME,0,,,
"Vamf x12 (Europe, version 1.1.0908)",Vamf x12,vamfx12,vamf x12,1,0,main,,Vamf x1/2,,WORSE,0,,,
Vandyke (Japan),Vandyke,vandyke,vandyke,1,1,main,main,Vandyke,Vandyke,SAME,0,,,
Vanguard (SNK),Vanguard,vanguard,vanguard,1,1,main,main,Vanguard,Vanguard,SAME,0,,,
Vanguard II,Vanguard II,vanguard2,vanguard ii,1,1,main,main,Vanguard II,Vanguard II,SAME,0,,,
Van-Van Car,Van-Van Car,vanvancar,van van car,1,1,main,main,Van Van Car,Van Van Car,SAME,0,,,
Vapor Trail - Hyper Offence Formation (World revision 1),Vapor Trail - Hyper Offence Formation,vaportrailhyperoffenceformation,vapor trail hyper offence formation,1,1,main,main,Vapor Trail: Hyper Offence Formation,Vapor Trail: Hyper Offence Formation,SAME,0,,,
Vapor TRX (GUTS Jul 2 1998  MAIN Jul 18 1998),Vapor TRX,vaportrx,vapor trx,1,1,main,main,Vapor TRX,Vapor TRX,SAME,0,,,
Varia Metal,Varia Metal,variametal,varia metal,1,1,main,main,Varia Metal,Varia Metal,SAME,0,,,
Vasara,Vasara,vasara,vasara,1,1,main,main,Vasara,Vasara,SAME,0,,,
Vasara 2 (set 1),Vasara 2,vasara2,vasara 2,1,1,main,main,Vasara 2,Vasara 2,SAME,0,,,
Vastar (set 1),Vastar,vastar,vastar,1,1,main,main,Vastar,Vastar,SAME,0,,,
"Vendetta (Asia, 4 Players, ver. Z)",Vendetta,vendetta,vendetta,1,1,main,main,Vendetta,Vendetta,SAME,0,,,
"Vendetta (World, 2 Players, ver. W)",Vendetta,vendetta,vendetta,1,1,main,main,Vendetta,Vendetta,SAME,0,,,
"Vendetta (World, 4 Players, ver. T)",Vendetta,vendetta,vendetta,1,1,main,main,Vendetta,Vendetta,SAME,0,,,
Venture (version 5 set 1),Venture,venture,venture,1,1,main,main,Venture,Venture,SAME,0,,,
Versus Net Soccer (ver EAD),Versus Net Soccer,versusnetsoccer,versus net soccer,1,1,main,main,Versus Net Soccer,Versus Net Soccer,SAME,0,,,
Victorious Nine,Victorious Nine,victoriousnine,victorious nine,1,1,main,main,Victorious Nine,Victorious Nine,SAME,0,,,
Victory,Victory,victory,victory,0,0,,,,,SAME,0,,,
Victory (Comsoft),Victory,victory,victory,0,0,,,,,SAME,0,,,
Victory Road,Victory Road,victoryroad,victory road,1,1,main,main,Victory Road,Victory Road,SAME,0,,,
Video Eight,Video Eight,videoeight,video eight,1,1,main,main,Video Eight,Video Eight,SAME,0,,,
Video Eight Ball,Video Eight Ball,videoeightball,video eight ball,1,1,main,main,Video Eight Ball,Video Eight Ball,SAME,0,,,
Video Hustler,Video Hustler,videohustler,video hustler,1,1,main,main,Video Hustler,Video Hustler,SAME,0,,,
"Vigilante (World, Rev E)",Vigilante,vigilante,vigilante,1,1,main,main,Vigilante,Vigilante,SAME,0,,,
"Vimana (World, rev A)",Vimana,vimana,vimana,1,1,main,main,Vimana,Vimana,SAME,0,,,
Vindicators (rev 5),Vindicators,vindicators,vindicators,1,1,main,main,Vindicators,Vindicators,SAME,0,,,
Vindicators Part II (rev 3),Vindicators Part II,vindicatorspart2,vindicators part ii,1,1,main,main,Vindicators Part II,Vindicators Part II,SAME,0,,,
Violence Fight (World),Violence Fight,violencefight,violence fight,1,1,main,main,Violence Fight,Violence Fight,SAME,0,,,
Violent Storm (ver EAC),Violent Storm,violentstorm,violent storm,1,1,main,main,Violent Storm,Violent Storm,SAME,0,,,
Viper (rev 3),Viper,viper,viper,1,1,main,main,Viper,Viper,SAME,0,,,
"Viper Phase 1 (New Version, World)",Viper Phase 1,viperphase1,viper phase 1,1,1,main,main,Viper Phase 1,Viper Phase 1,SAME,0,,,
"Virtua Bowling (World, V101XCM)",Virtua Bowling,virtuabowling,virtua bowling,1,1,main,main,Virtua Bowling,Virtua Bowling,SAME,0,,,
Virtua Fighter,Virtua Fighter,virtuafighter,virtua fighter,1,1,main,main,Virtua Fighter,Virtua Fighter,SAME,0,,,
Virtua Fighter Kids (JUET 960319 V0.000),Virtua Fighter Kids,virtuafighterkids,virtua fighter kids,1,1,main,main,Virtua Fighter Kids,Virtua Fighter Kids,SAME,0,,,
Virtua Fighter Remix (JUETBKAL 950428 V1.000),Virtua Fighter Remix,virtuafighterremix,virtua fighter remix,1,1,main,main,Virtua Fighter Remix,Virtua Fighter Remix,SAME,0,,,
Virtua Formula,Virtua Formula,virtuaformula,virtua formula,0,0,,,,,SAME,0,,,
Virtua Racing,Virtua Racing,virtuaracing,virtua racing,1,1,main,main,Virtua Racing,Virtua Racing,SAME,0,,,
Virtual Pool,Virtual Pool,virtualpool,virtual pool,1,1,main,main,Virtual Pool,Virtual Pool,SAME,0,,,
Vivid Dolls,Vivid Dolls,vividdolls,vivid dolls,1,1,main,main,Vivid Dolls,Vivid Dolls,SAME,0,,,
"Volfied (World, rev 1)",Volfied,volfied,volfied,1,1,main,main,Volfied,Volfied,SAME,0,,,
Vortex,Vortex,vortex,vortex,1,1,main,main,Vortex,Vortex,SAME,0,,,
"Vs 10-Yard Fight (World, 110584)",Vs 10-Yard Fight,vs10yardfight,vs 10 yard fight,1,1,main,main,Vs 10-Yard Fight,Vs 10-Yard Fight,SAME,0,,,
VS Block Breaker (Europe),VS Block Breaker,vsblockbreaker,vs block breaker,1,1,main,main,VS Block Breaker,VS Block Breaker,SAME,0,,,
VS Gong Fight,VS Gong Fight,vsgongfight,vs gong fight,1,1,main,main,VS Gong Fight,VS Gong Fight,SAME,0,,,
VS Mahjong Otome Ryouran (revision 2),VS Mahjong Otome Ryouran,vsmahjongotomeryouran,vs mahjong otome ryouran,1,1,main,main,VS Mahjong Otome Ryouran,VS Mahjong Otome Ryouran,SAME,0,,,
Vs. Atari R.B.I. Baseball (set 1),Vs. Atari R.B.I. Baseball,vsatarirbibaseball,vs atari r b i baseball,1,1,main,main,Vs. Atari R.B.I. Baseball,Vs. Atari R.B.I. Baseball,SAME,0,,,
Vs. Balloon Fight (set BF4 A-3),Vs. Balloon Fight,vsballoonfight,vs balloon fight,1,1,main,main,Vs. Balloon Fight,Vs. Balloon Fight,SAME,0,,,
"Vs. Baseball (US, set BA E-1)",Vs. Baseball,vsbaseball,vs baseball,1,1,main,main,Vs. BaseBall,Vs. BaseBall,SAME,0,,,
Vs. Battle City,Vs. Battle City,vsbattlecity,vs battle city,1,1,main,main,Vs. Battle City,Vs. Battle City,SAME,0,,,
Vs. Castlevania,Vs. Castlevania,vscastlevania,vs castlevania,1,1,main,main,Vs. Castlevania,Vs. Castlevania,SAME,0,,,
Vs. Clu Clu Land,Vs. Clu Clu Land,vsclucluland,vs clu clu land,1,1,main,main,Vs. Clu Clu Land,Vs. Clu Clu Land,SAME,0,,,
Vs. Dr. Mario,Vs. Dr. Mario,vsdrmario,vs dr mario,1,1,main,main,Vs. Dr. Mario,Vs. Dr. Mario,SAME,0,,,
Vs. Duck Hunt (set DH3 E),Vs. Duck Hunt,vsduckhunt,vs duck hunt,1,1,main,main,Vs. Duck Hunt,Vs. Duck Hunt,SAME,0,,,
Vs. Excitebike (set EB4-3 E),Vs. Excitebike,vsexcitebike,vs excitebike,1,1,main,main,Vs. Excitebike,Vs. Excitebike,SAME,0,,,
Vs. Freedom Force,Vs. Freedom Force,vsfreedomforce,vs freedom force,1,1,main,main,Vs. Freedom Force,Vs. Freedom Force,SAME,0,,,
"Vs. Gradius (US, set GR E)",Vs. Gradius,vsgradius,vs gradius,1,1,main,main,Vs. Gradius,Vs. Gradius,SAME,0,,,
Vs. Gumshoe (set GM5),Vs. Gumshoe,vsgumshoe,vs gumshoe,1,1,main,main,Vs. Gumshoe,Vs. Gumshoe,SAME,0,,,
Vs. Hogan's Alley (set HA4-1 E-1),Vs. Hogan's Alley,vshogansalley,vs hogan s alley,1,1,main,main,Vs. Hogan's Alley,Vs. Hogan's Alley,SAME,0,,,
Vs. Hot Smash,Vs. Hot Smash,vshotsmash,vs hot smash,1,1,main,main,Vs. Hot Smash,Vs. Hot Smash,SAME,0,,,
Vs. Ice Climber (set IC4-4 B-1),Vs. Ice Climber,vsiceclimber,vs ice climber,1,1,main,main,Vs. Ice Climber,Vs. Ice Climber,SAME,0,,,
Vs. Mach Rider (Endurance Course Version),Vs. Mach Rider,vsmachrider,vs mach rider,1,1,main,main,Vs. Mach Rider,Vs. Mach Rider,SAME,0,,,
Vs. Mahjong (Japan),Vs. Mahjong,vsmahjong,vs mahjong,1,1,main,main,Vs. Mahjong,Vs. Mahjong,SAME,0,,,
Vs. Mighty Bomb Jack (Japan),Vs. Mighty Bomb Jack,vsmightybombjack,vs mighty bomb jack,1,1,main,main,Vs. Mighty Bomb Jack,Vs. Mighty Bomb Jack,SAME,0,,,
Vs. Ninja Jajamaru Kun (Japan),Vs. Ninja Jajamaru Kun,vsninjajajamarukun,vs ninja jajamaru kun,1,1,main,main,Vs. Ninja Jajamaru Kun,Vs. Ninja Jajamaru Kun,SAME,0,,,
"Vs. Pinball (US, set PN4 E-1)",Vs. Pinball,vspinball,vs pinball,1,1,main,main,Vs. Pinball,Vs. Pinball,SAME,0,,,
Vs. Platoon,Vs. Platoon,vsplatoon,vs platoon,1,1,main,main,Vs. Platoon,Vs. Platoon,SAME,0,,,
Vs. Raid on Bungeling Bay (RD4-2 B),Vs. Raid on Bungeling Bay,vsraidonbungelingbay,vs raid on bungeling bay,1,1,main,main,Vs. Raid on Bungeling Bay,Vs. Raid on Bungeling Bay,SAME,0,,,
Vs. Slalom,Vs. Slalom,vsslalom,vs slalom,1,1,main,main,Vs. Slalom,Vs. Slalom,SAME,0,,,
Vs. Soccer (set SC4-2 A),Vs. Soccer,vssoccer,vs soccer,1,1,main,main,Vs. Soccer,Vs. Soccer,SAME,0,,,
Vs. Star Luster,Vs. Star Luster,vsstarluster,vs star luster,1,1,main,main,Vs. Star Luster,Vs. Star Luster,SAME,0,,,
"Vs. Stroke &amp;amp;amp;amp; Match Golf (Ladies Version, set LG4 )",Vs. Stroke &amp;amp;amp;amp; Match Golf,vsstrokeampampampampmatchgolf,vs stroke amp amp amp amp match golf,0,0,,,,,SAME,0,,,
"Vs. Stroke &amp;amp;amp;amp; Match Golf (Men Version, set GF4-2 F)",Vs. Stroke &amp;amp;amp;amp; Match Golf,vsstrokeampampampampmatchgolf,vs stroke amp amp amp amp match golf,0,0,,,,,SAME,0,,,
Vs. Super Mario Bros. (set SM4-4 E),Vs. Super Mario Bros.,vssupermariobros,vs super mario bros,1,1,main,main,Vs. Super Mario Bros.,Vs. Super Mario Bros.,SAME,0,,,
Vs. Super SkyKid,Vs. Super SkyKid,vssuperskykid,vs super skykid,1,1,main,main,Vs. Super SkyKid,Vs. Super SkyKid,SAME,0,,,
Vs. Super Xevious,Vs. Super Xevious,vssuperxevious,vs super xevious,1,1,main,main,Vs. Super Xevious,Vs. Super Xevious,SAME,0,,,
Vs. T.K.O. Boxing,Vs. T.K.O. Boxing,vstkoboxing,vs t k o boxing,1,1,main,main,Vs. T.K.O. Boxing,Vs. T.K.O. Boxing,SAME,0,,,
"Vs. Tennis (JapanUSA, set TE A-3)",Vs. Tennis,vstennis,vs tennis,1,1,main,main,Vs. Tennis,Vs. Tennis,SAME,0,,,
Vs. Tetris,Vs. Tetris,vstetris,vs tetris,1,1,main,main,Vs. Tetris,Vs. Tetris,SAME,0,,,
Vs. The Goonies (set E),Vs. The Goonies,vsthegoonies,vs the goonies,1,1,main,main,Vs. The Goonies,Vs. The Goonies,SAME,0,,,
Vs. Top Gun,Vs. Top Gun,vstopgun,vs top gun,1,1,main,main,Vs. Top Gun,Vs. Top Gun,SAME,0,,,
Vs. Wrecking Crew,Vs. Wrecking Crew,vswreckingcrew,vs wrecking crew,1,1,main,main,Vs. Wrecking Crew,Vs. Wrecking Crew,SAME,0,,,
Vulcan Venture (new),Vulcan Venture,vulcanventure,vulcan venture,1,1,main,main,Vulcan Venture,Vulcan Venture,SAME,0,,,
Vulgus (set 1),Vulgus,vulgus,vulgus,1,1,main,main,Vulgus,Vulgus,SAME,0,,,
Wacko,Wacko,wacko,wacko,1,1,main,main,Wacko,Wacko,SAME,0,,,
Wai Wai Jockey Gate-In!,Wai Wai Jockey Gate-In!,waiwaijockeygatein,wai wai jockey gate in,1,1,main,main,Wai Wai Jockey Gate-In!,Wai Wai Jockey Gate-In!,SAME,0,,,
Waku Waku Anpanman (Rev A),Waku Waku Anpanman,wakuwakuanpanman,waku waku anpanman,1,1,main,main,Waku Waku Anpanman,Waku Waku Anpanman,SAME,0,,,
Waku Waku Marine,Waku Waku Marine,wakuwakumarine,waku waku marine,1,1,main,main,Waku Waku Marine,Waku Waku Marine,SAME,0,,,
Waku Waku Sonic Patrol Car,Waku Waku Sonic Patrol Car,wakuwakusonicpatrolcar,waku waku sonic patrol car,1,1,main,main,Waku Waku Sonic Patrol Car,Waku Waku Sonic Patrol Car,SAME,0,,,
Waku Waku Ultraman Racing,Waku Waku Ultraman Racing,wakuwakuultramanracing,waku waku ultraman racing,1,1,main,main,Waku Waku Ultraman Racing,Waku Waku Ultraman Racing,SAME,0,,,
Wall Crash (set 1),Wall Crash,wallcrash,wall crash,1,1,main,main,Wall Crash,Wall Crash,SAME,0,,,
Wall Street,Wall Street,wallstreet,wall street,1,1,main,main,Wall Street,Wall Street,SAME,0,,,
"Wally wo Sagase! (rev A, Japan, 3 players) (FD1094 317-0198A)",Wally wo Sagase!,wallywosagase,wally wo sagase,1,1,main,main,Wally wo Sagase!,Wally wo Sagase!,SAME,0,,,
Wanted,Wanted,wanted,wanted,0,0,,,,,SAME,0,,,
Wanted (Sega),Wanted,wanted,wanted,0,0,,,,,SAME,0,,,
"War Final Assault (EPROM 1.9 Mar 25 1999, GUTS 1.3 Apr 20 1999, GAME Apr 20 1999)",War Final Assault,warfinalassault,war final assault,1,1,main,main,War: Final Assault,War: Final Assault,SAME,0,,,
War Gods (HD 10/09/1996 - Dual Resolution),War Gods,wargods,war gods,1,1,main,main,War Gods,War Gods,SAME,0,,,
War Mission (WM 040687),War Mission,warmission,war mission,1,1,main,main,War Mission,War Mission,SAME,0,,,
War of Aero - Project MEIOU,War of Aero - Project MEIOU,warofaeroprojectmeiou,war of aero project meiou,1,1,main,main,War of Aero: Project MEIOU,War of Aero: Project MEIOU,SAME,0,,,
War of the Bugs or Monsterous Manouvers in a Mushroom Maze,War of the Bugs or Monsterous Manouvers in a Mushroom Maze,warofthebugsormonsterousmanouversinamushroommaze,war of the bugs or monsterous manouvers in a mushroom maze,1,1,main,main,War of the Bugs or Monsterous Manouvers in a Mushroom Maze,War of the Bugs or Monsterous Manouvers in a Mushroom Maze,SAME,0,,,
War of the Worlds,War of the Worlds,waroftheworlds,war of the worlds,1,1,main,main,War of the Worlds,War of the Worlds,SAME,0,,,
Wardner (World),Wardner,wardner,wardner,0,0,,,,,SAME,0,,,
Warlords,Warlords,warlords,warlords,1,1,main,main,Warlords,Warlords,SAME,0,,,
Warp &amp;amp;amp;amp; Warp,Warp &amp;amp;amp;amp; Warp,warpampampampampwarp,warp amp amp amp amp warp,0,0,,,,,SAME,0,,,
Warp-1 (Japan),Warp-1,warp1,warp 1,1,1,main,main,Warp 1,Warp 1,SAME,0,,,
Warrior,Warrior,warrior,warrior,1,1,main,main,Warrior,Warrior,SAME,0,,,
Warrior Blade - Rastan Saga Episode III (Japan),Warrior Blade - Rastan Saga Episode III,warriorbladerastansagaepisode3,warrior blade rastan saga episode iii,1,1,main,main,Warrior Blade: Rastan Saga Episode III,Warrior Blade: Rastan Saga Episode III,SAME,0,,,
Water Balls,Water Balls,waterballs,water balls,1,1,main,main,Water balls,Water balls,SAME,0,,,
Water Match (315-5064),Water Match,watermatch,water match,1,1,main,main,Water Match,Water Match,SAME,0,,,
Water Ski,Water Ski,waterski,water ski,1,1,main,main,Water Ski,Water Ski,SAME,0,,,
Water-Nymph (Ver. 1.4),Water-Nymph,waternymph,water nymph,1,1,main,main,Water-Nymph,Water-Nymph,SAME,0,,,
"Wave Shark (UAB, USA v1.04)",Wave Shark,waveshark,wave shark,1,1,main,main,Wave Shark,Wave Shark,SAME,0,,,
Wayne Gretzky's 3D Hockey (ver 1.3),Wayne Gretzky's 3D Hockey,waynegretzkys3dhockey,wayne gretzky s 3d hockey,1,1,main,main,Wayne Gretzky's 3D Hockey,Wayne Gretzky's 3D Hockey,SAME,0,,,
WEC Le Mans 24 (v2.01),WEC Le Mans 24,weclemans24,wec le mans 24,1,1,main,main,WEC Le Mans 24,WEC Le Mans 24,SAME,0,,,
"Welltris (World, 2 players)",Welltris,welltris,welltris,1,1,main,main,Welltris,Welltris,SAME,0,,,
Western Gun Part II,Western Gun Part II,westerngunpart2,western gun part ii,1,1,main,main,Western Gun Part II,Western Gun Part II,SAME,0,,,
Wheel Of Fortune (set 1),Wheel Of Fortune,wheeloffortune,wheel of fortune,1,1,main,main,Wheel of Fortune,Wheel of Fortune,SAME,0,,,
Wheels &amp;amp;amp;amp; Fire,Wheels &amp;amp;amp;amp; Fire,wheelsampampampampfire,wheels amp amp amp amp fire,0,0,,,,,SAME,0,,,
Wheels Runner,Wheels Runner,wheelsrunner,wheels runner,1,1,main,main,Wheels Runner,Wheels Runner,SAME,0,,,
Whizz,Whizz,whizz,whizz,0,0,,,,,SAME,0,,,
Who Dunit (version 9.0),Who Dunit,whodunit,who dunit,1,1,main,main,Who Dunit,Who Dunit,SAME,0,,,
Wiggie Waggie,Wiggie Waggie,wiggiewaggie,wiggie waggie,1,1,main,main,Wiggie Waggie,Wiggie Waggie,SAME,0,,,
Wild Fang  Tecmo Knight (World),Wild Fang  Tecmo Knight,wildfangtecmoknight,wild fang tecmo knight,0,0,,,,,SAME,0,,,
Wild Pilot,Wild Pilot,wildpilot,wild pilot,1,1,main,main,Wild Pilot,Wild Pilot,SAME,0,,,
Wild West C.O.W.-Boys of Moo Mesa (ver EAB),Wild West C.O.W.-Boys of Moo Mesa,wildwestcowboysofmoomesa,wild west c o w boys of moo mesa,1,1,main,main,Wild West C.O.W. Boys of Moo Mesa,Wild West C.O.W. Boys of Moo Mesa,SAME,0,,,
Wild Western (set 1),Wild Western,wildwestern,wild western,1,1,main,main,Wild Western,Wild Western,SAME,0,,,
Wily Tower,Wily Tower,wilytower,wily tower,1,1,main,main,Wily Tower,Wily Tower,SAME,0,,,
"Winding Heat (EAA, Euro v2.11)",Winding Heat,windingheat,winding heat,1,1,main,main,Winding Heat,Winding Heat,SAME,0,,,
Wing Shooting Championship V2.00,Wing Shooting Championship V2.00,wingshootingchampionshipv200,wing shooting championship v2 00,0,0,,,,,SAME,0,,,
Wing War (World),Wing War,wingwar,wing war,1,1,main,main,Wing War,Wing War,SAME,0,,,
"Winning Run (World) (890606, Ver.09)",Winning Run,winningrun,winning run,1,1,main,main,Winning Run,Winning Run,SAME,0,,,
"Winning Run '91 (Japan) (19910305, Main Ver 1.0, Sub Ver 1.0)",Winning Run '91,winningrun91,winning run 91,1,1,main,main,Winning Run '91,Winning Run '91,SAME,0,,,
"Winning Run Suzuka Grand Prix (Japan) (891203, Ver.02)",Winning Run Suzuka Grand Prix,winningrunsuzukagrandprix,winning run suzuka grand prix,1,1,main,main,Winning Run Suzuka Grand Prix,Winning Run Suzuka Grand Prix,SAME,0,,,
Winning Spike (ver EAA),Winning Spike,winningspike,winning spike,1,1,main,main,Winning Spike,Winning Spike,SAME,0,,,
Winter Heat (JUET 971012 V1.000),Winter Heat,winterheat,winter heat,1,1,main,main,Winter Heat,Winter Heat,SAME,0,,,
Wiping,Wiping,wiping,wiping,1,1,main,main,Wiping,Wiping,SAME,0,,,
Witch,Witch,witch,witch,1,1,main,main,Witch,Witch,SAME,0,,,
Wit's (Japan),Wit's,wits,wit s,1,1,main,main,Wit's,Wit's,SAME,0,,,
Wivern Wings,Wivern Wings,wivernwings,wivern wings,0,0,,,,,SAME,0,,,
Wiz,Wiz,wiz,wiz,1,1,main,main,Wiz,Wiz,SAME,0,,,
Wizard Fire (Over Sea v2.1),Wizard Fire,wizardfire,wizard fire,1,1,main,main,Wizard Fire,Wizard Fire,SAME,0,,,
Wizard of Wor,Wizard of Wor,wizardofwor,wizard of wor,1,1,main,main,Wizard of Wor,Wizard of Wor,SAME,0,,,
"Wonder Boy (set 1, 315-5177)",Wonder Boy,wonderboy,wonder boy,1,1,main,main,Wonder Boy,Wonder Boy,SAME,0,,,
"Wonder Boy III - Monster Lair (set 6, World, System 16B) (8751 317-0098)",Wonder Boy III - Monster Lair,wonderboy3monsterlair,wonder boy iii monster lair,1,1,main,main,Wonder Boy III: Monster Lair,Wonder Boy III: Monster Lair,SAME,0,,,
"Wonder Boy Monster Land (English, Virtual Console)",Wonder Boy Monster Land,wonderboymonsterland,wonder boy monster land,1,1,main,main,Wonder Boy: Monster Land,Wonder Boy: Monster Land,SAME,0,,,
Wonder League '96 (Korea),Wonder League '96,wonderleague96,wonder league 96,1,1,main,main,Wonder League '96,Wonder League '96,SAME,0,,,
Wonder League Star - Sok-Magicball Fighting (Korea),Wonder League Star - Sok-Magicball Fighting,wonderleaguestarsokmagicballfighting,wonder league star sok magicball fighting,1,1,main,main,Wonder League Star: Sok-Magicball Fighting,Wonder League Star: Sok-Magicball Fighting,SAME,0,,,
Wonder Momo,Wonder Momo,wondermomo,wonder momo,1,1,main,main,Wonder Momo,Wonder Momo,SAME,0,,,
Wonder Planet (Japan),Wonder Planet,wonderplanet,wonder planet,1,1,main,main,Wonder Planet,Wonder Planet,SAME,0,,,
Wonder Stick (set 1),Wonder Stick,wonderstick,wonder stick,1,1,main,main,Wonder Stick,Wonder Stick,SAME,0,,,
Woodpecker (set 1),Woodpecker,woodpecker,woodpecker,0,0,,,,,SAME,0,,,
World Adventure,World Adventure,worldadventure,world adventure,1,1,main,main,World Adventure,World Adventure,SAME,0,,,
"World Beach Volley (set 1, PIC16C57 audio CPU)",World Beach Volley,worldbeachvolley,world beach volley,1,1,main,main,World Beach Volley,World Beach Volley,SAME,0,,,
World Class Bowling (v1.66),World Class Bowling,worldclassbowling,world class bowling,1,1,main,main,World Class Bowling,World Class Bowling,SAME,0,,,
World Class Bowling Deluxe (v2.00),World Class Bowling Deluxe,worldclassbowlingdeluxe,world class bowling deluxe,1,1,main,main,World Class Bowling Deluxe,World Class Bowling Deluxe,SAME,0,,,
World Class Bowling Tournament (v1.40),World Class Bowling Tournament,worldclassbowlingtournament,world class bowling tournament,1,1,main,main,World Class Bowling Tournament,World Class Bowling Tournament,SAME,0,,,
World Cup Volley '95 (Asia v1.0),World Cup Volley '95,worldcupvolley95,world cup volley 95,0,0,,,,,SAME,0,,,
"World Darts (Arcadia, set 1, V 2.1)",World Darts,worlddarts,world darts,1,1,main,main,World Darts,World Darts,SAME,0,,,
World PK Soccer V2 (ver 1.1),World PK Soccer V2,worldpksoccerv2,world pk soccer v2,1,1,main,main,World PK Soccer V2,World PK Soccer V2,SAME,0,,,
"World Rally (version 1.0, checksum 0E56)",World Rally,worldrally,world rally,1,1,main,main,World Rally,World Rally,SAME,0,,,
World Rally 2 Twin Racing (EPROM version),World Rally 2 Twin Racing,worldrally2twinracing,world rally 2 twin racing,1,1,main,main,World Rally 2: Twin Racing,World Rally 2: Twin Racing,SAME,0,,,
World Rally 2 Twin Racing (mask ROM version),World Rally 2 Twin Racing,worldrally2twinracing,world rally 2 twin racing,1,1,main,main,World Rally 2: Twin Racing,World Rally 2: Twin Racing,SAME,0,,,
World Soccer Finals (rev 4),World Soccer Finals,worldsoccerfinals,world soccer finals,1,1,main,main,World Soccer Finals,World Soccer Finals,SAME,0,,,
"World Trophy Soccer (Arcadia, V 3.0)",World Trophy Soccer,worldtrophysoccer,world trophy soccer,1,1,main,main,World Trophy Soccer,World Trophy Soccer,SAME,0,,,
World Wars (World),World Wars,worldwars,world wars,0,0,,,,,SAME,0,,,
WOW New Fantasia (Explicit),WOW New Fantasia,wownewfantasia,wow new fantasia,1,1,main,main,WOW New Fantasia,WOW New Fantasia,SAME,0,,,
"Wrestle War (set 3, World) (8751 317-0103)",Wrestle War,wrestlewar,wrestle war,1,1,main,main,Wrestle War,Wrestle War,SAME,0,,,
Wully Bully,Wully Bully,wullybully,wully bully,1,1,main,main,Wully Bully,Wully Bully,SAME,0,,,
WWF Superstars (Europe),WWF Superstars,wwfsuperstars,wwf superstars,1,1,main,main,WWF Superstars,WWF Superstars,SAME,0,,,
WWF WrestleFest (World),WWF WrestleFest,wwfwrestlefest,wwf wrestlefest,1,1,main,main,WWF WrestleFest,WWF WrestleFest,SAME,0,,,
WWF: Wrestlemania (rev 1.30 08/10/95),WWF: Wrestlemania,wwfwrestlemania,wwf wrestlemania,1,1,main,main,WWF Wrestlemania,WWF Wrestlemania,SAME,0,,,
Wyvern F-0 (Rev 1),Wyvern F-0,wyvernf0,wyvern f 0,1,1,main,main,Wyvern F-0,Wyvern F-0,SAME,0,,,
"X Multiply (World, M81 hardware)",X Multiply,xmultiply,x multiply,1,1,main,main,X Multiply,X Multiply,SAME,0,,,
X the Ball,X the Ball,xtheball,x the ball,1,1,main,main,X the Ball,X the Ball,SAME,0,,,
X2222 (final debug),X2222,x2222,x2222,1,1,main,main,X2222,X2222,SAME,0,,,
"Xain'd Sleena (SC 3.0, Magnet System)",Xain'd Sleena,xaindsleena,xain d sleena,0,0,,,,,SAME,0,,,
Xain'd Sleena (World),Xain'd Sleena,xaindsleena,xain d sleena,0,0,,,,,SAME,0,,,
"Xenon (Arcadia, V 2.3)",Xenon,xenon,xenon,1,1,main,main,Xenon,Xenon,SAME,0,,,
Xenophobe,Xenophobe,xenophobe,xenophobe,1,1,main,main,Xenophobe,Xenophobe,SAME,0,,,
Xevious (Namco),Xevious,xevious,xevious,1,1,main,main,Xevious,Xevious,SAME,0,,,
Xexex (ver EAA),Xexex,xexex,xexex,1,1,main,main,Xexex,Xexex,SAME,0,,,
XII Stag (V2.01J 2002626 2227),XII Stag,xiistag,xii stag,1,1,main,main,XII Stag,XII Stag,SAME,0,,,
X-Men (4 Players ver EBA),X-Men,xmen,x men,1,1,main,main,X-Men,X-Men,SAME,0,,,
XX Mission,XX Mission,xxmission,xx mission,1,1,main,main,XX Mission,XX Mission,SAME,0,,,
Xybots (rev 2),Xybots,xybots,xybots,1,1,main,main,Xybots,Xybots,SAME,0,,,
Xyonix,Xyonix,xyonix,xyonix,1,1,main,main,Xyonix,Xyonix,SAME,0,,,
Yachtsman,Yachtsman,yachtsman,yachtsman,0,0,,,,,SAME,0,,,
Yam! Yam!,Yam! Yam!,yamyam,yam yam,1,1,main,main,Yam! Yam!?,Yam! Yam!?,SAME,0,,,
Yamato (set 1),Yamato,yamato,yamato,1,1,main,main,Yamato,Yamato,SAME,0,,,
Yie Ar Kung-Fu (version I),Yie Ar Kung-Fu,yiearkungfu,yie ar kung fu,1,1,main,main,Yie Ar Kung-Fu,Yie Ar Kung-Fu,SAME,0,,,
Yosaku to Donbei (set 1),Yosaku to Donbei,yosakutodonbei,yosaku to donbei,1,1,main,main,Yosaku To Donbei,Yosaku To Donbei,SAME,0,,,
Youjyuden (Japan),Youjyuden,youjyuden,youjyuden,1,1,main,main,Youjyuden,Youjyuden,SAME,0,,,
Yu-Gi-Oh Monster Capsule,Yu-Gi-Oh Monster Capsule,yugiohmonstercapsule,yu gi oh monster capsule,1,1,main,main,Yu-Gi-Oh Monster Capsule,Yu-Gi-Oh Monster Capsule,SAME,0,,,
Zarzon,Zarzon,zarzon,zarzon,1,1,main,main,Zarzon,Zarzon,SAME,0,,,
Zaviga,Zaviga,zaviga,zaviga,1,1,main,main,Zaviga,Zaviga,SAME,0,,,
"Zaxxon (set 1, rev D)",Zaxxon,zaxxon,zaxxon,1,1,main,main,Zaxxon,Zaxxon,SAME,0,,,
Zektor (revision B),Zektor,zektor,zektor,1,1,main,main,Zektor,Zektor,SAME,0,,,
Zen Nippon Pro-Wres Featuring Virtua (J 971123 V1.000),Zen Nippon Pro-Wres Featuring Virtua,zennipponprowresfeaturingvirtua,zen nippon pro wres featuring virtua,0,0,,,,,SAME,0,,,
Zenkoku Seifuku Bishoujo Grand Prix Find Love (J 971212 V1.000),Zenkoku Seifuku Bishoujo Grand Prix Find Love,zenkokuseifukubishoujograndprixfindlove,zenkoku seifuku bishoujo grand prix find love,1,1,main,main,Zenkoku Seifuku Bishoujo Grand Prix Find Love,Zenkoku Seifuku Bishoujo Grand Prix Find Love,SAME,0,,,
Zero Hour (set 1),Zero Hour,zerohour,zero hour,1,1,main,main,Zero Hour,Zero Hour,SAME,0,,,
Zero Point (set 1),Zero Point,zeropoint,zero point,1,1,main,main,Zero Point,Zero Point,SAME,0,,,
Zero Point 2,Zero Point 2,zeropoint2,zero point 2,1,1,main,main,Zero Point 2,Zero Point 2,SAME,0,,,
"Zero Target (World, CW)",Zero Target,zerotarget,zero target,1,1,main,main,Zero Target,Zero Target,SAME,0,,,
Zero Team USA (2000 version),Zero Team USA,zeroteamusa,zero team usa,1,1,main,main,Zero Team USA,Zero Team USA,SAME,0,,,
Zero Wing (2P set),Zero Wing,zerowing,zero wing,1,1,main,main,Zero Wing,Zero Wing,SAME,0,,,
Zero Zone,Zero Zone,zerozone,zero zone,1,1,main,main,Zero Zone,Zero Zone,SAME,0,,,
Zeroize (DECO Cassette) (US),Zeroize,zeroize,zeroize,1,1,main,main,Zeroize,Zeroize,SAME,0,,,
Zing Zing Zip (World)  Zhen Zhen Ji Pao (China),Zing Zing Zip  Zhen Zhen Ji Pao,zingzingzipzhenzhenjipao,zing zing zip zhen zhen ji pao,0,0,,,,,SAME,0,,,
Zip &amp;amp;amp;amp; Zap (Explicit),Zip &amp;amp;amp;amp; Zap,zipampampampampzap,zip amp amp amp amp zap,0,0,,,,,SAME,0,,,
Zoar,Zoar,zoar,zoar,1,1,main,main,Zoar,Zoar,SAME,0,,,
Zodiack,Zodiack,zodiack,zodiack,1,1,main,main,Zodiack,Zodiack,SAME,0,,,
"Zombie Raid (9/28/95, US)",Zombie Raid,zombieraid,zombie raid,1,1,main,main,Zombie Raid,Zombie Raid,SAME,0,,,
Zoo Keeper (set 1),Zoo Keeper,zookeeper,zoo keeper,1,1,main,main,Zoo Keeper,Zoo Keeper,SAME,0,,,
Zoom 909,Zoom 909,zoom909,zoom 909,0,0,,,,,SAME,0,,,
Zooo (V2.01JA 20040413 1200),Zooo,zooo,zooo,1,1,main,main,Zooo,Zooo,SAME,0,,,
Zunzunkyou no Yabou (Japan),Zunzunkyou no Yabou,zunzunkyounoyabou,zunzunkyou no yabou,1,1,main,main,Zunzunkyou no Yabou,Zunzunkyou no Yabou,SAME,0,,,
Zwackery,Zwackery,zwackery,zwackery,1,1,main,main,Zwackery,Zwackery,SAME,0,,,
Zzyzzyxx (set 1),Zzyzzyxx,zzyzzyxx,zzyzzyxx,1,1,main,main,Zzyzzyxx,Zzyzzyxx,SAME,0,,,
